[
  {
    "id": "advice-1",
    "final": null,
    "termination": "budget",
    "termination_reason": "identical_success_budget_exhausted",
    "termination_evidence": {
      "schema_version": "rwkv-lh.causal-event.v2",
      "event_id": "CE-000053",
      "run_id": "query-repair",
      "sequence": 53,
      "parent_id": "CE-000052",
      "cause_id": "CE-000052",
      "subject_id": "query-repair",
      "event_type": "run_yielded",
      "payload_schema": "rwkv-lh.run-yielded.v1",
      "payload": {
        "reason": "identical_success_budget_exhausted",
        "boundary_type": "run_interrupted",
        "resumable": true,
        "termination_permitted": false,
        "continuation": "controller_resume",
        "candidate_decision_id": "",
        "candidate_output_source": "none",
        "candidate_output_sha256": "e3b0c44298fc1c149afbf4c8996fb92427ae41e4649b934ca495991b7852b855",
        "candidate_output": "",
        "at": "2026-09-14T03:57:23.704+00:00"
      },
      "created_at": "2026-09-14T03:57:23.713+00:00",
      "digest": "1f0e878c77dca8fc9338ba7d12626b0a7bdddb7ecf02caf529d5c4bb7b81be7d"
    },
    "command_executions": [],
    "acceptance": "not_evaluated",
    "assistance": "strong_advised",
    "execution_model": "rwkv7-g1j-13.3b-zero-state-capability-ctx16384",
    "execution_authority": "rwkv",
    "continuation": {
      "directory": "/home/chase/GitHub/RWKV-LH/data/experiments/RWKV_QUERY_REPAIR_FEEDBACK_R1_20260914/runs/repeat-1/execution",
      "parent_checkpoint_id": "CP-e2061d364753473f",
      "parent_final_decision_id": "",
      "historical_actions": 10,
      "parent_generation_started": 11,
      "parent_state_sha256": "51cf3759e565fcedfa594a29cbadd2b374cd12557cec6ff5362646cf807a6325",
      "advice_model": "deepseek-flash"
    },
    "error": null,
    "status": "running",
    "trace_complete": true,
    "trace_errors": [],
    "tool_scope": "coding",
    "generation_started": 1,
    "protocol_rejections": 1,
    "actions": [
      {
        "action_id": "A00001",
        "sequence": 1,
        "status": "succeeded",
        "action_type": "list_directory",
        "arguments": {
          "path": ".",
          "recursive": true,
          "max_entries": 100,
          "max_tokens": 4096,
          "start_after": ""
        },
        "wire_arguments": {
          "path": ".",
          "recursive": true,
          "max_entries": 100,
          "max_tokens": 4096,
          "start_after": ""
        },
        "action_fingerprint": "327b784b64b6a37923db99c49dd04b05d54314d58e3ee8d1c7b39a5bb6b54682",
        "idempotency_key": "b08ac6690ba4d41de4b2f665828ae7870e1b61972e5fd152578e0103ce0b924f",
        "decision_id": "D-7740723c76a34dc3",
        "request_id": "MR-045b1dbbc3de4b0d",
        "started_at": "2026-09-14T01:05:02.698+00:00",
        "ended_at": "2026-09-14T01:05:02.728+00:00",
        "result": {
          "action_type": "list_directory",
          "success": true,
          "output": "{\"entries\": [{\"path\": \"README.md\", \"size_bytes\": 2194, \"type\": \"file\"}, {\"path\": \"docs\", \"type\": \"directory\"}, {\"path\": \"docs/welcome.md\", \"size_bytes\": 43, \"type\": \"file\"}, {\"path\": \"docs/团队\", \"type\": \"directory\"}, {\"path\": \"docs/团队/notes.txt\", \"size_bytes\": 46, \"type\": \"file\"}, {\"path\": \"document_index\", \"type\": \"directory\"}, {\"path\": \"document_index/__init__.py\", \"size_bytes\": 0, \"type\": \"file\"}, {\"path\": \"document_index/documents.py\", \"size_bytes\": 510, \"type\": \"file\"}, {\"path\": \"document_index/query.py\", \"size_bytes\": 759, \"type\": \"file\"}, {\"path\": \"document_index/store.py\", \"size_bytes\": 1789, \"type\": \"file\"}, {\"path\": \"index_cli.py\", \"size_bytes\": 1492, \"type\": \"file\"}, {\"path\": \"test_failure.txt\", \"size_bytes\": 772, \"type\": \"file\"}, {\"path\": \"test_query_limit.py\", \"size_bytes\": 1725, \"type\": \"file\"}], \"entry_count\": 13, \"next_cursor\": \"\", \"path\": \".\", \"recursive\": true, \"truncated\": false}",
          "exit_code": null,
          "artifacts": [],
          "evidence": [],
          "metadata": {
            "path": ".",
            "recursive": true,
            "entries": [
              {
                "path": "README.md",
                "type": "file",
                "size_bytes": 2194
              },
              {
                "path": "docs",
                "type": "directory"
              },
              {
                "path": "docs/welcome.md",
                "type": "file",
                "size_bytes": 43
              },
              {
                "path": "docs/团队",
                "type": "directory"
              },
              {
                "path": "docs/团队/notes.txt",
                "type": "file",
                "size_bytes": 46
              },
              {
                "path": "document_index",
                "type": "directory"
              },
              {
                "path": "document_index/__init__.py",
                "type": "file",
                "size_bytes": 0
              },
              {
                "path": "document_index/documents.py",
                "type": "file",
                "size_bytes": 510
              },
              {
                "path": "document_index/query.py",
                "type": "file",
                "size_bytes": 759
              },
              {
                "path": "document_index/store.py",
                "type": "file",
                "size_bytes": 1789
              },
              {
                "path": "index_cli.py",
                "type": "file",
                "size_bytes": 1492
              },
              {
                "path": "test_failure.txt",
                "type": "file",
                "size_bytes": 772
              },
              {
                "path": "test_query_limit.py",
                "type": "file",
                "size_bytes": 1725
              }
            ],
            "entry_count": 13,
            "truncated": false,
            "next_cursor": "",
            "complete": true
          },
          "error": null,
          "outcome_type": "success"
        },
        "artifact_refs": [],
        "workspace_digest_before": "f3f38ce5db72edef2976924400f7f5beb8275266ff082a1d20ee38fe40fb4e31",
        "workspace_digest_after": "f3f38ce5db72edef2976924400f7f5beb8275266ff082a1d20ee38fe40fb4e31",
        "failure_key": "",
        "observation_fingerprint": "6bc9d565fbf0c9c85c6a16c4283d00c499b5affdeb19ce73e06fcfbb542ff145",
        "error": null,
        "outcome_type": "success",
        "atom_execution_contract_digest": ""
      },
      {
        "action_id": "A00002",
        "sequence": 2,
        "status": "succeeded",
        "action_type": "read_file",
        "arguments": {
          "path": "test_query_limit.py",
          "start_byte": 0,
          "max_tokens": 4096
        },
        "wire_arguments": {
          "path": "test_query_limit.py"
        },
        "action_fingerprint": "31f594e409374f6a2671afcd428887e72c0075ad596c856199fe03810f525428",
        "idempotency_key": "769c52820cb389078f2a5d5fe5b335455778345bc9e928fe3f72fedb1aaf2975",
        "decision_id": "D-cf8b4c2bc455459b",
        "request_id": "MR-c0f70baa6a4743ea",
        "started_at": "2026-09-14T01:06:01.432+00:00",
        "ended_at": "2026-09-14T01:06:01.467+00:00",
        "result": {
          "action_type": "read_file",
          "success": true,
          "output": "import json\nimport subprocess\nimport sys\nimport tempfile\nimport unittest\nfrom pathlib import Path\nfrom document_index.query import query\nROOT=Path(__file__).resolve().parent\nclass LimitTests(unittest.TestCase):\n    def test_query_limit(self):\n        with tempfile.TemporaryDirectory() as tmp:\n            p=Path(tmp); docs=p/'docs'; docs.mkdir(); db=p/'index.db'\n            for name in ('c.md','a.md','b.md'):\n                (docs/name).write_text('hello world')\n            def cli(*args):\n                return subprocess.run([sys.executable,'-B',str(ROOT/'index_cli.py'),*args],cwd=ROOT,capture_output=True,text=True)\n            self.assertEqual(cli('sync','--root',str(docs),'--db',str(db)).returncode,0)\n            full={'count':3,'matches':[{'path':n} for n in ('a.md','b.md','c.md')]}\n            self.assertEqual(query(db,'hello'),full)\n            self.assertEqual(json.loads(cli('query','--db',str(db),'--text','hello').stdout),full)\n            for limit in (1,2,5):\n                expected={'count':min(limit,3),'matches':full['matches'][:limit]}\n                self.assertEqual(query(db,'hello',limit=limit),expected)\n                result=cli('query','--db',str(db),'--text','hello','--limit',str(limit))\n                self.assertEqual(result.returncode,0,result.stderr)\n                self.assertEqual(json.loads(result.stdout),expected)\n            self.assertEqual(query(db,'absent',limit=1),{'count':0,'matches':[]})\n            for invalid in (0,-1):\n                with self.assertRaises(ValueError): query(db,'hello',limit=invalid)\n                self.assertNotEqual(cli('query','--db',str(db),'--text','hello','--limit',str(invalid)).returncode,0)\nif __name__=='__main__': unittest.main()\n",
          "exit_code": null,
          "artifacts": [
            {
              "path": "test_query_limit.py",
              "sha256": "3d08f872136753c27a00cb226120cc081247b00282252897d675861c0136d2d3",
              "media_type": "text/x-python",
              "size_bytes": 1725,
              "summary": ""
            }
          ],
          "evidence": [],
          "metadata": {
            "chunk": {
              "chunk_id": "CH-CURSOR-f89624455eda026a",
              "source_ref": "test_query_limit.py",
              "source_sha256": "3d08f872136753c27a00cb226120cc081247b00282252897d675861c0136d2d3",
              "media_type": "text/plain",
              "byte_start": 0,
              "byte_end": 1725,
              "core_start": 0,
              "core_end": 1725,
              "overlap_before": 0,
              "overlap_after": 0,
              "chunk_sha256": "3d08f872136753c27a00cb226120cc081247b00282252897d675861c0136d2d3",
              "split_strategy_version": "rwkv-token-cursor.v1",
              "previous_chunk_id": null,
              "next_chunk_id": null,
              "complete_source": true,
              "token_start": 0,
              "token_end": 488
            },
            "start_byte": 0,
            "end_byte": 1725,
            "next_start_byte": null,
            "truncated": false,
            "complete": true,
            "eof": true,
            "source_size_bytes": 1725,
            "observed_tokens": 488,
            "source_start_line": 1,
            "source_end_line": 31
          },
          "error": null,
          "outcome_type": "success"
        },
        "artifact_refs": [
          "ART-bc6e4a0a379c08481e5d"
        ],
        "workspace_digest_before": "f3f38ce5db72edef2976924400f7f5beb8275266ff082a1d20ee38fe40fb4e31",
        "workspace_digest_after": "f3f38ce5db72edef2976924400f7f5beb8275266ff082a1d20ee38fe40fb4e31",
        "failure_key": "",
        "observation_fingerprint": "0d5d438bc4859e4f04db46035eefe58cdb982085d2295ca64277bad893d662fc",
        "error": null,
        "outcome_type": "success",
        "atom_execution_contract_digest": ""
      },
      {
        "action_id": "A00003",
        "sequence": 3,
        "status": "succeeded",
        "action_type": "read_file",
        "arguments": {
          "path": "test_failure.txt",
          "start_byte": 0,
          "max_tokens": 4096
        },
        "wire_arguments": {
          "path": "test_failure.txt"
        },
        "action_fingerprint": "2d1c80bd6bd2c9cb1608be3e5932613a3014a30cf00161862f36125b5fe29975",
        "idempotency_key": "166f5c64a4b7c6931c419e02d92cf21a506e1270e37120f63bb8bebe3de610ff",
        "decision_id": "D-85887e5ea9134ba5",
        "request_id": "MR-f36592c9ec654076",
        "started_at": "2026-09-14T01:06:30.960+00:00",
        "ended_at": "2026-09-14T01:06:30.993+00:00",
        "result": {
          "action_type": "read_file",
          "success": true,
          "output": "E\n======================================================================\nERROR: test_query_limit (__main__.LimitTests.test_query_limit)\n----------------------------------------------------------------------\nTraceback (most recent call last):\n  File \"/workspace/test_query_limit.py\", line 19, in test_query_limit\n    self.assertEqual(query(db,'hello'),full)\n                     ~~~~~^^^^^^^^^^^^\n  File \"/workspace/document_index/query.py\", line 14, in query\n    rows = connection.execute('SELECT path FROM documents WHERE instr(search,?) > 0 ORDER BY path', (normalize(text),)).fetchmany(limit if limit is not None else -1)\nValueError: value must be positive\n\n----------------------------------------------------------------------\nRan 1 test in 0.025s\n\nFAILED (errors=1)\n",
          "exit_code": null,
          "artifacts": [
            {
              "path": "test_failure.txt",
              "sha256": "d9997790737b10075f370f05d1685aa8807db54c917aaa0a308cfbf0f36fd58d",
              "media_type": "text/plain",
              "size_bytes": 772,
              "summary": ""
            }
          ],
          "evidence": [],
          "metadata": {
            "chunk": {
              "chunk_id": "CH-CURSOR-5f0d70c0dfd69f3a",
              "source_ref": "test_failure.txt",
              "source_sha256": "d9997790737b10075f370f05d1685aa8807db54c917aaa0a308cfbf0f36fd58d",
              "media_type": "text/plain",
              "byte_start": 0,
              "byte_end": 772,
              "core_start": 0,
              "core_end": 772,
              "overlap_before": 0,
              "overlap_after": 0,
              "chunk_sha256": "d9997790737b10075f370f05d1685aa8807db54c917aaa0a308cfbf0f36fd58d",
              "split_strategy_version": "rwkv-token-cursor.v1",
              "previous_chunk_id": null,
              "next_chunk_id": null,
              "complete_source": true,
              "token_start": 0,
              "token_end": 167
            },
            "start_byte": 0,
            "end_byte": 772,
            "next_start_byte": null,
            "truncated": false,
            "complete": true,
            "eof": true,
            "source_size_bytes": 772,
            "observed_tokens": 167,
            "source_start_line": 1,
            "source_end_line": 16
          },
          "error": null,
          "outcome_type": "success"
        },
        "artifact_refs": [
          "ART-b7e63d34afb32f8c961e"
        ],
        "workspace_digest_before": "f3f38ce5db72edef2976924400f7f5beb8275266ff082a1d20ee38fe40fb4e31",
        "workspace_digest_after": "f3f38ce5db72edef2976924400f7f5beb8275266ff082a1d20ee38fe40fb4e31",
        "failure_key": "",
        "observation_fingerprint": "8898292d0fa0925980096b64a6f8ec7f9671f147c5782e19750de6d8b3998640",
        "error": null,
        "outcome_type": "success",
        "atom_execution_contract_digest": ""
      },
      {
        "action_id": "A00004",
        "sequence": 4,
        "status": "succeeded",
        "action_type": "read_file",
        "arguments": {
          "path": "document_index/query.py",
          "start_byte": 0,
          "max_tokens": 4096
        },
        "wire_arguments": {
          "path": "document_index/query.py"
        },
        "action_fingerprint": "c5ee139720305ed64cc94e04c0667343fc01bb0096b3c04fc30afdb9bcdbed30",
        "idempotency_key": "84a29f025df0b1c3e2dbd438baead5cd4922e77616548b4e26e351d09aa75c66",
        "decision_id": "D-262e4e532c024342",
        "request_id": "MR-021a13aa0d4c41f0",
        "started_at": "2026-09-14T01:07:00.542+00:00",
        "ended_at": "2026-09-14T01:07:00.576+00:00",
        "result": {
          "action_type": "read_file",
          "success": true,
          "output": "from __future__ import annotations\nfrom typing import Optional\n\nfrom .documents import normalize\nfrom .store import existing\n\ndef query(database, text: str, limit: Optional[int] = None) -> dict:\n    if not text.strip():\n        raise ValueError('query must be nonempty')\n    if limit is not None:\n        if isinstance(limit, bool) or not isinstance(limit, int) or limit <= 0:\n            raise ValueError('limit must be a positive integer')\n    with existing(database) as connection:\n        rows = connection.execute('SELECT path FROM documents WHERE instr(search,?) > 0 ORDER BY path', (normalize(text),)).fetchmany(limit if limit is not None else -1)\n    matches = [{'path': row[0]} for row in rows]\n    return {'count': len(matches), 'matches': matches}\n",
          "exit_code": null,
          "artifacts": [
            {
              "path": "document_index/query.py",
              "sha256": "cca1a251c41e1b5e7d60f81ef704228ee14ceaee7768c5364d9fadb7978593ff",
              "media_type": "text/x-python",
              "size_bytes": 759,
              "summary": ""
            }
          ],
          "evidence": [],
          "metadata": {
            "chunk": {
              "chunk_id": "CH-CURSOR-927588d194501bd2",
              "source_ref": "document_index/query.py",
              "source_sha256": "cca1a251c41e1b5e7d60f81ef704228ee14ceaee7768c5364d9fadb7978593ff",
              "media_type": "text/plain",
              "byte_start": 0,
              "byte_end": 759,
              "core_start": 0,
              "core_end": 759,
              "overlap_before": 0,
              "overlap_after": 0,
              "chunk_sha256": "cca1a251c41e1b5e7d60f81ef704228ee14ceaee7768c5364d9fadb7978593ff",
              "split_strategy_version": "rwkv-token-cursor.v1",
              "previous_chunk_id": null,
              "next_chunk_id": null,
              "complete_source": true,
              "token_start": 0,
              "token_end": 184
            },
            "start_byte": 0,
            "end_byte": 759,
            "next_start_byte": null,
            "truncated": false,
            "complete": true,
            "eof": true,
            "source_size_bytes": 759,
            "observed_tokens": 184,
            "source_start_line": 1,
            "source_end_line": 16
          },
          "error": null,
          "outcome_type": "success"
        },
        "artifact_refs": [
          "ART-bc917e422f9060fd71e5"
        ],
        "workspace_digest_before": "f3f38ce5db72edef2976924400f7f5beb8275266ff082a1d20ee38fe40fb4e31",
        "workspace_digest_after": "f3f38ce5db72edef2976924400f7f5beb8275266ff082a1d20ee38fe40fb4e31",
        "failure_key": "",
        "observation_fingerprint": "43b7729b894cfdf2a3a823291cf2821069b6e878143238455fa2dbdfc4fbd3af",
        "error": null,
        "outcome_type": "success",
        "atom_execution_contract_digest": ""
      },
      {
        "action_id": "A00005",
        "sequence": 5,
        "status": "succeeded",
        "action_type": "read_file",
        "arguments": {
          "path": "document_index/documents.py",
          "start_byte": 0,
          "max_tokens": 4096
        },
        "wire_arguments": {
          "path": "document_index/documents.py"
        },
        "action_fingerprint": "cbb9ce80481297bf4f49305e79fc5f766d7c8448245457c9492f3d9106d86896",
        "idempotency_key": "db455e0cfde6715069ea860a142c87298aafd26c647be2051392029b3d677ec8",
        "decision_id": "D-f5cdde44e0a64b13",
        "request_id": "MR-faa82c1f2f014cfd",
        "started_at": "2026-09-14T01:07:30.071+00:00",
        "ended_at": "2026-09-14T01:07:30.108+00:00",
        "result": {
          "action_type": "read_file",
          "success": true,
          "output": "from __future__ import annotations\nimport hashlib\nimport pathlib\n\ndef normalize(value):\n    return value.lower()\n\ndef collect(root):\n    rows = []\n    for path in sorted(root.glob('**/*.md')):\n        content = path.read_bytes()\n        text = content.decode('utf-8', errors='replace')\n        rows.append({'path': path.name, 'content': text,\n                     'digest': hashlib.sha256(content).hexdigest(),\n                     'search': normalize(text), 'mtime': path.stat().st_mtime_ns})\n    return rows\n",
          "exit_code": null,
          "artifacts": [
            {
              "path": "document_index/documents.py",
              "sha256": "e40ea5dcaab8f0278ce2370adb8af3472c0351c6d679183d11a014d5b86793cd",
              "media_type": "text/x-python",
              "size_bytes": 510,
              "summary": ""
            }
          ],
          "evidence": [],
          "metadata": {
            "chunk": {
              "chunk_id": "CH-CURSOR-d1cb78c59268c3b7",
              "source_ref": "document_index/documents.py",
              "source_sha256": "e40ea5dcaab8f0278ce2370adb8af3472c0351c6d679183d11a014d5b86793cd",
              "media_type": "text/plain",
              "byte_start": 0,
              "byte_end": 510,
              "core_start": 0,
              "core_end": 510,
              "overlap_before": 0,
              "overlap_after": 0,
              "chunk_sha256": "e40ea5dcaab8f0278ce2370adb8af3472c0351c6d679183d11a014d5b86793cd",
              "split_strategy_version": "rwkv-token-cursor.v1",
              "previous_chunk_id": null,
              "next_chunk_id": null,
              "complete_source": true,
              "token_start": 0,
              "token_end": 134
            },
            "start_byte": 0,
            "end_byte": 510,
            "next_start_byte": null,
            "truncated": false,
            "complete": true,
            "eof": true,
            "source_size_bytes": 510,
            "observed_tokens": 134,
            "source_start_line": 1,
            "source_end_line": 16
          },
          "error": null,
          "outcome_type": "success"
        },
        "artifact_refs": [
          "ART-7855179d81cbc132a2e0"
        ],
        "workspace_digest_before": "f3f38ce5db72edef2976924400f7f5beb8275266ff082a1d20ee38fe40fb4e31",
        "workspace_digest_after": "f3f38ce5db72edef2976924400f7f5beb8275266ff082a1d20ee38fe40fb4e31",
        "failure_key": "",
        "observation_fingerprint": "0f78f7195631cf95e8ea14203a389b2b552a4c02c63ba60403c94eebc110b746",
        "error": null,
        "outcome_type": "success",
        "atom_execution_contract_digest": ""
      },
      {
        "action_id": "A00006",
        "sequence": 6,
        "status": "succeeded",
        "action_type": "read_file",
        "arguments": {
          "path": "document_index/store.py",
          "start_byte": 0,
          "max_tokens": 4096
        },
        "wire_arguments": {
          "path": "document_index/store.py"
        },
        "action_fingerprint": "07d86f0a85425e041241d666cc397cfcd24dab12be6e194e3972d802a24e7608",
        "idempotency_key": "e9904d3251bd748b41af99266c5371c69fe92b598f8100d13129e9fb183d1564",
        "decision_id": "D-e4fa6092e98c401c",
        "request_id": "MR-777c939903584e16",
        "started_at": "2026-09-14T01:08:00.171+00:00",
        "ended_at": "2026-09-14T01:08:00.212+00:00",
        "result": {
          "action_type": "read_file",
          "success": true,
          "output": "from __future__ import annotations\nimport sqlite3\n\ndef existing(database):\n    return sqlite3.connect(database)\n\ndef synchronize(database, root, documents):\n    with sqlite3.connect(database) as connection:\n        connection.execute('CREATE TABLE IF NOT EXISTS documents (path TEXT PRIMARY KEY, content TEXT NOT NULL, digest TEXT NOT NULL, search TEXT NOT NULL, mtime INTEGER NOT NULL)')\n        connection.execute('CREATE TABLE IF NOT EXISTS metadata (key TEXT PRIMARY KEY, value TEXT NOT NULL)')\n        metadata = dict(connection.execute('SELECT key,value FROM metadata'))\n        old = dict(connection.execute('SELECT path,mtime FROM documents'))\n        counts = {'added': 0, 'updated': 0, 'deleted': 0, 'unchanged': 0}\n        for row in documents:\n            if old.get(row['path']) == row['mtime']:\n                counts['unchanged'] += 1\n                continue\n            counts['updated' if row['path'] in old else 'added'] += 1\n            connection.execute('INSERT OR REPLACE INTO documents VALUES (?,?,?,?,?)', (row['path'], row['content'], row['digest'], row['search'], row['mtime']))\n            connection.commit()\n        generation = int(metadata.get('generation', '0')) + 1\n        connection.execute(\"INSERT OR REPLACE INTO metadata VALUES ('root',?)\", (str(root),))\n        connection.execute(\"INSERT OR REPLACE INTO metadata VALUES ('generation',?)\", (str(generation),))\n        return {**counts, 'generation': generation}\n\ndef status(database):\n    with existing(database) as connection:\n        metadata = dict(connection.execute('SELECT key,value FROM metadata'))\n        count = connection.execute('SELECT COUNT(*) FROM documents').fetchone()[0]\n        return {'document_count': count, 'generation': int(metadata['generation']), 'root': metadata['root']}\n",
          "exit_code": null,
          "artifacts": [
            {
              "path": "document_index/store.py",
              "sha256": "e4361550a79cddee0af5821d2bfc4b1e32dbb5cddd4e0528d92d458854b02e03",
              "media_type": "text/x-python",
              "size_bytes": 1789,
              "summary": ""
            }
          ],
          "evidence": [],
          "metadata": {
            "chunk": {
              "chunk_id": "CH-CURSOR-f7730879d0fd3eae",
              "source_ref": "document_index/store.py",
              "source_sha256": "e4361550a79cddee0af5821d2bfc4b1e32dbb5cddd4e0528d92d458854b02e03",
              "media_type": "text/plain",
              "byte_start": 0,
              "byte_end": 1789,
              "core_start": 0,
              "core_end": 1789,
              "overlap_before": 0,
              "overlap_after": 0,
              "chunk_sha256": "e4361550a79cddee0af5821d2bfc4b1e32dbb5cddd4e0528d92d458854b02e03",
              "split_strategy_version": "rwkv-token-cursor.v1",
              "previous_chunk_id": null,
              "next_chunk_id": null,
              "complete_source": true,
              "token_start": 0,
              "token_end": 412
            },
            "start_byte": 0,
            "end_byte": 1789,
            "next_start_byte": null,
            "truncated": false,
            "complete": true,
            "eof": true,
            "source_size_bytes": 1789,
            "observed_tokens": 412,
            "source_start_line": 1,
            "source_end_line": 30
          },
          "error": null,
          "outcome_type": "success"
        },
        "artifact_refs": [
          "ART-37557bdcdc61b103b15e"
        ],
        "workspace_digest_before": "f3f38ce5db72edef2976924400f7f5beb8275266ff082a1d20ee38fe40fb4e31",
        "workspace_digest_after": "f3f38ce5db72edef2976924400f7f5beb8275266ff082a1d20ee38fe40fb4e31",
        "failure_key": "",
        "observation_fingerprint": "1f6d7ea364d56eaefdb894835cd69cf22895769db8ef15b119b1d82f66c10ca1",
        "error": null,
        "outcome_type": "success",
        "atom_execution_contract_digest": ""
      },
      {
        "action_id": "A00007",
        "sequence": 7,
        "status": "succeeded",
        "action_type": "read_file",
        "arguments": {
          "path": "index_cli.py",
          "start_byte": 0,
          "max_tokens": 4096
        },
        "wire_arguments": {
          "path": "index_cli.py"
        },
        "action_fingerprint": "c5541e52d130945d6cdb1643a84555a84347074aa57dd690e1ce0c45f9ae4d6b",
        "idempotency_key": "c79dff1e8995f8a615594685cb9348c1290e5d4464280bf0a59b7a36ec2d442d",
        "decision_id": "D-aa90e998b3314a1f",
        "request_id": "MR-f20d6f4458d54d8e",
        "started_at": "2026-09-14T01:08:29.909+00:00",
        "ended_at": "2026-09-14T01:08:29.952+00:00",
        "result": {
          "action_type": "read_file",
          "success": true,
          "output": "from __future__ import annotations\nimport argparse\nimport json\nimport sys\nfrom pathlib import Path\nfrom document_index.documents import collect\nfrom document_index.store import synchronize, status\nfrom document_index.query import query\n\ndef main():\n    parser = argparse.ArgumentParser(description='Incremental Unicode document index')\n    commands = parser.add_subparsers(dest='command', required=True)\n    sync = commands.add_parser('sync'); sync.add_argument('--root', required=True); sync.add_argument('--db', required=True)\n    find = commands.add_parser('query'); find.add_argument('--db', required=True); find.add_argument('--text', required=True); find.add_argument('--limit', type=int, default=None)\n    info = commands.add_parser('status'); info.add_argument('--db', required=True)\n    arguments = parser.parse_args()\n    try:\n        database = Path(arguments.db)\n        if arguments.command == 'sync':\n            root = Path(arguments.root).resolve()\n            result = synchronize(database, root, collect(root))\n        elif arguments.command == 'query':\n            result = query(database, arguments.text, limit=arguments.limit)\n        else:\n            result = status(database)\n        print(json.dumps(result, ensure_ascii=False))\n        return 0\n    except Exception as error:\n        print(json.dumps({'error': type(error).__name__ + ': ' + str(error)}, ensure_ascii=False), file=sys.stderr)\n        return 2\n\nif __name__ == '__main__':\n    raise SystemExit(main())\n",
          "exit_code": null,
          "artifacts": [
            {
              "path": "index_cli.py",
              "sha256": "1774755ed36cb1ba801206d51709fdce3ae2c6df0b093e55a5ccaba21892a74d",
              "media_type": "text/x-python",
              "size_bytes": 1492,
              "summary": ""
            }
          ],
          "evidence": [],
          "metadata": {
            "chunk": {
              "chunk_id": "CH-CURSOR-2c1355ed9019a2a3",
              "source_ref": "index_cli.py",
              "source_sha256": "1774755ed36cb1ba801206d51709fdce3ae2c6df0b093e55a5ccaba21892a74d",
              "media_type": "text/plain",
              "byte_start": 0,
              "byte_end": 1492,
              "core_start": 0,
              "core_end": 1492,
              "overlap_before": 0,
              "overlap_after": 0,
              "chunk_sha256": "1774755ed36cb1ba801206d51709fdce3ae2c6df0b093e55a5ccaba21892a74d",
              "split_strategy_version": "rwkv-token-cursor.v1",
              "previous_chunk_id": null,
              "next_chunk_id": null,
              "complete_source": true,
              "token_start": 0,
              "token_end": 371
            },
            "start_byte": 0,
            "end_byte": 1492,
            "next_start_byte": null,
            "truncated": false,
            "complete": true,
            "eof": true,
            "source_size_bytes": 1492,
            "observed_tokens": 371,
            "source_start_line": 1,
            "source_end_line": 33
          },
          "error": null,
          "outcome_type": "success"
        },
        "artifact_refs": [
          "ART-95cac8afde1ce91328ea"
        ],
        "workspace_digest_before": "f3f38ce5db72edef2976924400f7f5beb8275266ff082a1d20ee38fe40fb4e31",
        "workspace_digest_after": "f3f38ce5db72edef2976924400f7f5beb8275266ff082a1d20ee38fe40fb4e31",
        "failure_key": "",
        "observation_fingerprint": "18b39e21400c0ed5944fed62f6d61be78a89082f227d1dd3c6c68694105effc9",
        "error": null,
        "outcome_type": "success",
        "atom_execution_contract_digest": ""
      },
      {
        "action_id": "A00008",
        "sequence": 8,
        "status": "succeeded",
        "action_type": "read_file",
        "arguments": {
          "path": "test_failure.txt",
          "start_byte": 0,
          "max_tokens": 4096
        },
        "wire_arguments": {
          "path": "test_failure.txt"
        },
        "action_fingerprint": "2d1c80bd6bd2c9cb1608be3e5932613a3014a30cf00161862f36125b5fe29975",
        "idempotency_key": "36fb731d92bf46fdaf539bdb48dc9267c526b2a0af6edb7b95fe7dded0ab82fd",
        "decision_id": "D-f6a6ed21cc954134",
        "request_id": "MR-721f69a672f045f4",
        "started_at": "2026-09-14T01:08:59.516+00:00",
        "ended_at": "2026-09-14T01:08:59.561+00:00",
        "result": {
          "action_type": "read_file",
          "success": true,
          "output": "E\n======================================================================\nERROR: test_query_limit (__main__.LimitTests.test_query_limit)\n----------------------------------------------------------------------\nTraceback (most recent call last):\n  File \"/workspace/test_query_limit.py\", line 19, in test_query_limit\n    self.assertEqual(query(db,'hello'),full)\n                     ~~~~~^^^^^^^^^^^^\n  File \"/workspace/document_index/query.py\", line 14, in query\n    rows = connection.execute('SELECT path FROM documents WHERE instr(search,?) > 0 ORDER BY path', (normalize(text),)).fetchmany(limit if limit is not None else -1)\nValueError: value must be positive\n\n----------------------------------------------------------------------\nRan 1 test in 0.025s\n\nFAILED (errors=1)\n",
          "exit_code": null,
          "artifacts": [
            {
              "path": "test_failure.txt",
              "sha256": "d9997790737b10075f370f05d1685aa8807db54c917aaa0a308cfbf0f36fd58d",
              "media_type": "text/plain",
              "size_bytes": 772,
              "summary": ""
            }
          ],
          "evidence": [],
          "metadata": {
            "chunk": {
              "chunk_id": "CH-CURSOR-5f0d70c0dfd69f3a",
              "source_ref": "test_failure.txt",
              "source_sha256": "d9997790737b10075f370f05d1685aa8807db54c917aaa0a308cfbf0f36fd58d",
              "media_type": "text/plain",
              "byte_start": 0,
              "byte_end": 772,
              "core_start": 0,
              "core_end": 772,
              "overlap_before": 0,
              "overlap_after": 0,
              "chunk_sha256": "d9997790737b10075f370f05d1685aa8807db54c917aaa0a308cfbf0f36fd58d",
              "split_strategy_version": "rwkv-token-cursor.v1",
              "previous_chunk_id": null,
              "next_chunk_id": null,
              "complete_source": true,
              "token_start": 0,
              "token_end": 167
            },
            "start_byte": 0,
            "end_byte": 772,
            "next_start_byte": null,
            "truncated": false,
            "complete": true,
            "eof": true,
            "source_size_bytes": 772,
            "observed_tokens": 167,
            "source_start_line": 1,
            "source_end_line": 16
          },
          "error": null,
          "outcome_type": "success"
        },
        "artifact_refs": [
          "ART-f0f0558047096929ae77"
        ],
        "workspace_digest_before": "f3f38ce5db72edef2976924400f7f5beb8275266ff082a1d20ee38fe40fb4e31",
        "workspace_digest_after": "f3f38ce5db72edef2976924400f7f5beb8275266ff082a1d20ee38fe40fb4e31",
        "failure_key": "",
        "observation_fingerprint": "8898292d0fa0925980096b64a6f8ec7f9671f147c5782e19750de6d8b3998640",
        "error": null,
        "outcome_type": "success",
        "atom_execution_contract_digest": ""
      },
      {
        "action_id": "A00009",
        "sequence": 9,
        "status": "succeeded",
        "action_type": "read_file",
        "arguments": {
          "path": "test_query_limit.py",
          "start_byte": 0,
          "max_tokens": 4096
        },
        "wire_arguments": {
          "path": "test_query_limit.py"
        },
        "action_fingerprint": "31f594e409374f6a2671afcd428887e72c0075ad596c856199fe03810f525428",
        "idempotency_key": "ac0951e52788a18dc68acccae0d98a58611c2daaa1eb0d09f35e4af4ff5770c5",
        "decision_id": "D-dd346f99b4364f8d",
        "request_id": "MR-66041f076c584ca7",
        "started_at": "2026-09-14T01:09:30.004+00:00",
        "ended_at": "2026-09-14T01:09:30.052+00:00",
        "result": {
          "action_type": "read_file",
          "success": true,
          "output": "import json\nimport subprocess\nimport sys\nimport tempfile\nimport unittest\nfrom pathlib import Path\nfrom document_index.query import query\nROOT=Path(__file__).resolve().parent\nclass LimitTests(unittest.TestCase):\n    def test_query_limit(self):\n        with tempfile.TemporaryDirectory() as tmp:\n            p=Path(tmp); docs=p/'docs'; docs.mkdir(); db=p/'index.db'\n            for name in ('c.md','a.md','b.md'):\n                (docs/name).write_text('hello world')\n            def cli(*args):\n                return subprocess.run([sys.executable,'-B',str(ROOT/'index_cli.py'),*args],cwd=ROOT,capture_output=True,text=True)\n            self.assertEqual(cli('sync','--root',str(docs),'--db',str(db)).returncode,0)\n            full={'count':3,'matches':[{'path':n} for n in ('a.md','b.md','c.md')]}\n            self.assertEqual(query(db,'hello'),full)\n            self.assertEqual(json.loads(cli('query','--db',str(db),'--text','hello').stdout),full)\n            for limit in (1,2,5):\n                expected={'count':min(limit,3),'matches':full['matches'][:limit]}\n                self.assertEqual(query(db,'hello',limit=limit),expected)\n                result=cli('query','--db',str(db),'--text','hello','--limit',str(limit))\n                self.assertEqual(result.returncode,0,result.stderr)\n                self.assertEqual(json.loads(result.stdout),expected)\n            self.assertEqual(query(db,'absent',limit=1),{'count':0,'matches':[]})\n            for invalid in (0,-1):\n                with self.assertRaises(ValueError): query(db,'hello',limit=invalid)\n                self.assertNotEqual(cli('query','--db',str(db),'--text','hello','--limit',str(invalid)).returncode,0)\nif __name__=='__main__': unittest.main()\n",
          "exit_code": null,
          "artifacts": [
            {
              "path": "test_query_limit.py",
              "sha256": "3d08f872136753c27a00cb226120cc081247b00282252897d675861c0136d2d3",
              "media_type": "text/x-python",
              "size_bytes": 1725,
              "summary": ""
            }
          ],
          "evidence": [],
          "metadata": {
            "chunk": {
              "chunk_id": "CH-CURSOR-f89624455eda026a",
              "source_ref": "test_query_limit.py",
              "source_sha256": "3d08f872136753c27a00cb226120cc081247b00282252897d675861c0136d2d3",
              "media_type": "text/plain",
              "byte_start": 0,
              "byte_end": 1725,
              "core_start": 0,
              "core_end": 1725,
              "overlap_before": 0,
              "overlap_after": 0,
              "chunk_sha256": "3d08f872136753c27a00cb226120cc081247b00282252897d675861c0136d2d3",
              "split_strategy_version": "rwkv-token-cursor.v1",
              "previous_chunk_id": null,
              "next_chunk_id": null,
              "complete_source": true,
              "token_start": 0,
              "token_end": 488
            },
            "start_byte": 0,
            "end_byte": 1725,
            "next_start_byte": null,
            "truncated": false,
            "complete": true,
            "eof": true,
            "source_size_bytes": 1725,
            "observed_tokens": 488,
            "source_start_line": 1,
            "source_end_line": 31
          },
          "error": null,
          "outcome_type": "success"
        },
        "artifact_refs": [
          "ART-2b712a8c719de5819a81"
        ],
        "workspace_digest_before": "f3f38ce5db72edef2976924400f7f5beb8275266ff082a1d20ee38fe40fb4e31",
        "workspace_digest_after": "f3f38ce5db72edef2976924400f7f5beb8275266ff082a1d20ee38fe40fb4e31",
        "failure_key": "",
        "observation_fingerprint": "0d5d438bc4859e4f04db46035eefe58cdb982085d2295ca64277bad893d662fc",
        "error": null,
        "outcome_type": "success",
        "atom_execution_contract_digest": ""
      },
      {
        "action_id": "A00010",
        "sequence": 10,
        "status": "succeeded",
        "action_type": "read_file",
        "arguments": {
          "path": "test_failure.txt",
          "start_byte": 0,
          "max_tokens": 4096
        },
        "wire_arguments": {
          "path": "test_failure.txt"
        },
        "action_fingerprint": "2d1c80bd6bd2c9cb1608be3e5932613a3014a30cf00161862f36125b5fe29975",
        "idempotency_key": "54c9388546b92a987cbac9f3fb7891437547f2f4e6cac8b92bc193ba87218272",
        "decision_id": "D-8209d8086a364974",
        "request_id": "MR-6c69e25e31c14c1c",
        "started_at": "2026-09-14T01:09:59.798+00:00",
        "ended_at": "2026-09-14T01:09:59.850+00:00",
        "result": {
          "action_type": "read_file",
          "success": true,
          "output": "E\n======================================================================\nERROR: test_query_limit (__main__.LimitTests.test_query_limit)\n----------------------------------------------------------------------\nTraceback (most recent call last):\n  File \"/workspace/test_query_limit.py\", line 19, in test_query_limit\n    self.assertEqual(query(db,'hello'),full)\n                     ~~~~~^^^^^^^^^^^^\n  File \"/workspace/document_index/query.py\", line 14, in query\n    rows = connection.execute('SELECT path FROM documents WHERE instr(search,?) > 0 ORDER BY path', (normalize(text),)).fetchmany(limit if limit is not None else -1)\nValueError: value must be positive\n\n----------------------------------------------------------------------\nRan 1 test in 0.025s\n\nFAILED (errors=1)\n",
          "exit_code": null,
          "artifacts": [
            {
              "path": "test_failure.txt",
              "sha256": "d9997790737b10075f370f05d1685aa8807db54c917aaa0a308cfbf0f36fd58d",
              "media_type": "text/plain",
              "size_bytes": 772,
              "summary": ""
            }
          ],
          "evidence": [],
          "metadata": {
            "chunk": {
              "chunk_id": "CH-CURSOR-5f0d70c0dfd69f3a",
              "source_ref": "test_failure.txt",
              "source_sha256": "d9997790737b10075f370f05d1685aa8807db54c917aaa0a308cfbf0f36fd58d",
              "media_type": "text/plain",
              "byte_start": 0,
              "byte_end": 772,
              "core_start": 0,
              "core_end": 772,
              "overlap_before": 0,
              "overlap_after": 0,
              "chunk_sha256": "d9997790737b10075f370f05d1685aa8807db54c917aaa0a308cfbf0f36fd58d",
              "split_strategy_version": "rwkv-token-cursor.v1",
              "previous_chunk_id": null,
              "next_chunk_id": null,
              "complete_source": true,
              "token_start": 0,
              "token_end": 167
            },
            "start_byte": 0,
            "end_byte": 772,
            "next_start_byte": null,
            "truncated": false,
            "complete": true,
            "eof": true,
            "source_size_bytes": 772,
            "observed_tokens": 167,
            "source_start_line": 1,
            "source_end_line": 16
          },
          "error": null,
          "outcome_type": "success"
        },
        "artifact_refs": [
          "ART-0445cbdd6a18f5013edd"
        ],
        "workspace_digest_before": "f3f38ce5db72edef2976924400f7f5beb8275266ff082a1d20ee38fe40fb4e31",
        "workspace_digest_after": "f3f38ce5db72edef2976924400f7f5beb8275266ff082a1d20ee38fe40fb4e31",
        "failure_key": "",
        "observation_fingerprint": "8898292d0fa0925980096b64a6f8ec7f9671f147c5782e19750de6d8b3998640",
        "error": null,
        "outcome_type": "success",
        "atom_execution_contract_digest": ""
      },
      {
        "action_id": "A00011",
        "sequence": 11,
        "status": "succeeded",
        "action_type": "read_file",
        "arguments": {
          "path": "test_query_limit.py",
          "start_byte": 0,
          "max_tokens": 4096
        },
        "wire_arguments": {
          "path": "test_query_limit.py"
        },
        "action_fingerprint": "31f594e409374f6a2671afcd428887e72c0075ad596c856199fe03810f525428",
        "idempotency_key": "9e56c4c71fbcf1dc3fa631d8c2fe620dbdf7eac9943634ed269d549d04343abd",
        "decision_id": "D-30bb038c4f7246db",
        "request_id": "MR-0e01a54913754077",
        "started_at": "2026-09-14T03:57:23.577+00:00",
        "ended_at": "2026-09-14T03:57:23.646+00:00",
        "result": {
          "action_type": "read_file",
          "success": true,
          "output": "import json\nimport subprocess\nimport sys\nimport tempfile\nimport unittest\nfrom pathlib import Path\nfrom document_index.query import query\nROOT=Path(__file__).resolve().parent\nclass LimitTests(unittest.TestCase):\n    def test_query_limit(self):\n        with tempfile.TemporaryDirectory() as tmp:\n            p=Path(tmp); docs=p/'docs'; docs.mkdir(); db=p/'index.db'\n            for name in ('c.md','a.md','b.md'):\n                (docs/name).write_text('hello world')\n            def cli(*args):\n                return subprocess.run([sys.executable,'-B',str(ROOT/'index_cli.py'),*args],cwd=ROOT,capture_output=True,text=True)\n            self.assertEqual(cli('sync','--root',str(docs),'--db',str(db)).returncode,0)\n            full={'count':3,'matches':[{'path':n} for n in ('a.md','b.md','c.md')]}\n            self.assertEqual(query(db,'hello'),full)\n            self.assertEqual(json.loads(cli('query','--db',str(db),'--text','hello').stdout),full)\n            for limit in (1,2,5):\n                expected={'count':min(limit,3),'matches':full['matches'][:limit]}\n                self.assertEqual(query(db,'hello',limit=limit),expected)\n                result=cli('query','--db',str(db),'--text','hello','--limit',str(limit))\n                self.assertEqual(result.returncode,0,result.stderr)\n                self.assertEqual(json.loads(result.stdout),expected)\n            self.assertEqual(query(db,'absent',limit=1),{'count':0,'matches':[]})\n            for invalid in (0,-1):\n                with self.assertRaises(ValueError): query(db,'hello',limit=invalid)\n                self.assertNotEqual(cli('query','--db',str(db),'--text','hello','--limit',str(invalid)).returncode,0)\nif __name__=='__main__': unittest.main()\n",
          "exit_code": null,
          "artifacts": [
            {
              "path": "test_query_limit.py",
              "sha256": "3d08f872136753c27a00cb226120cc081247b00282252897d675861c0136d2d3",
              "media_type": "text/x-python",
              "size_bytes": 1725,
              "summary": ""
            }
          ],
          "evidence": [],
          "metadata": {
            "chunk": {
              "chunk_id": "CH-CURSOR-f89624455eda026a",
              "source_ref": "test_query_limit.py",
              "source_sha256": "3d08f872136753c27a00cb226120cc081247b00282252897d675861c0136d2d3",
              "media_type": "text/plain",
              "byte_start": 0,
              "byte_end": 1725,
              "core_start": 0,
              "core_end": 1725,
              "overlap_before": 0,
              "overlap_after": 0,
              "chunk_sha256": "3d08f872136753c27a00cb226120cc081247b00282252897d675861c0136d2d3",
              "split_strategy_version": "rwkv-token-cursor.v1",
              "previous_chunk_id": null,
              "next_chunk_id": null,
              "complete_source": true,
              "token_start": 0,
              "token_end": 488
            },
            "start_byte": 0,
            "end_byte": 1725,
            "next_start_byte": null,
            "truncated": false,
            "complete": true,
            "eof": true,
            "source_size_bytes": 1725,
            "observed_tokens": 488,
            "source_start_line": 1,
            "source_end_line": 31
          },
          "error": null,
          "outcome_type": "success"
        },
        "artifact_refs": [
          "ART-24882807325fdf660c4b"
        ],
        "workspace_digest_before": "f3f38ce5db72edef2976924400f7f5beb8275266ff082a1d20ee38fe40fb4e31",
        "workspace_digest_after": "f3f38ce5db72edef2976924400f7f5beb8275266ff082a1d20ee38fe40fb4e31",
        "failure_key": "",
        "observation_fingerprint": "0d5d438bc4859e4f04db46035eefe58cdb982085d2295ca64277bad893d662fc",
        "error": null,
        "outcome_type": "success",
        "atom_execution_contract_digest": ""
      }
    ],
    "elapsed_seconds": 44.704203807981685,
    "workspace": "/home/chase/GitHub/RWKV-LH/data/experiments/RWKV_ASSISTED_RECOVERY_R1_20260914/runs/advice-1/workspace",
    "final_files": {
      "README.md": "c59d17ad11b269a091bf6f817cb45ed89bf60f6a7abfdfd68efcbfa0b38e2c55",
      "docs/welcome.md": "8cf0921cb0e16821a06e1dbe4a9135b2aef3e063346629040427a9ca0d4fc043",
      "docs/团队/notes.txt": "d164ce3e0e3f9077661b4a70d095d88ff9d3f25d39b4219233fbe83f98ec0cc5",
      "document_index/__init__.py": "e3b0c44298fc1c149afbf4c8996fb92427ae41e4649b934ca495991b7852b855",
      "document_index/documents.py": "e40ea5dcaab8f0278ce2370adb8af3472c0351c6d679183d11a014d5b86793cd",
      "document_index/query.py": "cca1a251c41e1b5e7d60f81ef704228ee14ceaee7768c5364d9fadb7978593ff",
      "document_index/store.py": "e4361550a79cddee0af5821d2bfc4b1e32dbb5cddd4e0528d92d458854b02e03",
      "index_cli.py": "1774755ed36cb1ba801206d51709fdce3ae2c6df0b093e55a5ccaba21892a74d",
      "test_failure.txt": "d9997790737b10075f370f05d1685aa8807db54c917aaa0a308cfbf0f36fd58d",
      "test_query_limit.py": "3d08f872136753c27a00cb226120cc081247b00282252897d675861c0136d2d3"
    },
    "changed_files": []
  },
  {
    "id": "takeover-1",
    "final": "修复完成，test_query_limit.py 全部通过。\n\n问题根因：document_index/query.py 第14行使用 `fetchmany(limit if limit is not None else -1)`。当 limit 为 None 时传入 -1，Python sqlite3 的 fetchmany 要求正数，抛出 `ValueError: value must be positive`，导致无 limit 的查询（query(db,'hello') 及 CLI 不带 --limit）失败。\n\n修改内容（仅改 document_index/query.py）：\n原：\n    rows = connection.execute('SELECT path FROM documents WHERE instr(search,?) > 0 ORDER BY path', (normalize(text),)).fetchmany(limit if limit is not None else -1)\n改为：\n    cursor = connection.execute('SELECT path FROM documents WHERE instr(search,?) > 0 ORDER BY path', (normalize(text),))\n    rows = cursor.fetchall() if limit is None else cursor.fetchmany(limit)\n即 limit 为 None 时取全部结果，否则按 limit 截取。未改动任何测试文件，保留了测试的原有要求（含 limit 为 0/-1 时抛 ValueError、CLI 返回非零等行为）。\n\n实际测试结果：运行 `python3 -B test_query_limit.py`，退出码 0，stderr 显示 “Ran 1 test in 0.230s / OK”。\n\n尚未解决的问题：无。工作区内其它文件（如 docs 下的中文路径笔记）未被涉及，本次仅按要求修复查询功能。",
    "termination": "submitted",
    "termination_reason": "answer_submitted",
    "termination_evidence": {
      "schema_version": "rwkv-lh.causal-event.v2",
      "event_id": "CE-000060",
      "run_id": "query-repair",
      "sequence": 60,
      "parent_id": "CE-000059",
      "cause_id": "CE-000059",
      "subject_id": "query-repair",
      "event_type": "run_completed",
      "payload_schema": "rwkv-lh.run-terminal.v1",
      "payload": {
        "decision_id": "D-cc8b8c71713944fa",
        "request_id": "MR-260df9d7b7614f26",
        "final_output_sha256": "575ad416bd7f8aa5ec0907830319b4a69cc2e5bcb459732b21f5216756b4cedc",
        "output_source": "strong_explicit_final_answer_text",
        "controller_rewritten": false,
        "final_output": "修复完成，test_query_limit.py 全部通过。\n\n问题根因：document_index/query.py 第14行使用 `fetchmany(limit if limit is not None else -1)`。当 limit 为 None 时传入 -1，Python sqlite3 的 fetchmany 要求正数，抛出 `ValueError: value must be positive`，导致无 limit 的查询（query(db,'hello') 及 CLI 不带 --limit）失败。\n\n修改内容（仅改 document_index/query.py）：\n原：\n    rows = connection.execute('SELECT path FROM documents WHERE instr(search,?) > 0 ORDER BY path', (normalize(text),)).fetchmany(limit if limit is not None else -1)\n改为：\n    cursor = connection.execute('SELECT path FROM documents WHERE instr(search,?) > 0 ORDER BY path', (normalize(text),))\n    rows = cursor.fetchall() if limit is None else cursor.fetchmany(limit)\n即 limit 为 None 时取全部结果，否则按 limit 截取。未改动任何测试文件，保留了测试的原有要求（含 limit 为 0/-1 时抛 ValueError、CLI 返回非零等行为）。\n\n实际测试结果：运行 `python3 -B test_query_limit.py`，退出码 0，stderr 显示 “Ran 1 test in 0.230s / OK”。\n\n尚未解决的问题：无。工作区内其它文件（如 docs 下的中文路径笔记）未被涉及，本次仅按要求修复查询功能。"
      },
      "created_at": "2026-09-14T03:57:35.142+00:00",
      "digest": "0d6aba8412ba526f7ff993c0929665384b9658da96a4326d003035471ea167df"
    },
    "command_executions": [
      {
        "action_id": "A00012",
        "exit_code": 0,
        "execution_status": "exited",
        "tool_success": true,
        "error": null
      }
    ],
    "acceptance": "not_evaluated",
    "assistance": "strong_takeover",
    "execution_model": "deepseek-flash",
    "execution_authority": "strong_takeover",
    "continuation": {
      "directory": "/home/chase/GitHub/RWKV-LH/data/experiments/RWKV_QUERY_REPAIR_FEEDBACK_R1_20260914/runs/repeat-1/execution",
      "parent_checkpoint_id": "CP-e2061d364753473f",
      "parent_final_decision_id": "",
      "historical_actions": 10,
      "parent_generation_started": 11,
      "parent_state_sha256": "51cf3759e565fcedfa594a29cbadd2b374cd12557cec6ff5362646cf807a6325",
      "advice_model": ""
    },
    "error": null,
    "status": "completed",
    "trace_complete": true,
    "trace_errors": [],
    "tool_scope": "coding",
    "generation_started": 3,
    "protocol_rejections": 1,
    "actions": [
      {
        "action_id": "A00001",
        "sequence": 1,
        "status": "succeeded",
        "action_type": "list_directory",
        "arguments": {
          "path": ".",
          "recursive": true,
          "max_entries": 100,
          "max_tokens": 4096,
          "start_after": ""
        },
        "wire_arguments": {
          "path": ".",
          "recursive": true,
          "max_entries": 100,
          "max_tokens": 4096,
          "start_after": ""
        },
        "action_fingerprint": "327b784b64b6a37923db99c49dd04b05d54314d58e3ee8d1c7b39a5bb6b54682",
        "idempotency_key": "b08ac6690ba4d41de4b2f665828ae7870e1b61972e5fd152578e0103ce0b924f",
        "decision_id": "D-7740723c76a34dc3",
        "request_id": "MR-045b1dbbc3de4b0d",
        "started_at": "2026-09-14T01:05:02.698+00:00",
        "ended_at": "2026-09-14T01:05:02.728+00:00",
        "result": {
          "action_type": "list_directory",
          "success": true,
          "output": "{\"entries\": [{\"path\": \"README.md\", \"size_bytes\": 2194, \"type\": \"file\"}, {\"path\": \"docs\", \"type\": \"directory\"}, {\"path\": \"docs/welcome.md\", \"size_bytes\": 43, \"type\": \"file\"}, {\"path\": \"docs/团队\", \"type\": \"directory\"}, {\"path\": \"docs/团队/notes.txt\", \"size_bytes\": 46, \"type\": \"file\"}, {\"path\": \"document_index\", \"type\": \"directory\"}, {\"path\": \"document_index/__init__.py\", \"size_bytes\": 0, \"type\": \"file\"}, {\"path\": \"document_index/documents.py\", \"size_bytes\": 510, \"type\": \"file\"}, {\"path\": \"document_index/query.py\", \"size_bytes\": 759, \"type\": \"file\"}, {\"path\": \"document_index/store.py\", \"size_bytes\": 1789, \"type\": \"file\"}, {\"path\": \"index_cli.py\", \"size_bytes\": 1492, \"type\": \"file\"}, {\"path\": \"test_failure.txt\", \"size_bytes\": 772, \"type\": \"file\"}, {\"path\": \"test_query_limit.py\", \"size_bytes\": 1725, \"type\": \"file\"}], \"entry_count\": 13, \"next_cursor\": \"\", \"path\": \".\", \"recursive\": true, \"truncated\": false}",
          "exit_code": null,
          "artifacts": [],
          "evidence": [],
          "metadata": {
            "path": ".",
            "recursive": true,
            "entries": [
              {
                "path": "README.md",
                "type": "file",
                "size_bytes": 2194
              },
              {
                "path": "docs",
                "type": "directory"
              },
              {
                "path": "docs/welcome.md",
                "type": "file",
                "size_bytes": 43
              },
              {
                "path": "docs/团队",
                "type": "directory"
              },
              {
                "path": "docs/团队/notes.txt",
                "type": "file",
                "size_bytes": 46
              },
              {
                "path": "document_index",
                "type": "directory"
              },
              {
                "path": "document_index/__init__.py",
                "type": "file",
                "size_bytes": 0
              },
              {
                "path": "document_index/documents.py",
                "type": "file",
                "size_bytes": 510
              },
              {
                "path": "document_index/query.py",
                "type": "file",
                "size_bytes": 759
              },
              {
                "path": "document_index/store.py",
                "type": "file",
                "size_bytes": 1789
              },
              {
                "path": "index_cli.py",
                "type": "file",
                "size_bytes": 1492
              },
              {
                "path": "test_failure.txt",
                "type": "file",
                "size_bytes": 772
              },
              {
                "path": "test_query_limit.py",
                "type": "file",
                "size_bytes": 1725
              }
            ],
            "entry_count": 13,
            "truncated": false,
            "next_cursor": "",
            "complete": true
          },
          "error": null,
          "outcome_type": "success"
        },
        "artifact_refs": [],
        "workspace_digest_before": "f3f38ce5db72edef2976924400f7f5beb8275266ff082a1d20ee38fe40fb4e31",
        "workspace_digest_after": "f3f38ce5db72edef2976924400f7f5beb8275266ff082a1d20ee38fe40fb4e31",
        "failure_key": "",
        "observation_fingerprint": "6bc9d565fbf0c9c85c6a16c4283d00c499b5affdeb19ce73e06fcfbb542ff145",
        "error": null,
        "outcome_type": "success",
        "atom_execution_contract_digest": ""
      },
      {
        "action_id": "A00002",
        "sequence": 2,
        "status": "succeeded",
        "action_type": "read_file",
        "arguments": {
          "path": "test_query_limit.py",
          "start_byte": 0,
          "max_tokens": 4096
        },
        "wire_arguments": {
          "path": "test_query_limit.py"
        },
        "action_fingerprint": "31f594e409374f6a2671afcd428887e72c0075ad596c856199fe03810f525428",
        "idempotency_key": "769c52820cb389078f2a5d5fe5b335455778345bc9e928fe3f72fedb1aaf2975",
        "decision_id": "D-cf8b4c2bc455459b",
        "request_id": "MR-c0f70baa6a4743ea",
        "started_at": "2026-09-14T01:06:01.432+00:00",
        "ended_at": "2026-09-14T01:06:01.467+00:00",
        "result": {
          "action_type": "read_file",
          "success": true,
          "output": "import json\nimport subprocess\nimport sys\nimport tempfile\nimport unittest\nfrom pathlib import Path\nfrom document_index.query import query\nROOT=Path(__file__).resolve().parent\nclass LimitTests(unittest.TestCase):\n    def test_query_limit(self):\n        with tempfile.TemporaryDirectory() as tmp:\n            p=Path(tmp); docs=p/'docs'; docs.mkdir(); db=p/'index.db'\n            for name in ('c.md','a.md','b.md'):\n                (docs/name).write_text('hello world')\n            def cli(*args):\n                return subprocess.run([sys.executable,'-B',str(ROOT/'index_cli.py'),*args],cwd=ROOT,capture_output=True,text=True)\n            self.assertEqual(cli('sync','--root',str(docs),'--db',str(db)).returncode,0)\n            full={'count':3,'matches':[{'path':n} for n in ('a.md','b.md','c.md')]}\n            self.assertEqual(query(db,'hello'),full)\n            self.assertEqual(json.loads(cli('query','--db',str(db),'--text','hello').stdout),full)\n            for limit in (1,2,5):\n                expected={'count':min(limit,3),'matches':full['matches'][:limit]}\n                self.assertEqual(query(db,'hello',limit=limit),expected)\n                result=cli('query','--db',str(db),'--text','hello','--limit',str(limit))\n                self.assertEqual(result.returncode,0,result.stderr)\n                self.assertEqual(json.loads(result.stdout),expected)\n            self.assertEqual(query(db,'absent',limit=1),{'count':0,'matches':[]})\n            for invalid in (0,-1):\n                with self.assertRaises(ValueError): query(db,'hello',limit=invalid)\n                self.assertNotEqual(cli('query','--db',str(db),'--text','hello','--limit',str(invalid)).returncode,0)\nif __name__=='__main__': unittest.main()\n",
          "exit_code": null,
          "artifacts": [
            {
              "path": "test_query_limit.py",
              "sha256": "3d08f872136753c27a00cb226120cc081247b00282252897d675861c0136d2d3",
              "media_type": "text/x-python",
              "size_bytes": 1725,
              "summary": ""
            }
          ],
          "evidence": [],
          "metadata": {
            "chunk": {
              "chunk_id": "CH-CURSOR-f89624455eda026a",
              "source_ref": "test_query_limit.py",
              "source_sha256": "3d08f872136753c27a00cb226120cc081247b00282252897d675861c0136d2d3",
              "media_type": "text/plain",
              "byte_start": 0,
              "byte_end": 1725,
              "core_start": 0,
              "core_end": 1725,
              "overlap_before": 0,
              "overlap_after": 0,
              "chunk_sha256": "3d08f872136753c27a00cb226120cc081247b00282252897d675861c0136d2d3",
              "split_strategy_version": "rwkv-token-cursor.v1",
              "previous_chunk_id": null,
              "next_chunk_id": null,
              "complete_source": true,
              "token_start": 0,
              "token_end": 488
            },
            "start_byte": 0,
            "end_byte": 1725,
            "next_start_byte": null,
            "truncated": false,
            "complete": true,
            "eof": true,
            "source_size_bytes": 1725,
            "observed_tokens": 488,
            "source_start_line": 1,
            "source_end_line": 31
          },
          "error": null,
          "outcome_type": "success"
        },
        "artifact_refs": [
          "ART-bc6e4a0a379c08481e5d"
        ],
        "workspace_digest_before": "f3f38ce5db72edef2976924400f7f5beb8275266ff082a1d20ee38fe40fb4e31",
        "workspace_digest_after": "f3f38ce5db72edef2976924400f7f5beb8275266ff082a1d20ee38fe40fb4e31",
        "failure_key": "",
        "observation_fingerprint": "0d5d438bc4859e4f04db46035eefe58cdb982085d2295ca64277bad893d662fc",
        "error": null,
        "outcome_type": "success",
        "atom_execution_contract_digest": ""
      },
      {
        "action_id": "A00003",
        "sequence": 3,
        "status": "succeeded",
        "action_type": "read_file",
        "arguments": {
          "path": "test_failure.txt",
          "start_byte": 0,
          "max_tokens": 4096
        },
        "wire_arguments": {
          "path": "test_failure.txt"
        },
        "action_fingerprint": "2d1c80bd6bd2c9cb1608be3e5932613a3014a30cf00161862f36125b5fe29975",
        "idempotency_key": "166f5c64a4b7c6931c419e02d92cf21a506e1270e37120f63bb8bebe3de610ff",
        "decision_id": "D-85887e5ea9134ba5",
        "request_id": "MR-f36592c9ec654076",
        "started_at": "2026-09-14T01:06:30.960+00:00",
        "ended_at": "2026-09-14T01:06:30.993+00:00",
        "result": {
          "action_type": "read_file",
          "success": true,
          "output": "E\n======================================================================\nERROR: test_query_limit (__main__.LimitTests.test_query_limit)\n----------------------------------------------------------------------\nTraceback (most recent call last):\n  File \"/workspace/test_query_limit.py\", line 19, in test_query_limit\n    self.assertEqual(query(db,'hello'),full)\n                     ~~~~~^^^^^^^^^^^^\n  File \"/workspace/document_index/query.py\", line 14, in query\n    rows = connection.execute('SELECT path FROM documents WHERE instr(search,?) > 0 ORDER BY path', (normalize(text),)).fetchmany(limit if limit is not None else -1)\nValueError: value must be positive\n\n----------------------------------------------------------------------\nRan 1 test in 0.025s\n\nFAILED (errors=1)\n",
          "exit_code": null,
          "artifacts": [
            {
              "path": "test_failure.txt",
              "sha256": "d9997790737b10075f370f05d1685aa8807db54c917aaa0a308cfbf0f36fd58d",
              "media_type": "text/plain",
              "size_bytes": 772,
              "summary": ""
            }
          ],
          "evidence": [],
          "metadata": {
            "chunk": {
              "chunk_id": "CH-CURSOR-5f0d70c0dfd69f3a",
              "source_ref": "test_failure.txt",
              "source_sha256": "d9997790737b10075f370f05d1685aa8807db54c917aaa0a308cfbf0f36fd58d",
              "media_type": "text/plain",
              "byte_start": 0,
              "byte_end": 772,
              "core_start": 0,
              "core_end": 772,
              "overlap_before": 0,
              "overlap_after": 0,
              "chunk_sha256": "d9997790737b10075f370f05d1685aa8807db54c917aaa0a308cfbf0f36fd58d",
              "split_strategy_version": "rwkv-token-cursor.v1",
              "previous_chunk_id": null,
              "next_chunk_id": null,
              "complete_source": true,
              "token_start": 0,
              "token_end": 167
            },
            "start_byte": 0,
            "end_byte": 772,
            "next_start_byte": null,
            "truncated": false,
            "complete": true,
            "eof": true,
            "source_size_bytes": 772,
            "observed_tokens": 167,
            "source_start_line": 1,
            "source_end_line": 16
          },
          "error": null,
          "outcome_type": "success"
        },
        "artifact_refs": [
          "ART-b7e63d34afb32f8c961e"
        ],
        "workspace_digest_before": "f3f38ce5db72edef2976924400f7f5beb8275266ff082a1d20ee38fe40fb4e31",
        "workspace_digest_after": "f3f38ce5db72edef2976924400f7f5beb8275266ff082a1d20ee38fe40fb4e31",
        "failure_key": "",
        "observation_fingerprint": "8898292d0fa0925980096b64a6f8ec7f9671f147c5782e19750de6d8b3998640",
        "error": null,
        "outcome_type": "success",
        "atom_execution_contract_digest": ""
      },
      {
        "action_id": "A00004",
        "sequence": 4,
        "status": "succeeded",
        "action_type": "read_file",
        "arguments": {
          "path": "document_index/query.py",
          "start_byte": 0,
          "max_tokens": 4096
        },
        "wire_arguments": {
          "path": "document_index/query.py"
        },
        "action_fingerprint": "c5ee139720305ed64cc94e04c0667343fc01bb0096b3c04fc30afdb9bcdbed30",
        "idempotency_key": "84a29f025df0b1c3e2dbd438baead5cd4922e77616548b4e26e351d09aa75c66",
        "decision_id": "D-262e4e532c024342",
        "request_id": "MR-021a13aa0d4c41f0",
        "started_at": "2026-09-14T01:07:00.542+00:00",
        "ended_at": "2026-09-14T01:07:00.576+00:00",
        "result": {
          "action_type": "read_file",
          "success": true,
          "output": "from __future__ import annotations\nfrom typing import Optional\n\nfrom .documents import normalize\nfrom .store import existing\n\ndef query(database, text: str, limit: Optional[int] = None) -> dict:\n    if not text.strip():\n        raise ValueError('query must be nonempty')\n    if limit is not None:\n        if isinstance(limit, bool) or not isinstance(limit, int) or limit <= 0:\n            raise ValueError('limit must be a positive integer')\n    with existing(database) as connection:\n        rows = connection.execute('SELECT path FROM documents WHERE instr(search,?) > 0 ORDER BY path', (normalize(text),)).fetchmany(limit if limit is not None else -1)\n    matches = [{'path': row[0]} for row in rows]\n    return {'count': len(matches), 'matches': matches}\n",
          "exit_code": null,
          "artifacts": [
            {
              "path": "document_index/query.py",
              "sha256": "cca1a251c41e1b5e7d60f81ef704228ee14ceaee7768c5364d9fadb7978593ff",
              "media_type": "text/x-python",
              "size_bytes": 759,
              "summary": ""
            }
          ],
          "evidence": [],
          "metadata": {
            "chunk": {
              "chunk_id": "CH-CURSOR-927588d194501bd2",
              "source_ref": "document_index/query.py",
              "source_sha256": "cca1a251c41e1b5e7d60f81ef704228ee14ceaee7768c5364d9fadb7978593ff",
              "media_type": "text/plain",
              "byte_start": 0,
              "byte_end": 759,
              "core_start": 0,
              "core_end": 759,
              "overlap_before": 0,
              "overlap_after": 0,
              "chunk_sha256": "cca1a251c41e1b5e7d60f81ef704228ee14ceaee7768c5364d9fadb7978593ff",
              "split_strategy_version": "rwkv-token-cursor.v1",
              "previous_chunk_id": null,
              "next_chunk_id": null,
              "complete_source": true,
              "token_start": 0,
              "token_end": 184
            },
            "start_byte": 0,
            "end_byte": 759,
            "next_start_byte": null,
            "truncated": false,
            "complete": true,
            "eof": true,
            "source_size_bytes": 759,
            "observed_tokens": 184,
            "source_start_line": 1,
            "source_end_line": 16
          },
          "error": null,
          "outcome_type": "success"
        },
        "artifact_refs": [
          "ART-bc917e422f9060fd71e5"
        ],
        "workspace_digest_before": "f3f38ce5db72edef2976924400f7f5beb8275266ff082a1d20ee38fe40fb4e31",
        "workspace_digest_after": "f3f38ce5db72edef2976924400f7f5beb8275266ff082a1d20ee38fe40fb4e31",
        "failure_key": "",
        "observation_fingerprint": "43b7729b894cfdf2a3a823291cf2821069b6e878143238455fa2dbdfc4fbd3af",
        "error": null,
        "outcome_type": "success",
        "atom_execution_contract_digest": ""
      },
      {
        "action_id": "A00005",
        "sequence": 5,
        "status": "succeeded",
        "action_type": "read_file",
        "arguments": {
          "path": "document_index/documents.py",
          "start_byte": 0,
          "max_tokens": 4096
        },
        "wire_arguments": {
          "path": "document_index/documents.py"
        },
        "action_fingerprint": "cbb9ce80481297bf4f49305e79fc5f766d7c8448245457c9492f3d9106d86896",
        "idempotency_key": "db455e0cfde6715069ea860a142c87298aafd26c647be2051392029b3d677ec8",
        "decision_id": "D-f5cdde44e0a64b13",
        "request_id": "MR-faa82c1f2f014cfd",
        "started_at": "2026-09-14T01:07:30.071+00:00",
        "ended_at": "2026-09-14T01:07:30.108+00:00",
        "result": {
          "action_type": "read_file",
          "success": true,
          "output": "from __future__ import annotations\nimport hashlib\nimport pathlib\n\ndef normalize(value):\n    return value.lower()\n\ndef collect(root):\n    rows = []\n    for path in sorted(root.glob('**/*.md')):\n        content = path.read_bytes()\n        text = content.decode('utf-8', errors='replace')\n        rows.append({'path': path.name, 'content': text,\n                     'digest': hashlib.sha256(content).hexdigest(),\n                     'search': normalize(text), 'mtime': path.stat().st_mtime_ns})\n    return rows\n",
          "exit_code": null,
          "artifacts": [
            {
              "path": "document_index/documents.py",
              "sha256": "e40ea5dcaab8f0278ce2370adb8af3472c0351c6d679183d11a014d5b86793cd",
              "media_type": "text/x-python",
              "size_bytes": 510,
              "summary": ""
            }
          ],
          "evidence": [],
          "metadata": {
            "chunk": {
              "chunk_id": "CH-CURSOR-d1cb78c59268c3b7",
              "source_ref": "document_index/documents.py",
              "source_sha256": "e40ea5dcaab8f0278ce2370adb8af3472c0351c6d679183d11a014d5b86793cd",
              "media_type": "text/plain",
              "byte_start": 0,
              "byte_end": 510,
              "core_start": 0,
              "core_end": 510,
              "overlap_before": 0,
              "overlap_after": 0,
              "chunk_sha256": "e40ea5dcaab8f0278ce2370adb8af3472c0351c6d679183d11a014d5b86793cd",
              "split_strategy_version": "rwkv-token-cursor.v1",
              "previous_chunk_id": null,
              "next_chunk_id": null,
              "complete_source": true,
              "token_start": 0,
              "token_end": 134
            },
            "start_byte": 0,
            "end_byte": 510,
            "next_start_byte": null,
            "truncated": false,
            "complete": true,
            "eof": true,
            "source_size_bytes": 510,
            "observed_tokens": 134,
            "source_start_line": 1,
            "source_end_line": 16
          },
          "error": null,
          "outcome_type": "success"
        },
        "artifact_refs": [
          "ART-7855179d81cbc132a2e0"
        ],
        "workspace_digest_before": "f3f38ce5db72edef2976924400f7f5beb8275266ff082a1d20ee38fe40fb4e31",
        "workspace_digest_after": "f3f38ce5db72edef2976924400f7f5beb8275266ff082a1d20ee38fe40fb4e31",
        "failure_key": "",
        "observation_fingerprint": "0f78f7195631cf95e8ea14203a389b2b552a4c02c63ba60403c94eebc110b746",
        "error": null,
        "outcome_type": "success",
        "atom_execution_contract_digest": ""
      },
      {
        "action_id": "A00006",
        "sequence": 6,
        "status": "succeeded",
        "action_type": "read_file",
        "arguments": {
          "path": "document_index/store.py",
          "start_byte": 0,
          "max_tokens": 4096
        },
        "wire_arguments": {
          "path": "document_index/store.py"
        },
        "action_fingerprint": "07d86f0a85425e041241d666cc397cfcd24dab12be6e194e3972d802a24e7608",
        "idempotency_key": "e9904d3251bd748b41af99266c5371c69fe92b598f8100d13129e9fb183d1564",
        "decision_id": "D-e4fa6092e98c401c",
        "request_id": "MR-777c939903584e16",
        "started_at": "2026-09-14T01:08:00.171+00:00",
        "ended_at": "2026-09-14T01:08:00.212+00:00",
        "result": {
          "action_type": "read_file",
          "success": true,
          "output": "from __future__ import annotations\nimport sqlite3\n\ndef existing(database):\n    return sqlite3.connect(database)\n\ndef synchronize(database, root, documents):\n    with sqlite3.connect(database) as connection:\n        connection.execute('CREATE TABLE IF NOT EXISTS documents (path TEXT PRIMARY KEY, content TEXT NOT NULL, digest TEXT NOT NULL, search TEXT NOT NULL, mtime INTEGER NOT NULL)')\n        connection.execute('CREATE TABLE IF NOT EXISTS metadata (key TEXT PRIMARY KEY, value TEXT NOT NULL)')\n        metadata = dict(connection.execute('SELECT key,value FROM metadata'))\n        old = dict(connection.execute('SELECT path,mtime FROM documents'))\n        counts = {'added': 0, 'updated': 0, 'deleted': 0, 'unchanged': 0}\n        for row in documents:\n            if old.get(row['path']) == row['mtime']:\n                counts['unchanged'] += 1\n                continue\n            counts['updated' if row['path'] in old else 'added'] += 1\n            connection.execute('INSERT OR REPLACE INTO documents VALUES (?,?,?,?,?)', (row['path'], row['content'], row['digest'], row['search'], row['mtime']))\n            connection.commit()\n        generation = int(metadata.get('generation', '0')) + 1\n        connection.execute(\"INSERT OR REPLACE INTO metadata VALUES ('root',?)\", (str(root),))\n        connection.execute(\"INSERT OR REPLACE INTO metadata VALUES ('generation',?)\", (str(generation),))\n        return {**counts, 'generation': generation}\n\ndef status(database):\n    with existing(database) as connection:\n        metadata = dict(connection.execute('SELECT key,value FROM metadata'))\n        count = connection.execute('SELECT COUNT(*) FROM documents').fetchone()[0]\n        return {'document_count': count, 'generation': int(metadata['generation']), 'root': metadata['root']}\n",
          "exit_code": null,
          "artifacts": [
            {
              "path": "document_index/store.py",
              "sha256": "e4361550a79cddee0af5821d2bfc4b1e32dbb5cddd4e0528d92d458854b02e03",
              "media_type": "text/x-python",
              "size_bytes": 1789,
              "summary": ""
            }
          ],
          "evidence": [],
          "metadata": {
            "chunk": {
              "chunk_id": "CH-CURSOR-f7730879d0fd3eae",
              "source_ref": "document_index/store.py",
              "source_sha256": "e4361550a79cddee0af5821d2bfc4b1e32dbb5cddd4e0528d92d458854b02e03",
              "media_type": "text/plain",
              "byte_start": 0,
              "byte_end": 1789,
              "core_start": 0,
              "core_end": 1789,
              "overlap_before": 0,
              "overlap_after": 0,
              "chunk_sha256": "e4361550a79cddee0af5821d2bfc4b1e32dbb5cddd4e0528d92d458854b02e03",
              "split_strategy_version": "rwkv-token-cursor.v1",
              "previous_chunk_id": null,
              "next_chunk_id": null,
              "complete_source": true,
              "token_start": 0,
              "token_end": 412
            },
            "start_byte": 0,
            "end_byte": 1789,
            "next_start_byte": null,
            "truncated": false,
            "complete": true,
            "eof": true,
            "source_size_bytes": 1789,
            "observed_tokens": 412,
            "source_start_line": 1,
            "source_end_line": 30
          },
          "error": null,
          "outcome_type": "success"
        },
        "artifact_refs": [
          "ART-37557bdcdc61b103b15e"
        ],
        "workspace_digest_before": "f3f38ce5db72edef2976924400f7f5beb8275266ff082a1d20ee38fe40fb4e31",
        "workspace_digest_after": "f3f38ce5db72edef2976924400f7f5beb8275266ff082a1d20ee38fe40fb4e31",
        "failure_key": "",
        "observation_fingerprint": "1f6d7ea364d56eaefdb894835cd69cf22895769db8ef15b119b1d82f66c10ca1",
        "error": null,
        "outcome_type": "success",
        "atom_execution_contract_digest": ""
      },
      {
        "action_id": "A00007",
        "sequence": 7,
        "status": "succeeded",
        "action_type": "read_file",
        "arguments": {
          "path": "index_cli.py",
          "start_byte": 0,
          "max_tokens": 4096
        },
        "wire_arguments": {
          "path": "index_cli.py"
        },
        "action_fingerprint": "c5541e52d130945d6cdb1643a84555a84347074aa57dd690e1ce0c45f9ae4d6b",
        "idempotency_key": "c79dff1e8995f8a615594685cb9348c1290e5d4464280bf0a59b7a36ec2d442d",
        "decision_id": "D-aa90e998b3314a1f",
        "request_id": "MR-f20d6f4458d54d8e",
        "started_at": "2026-09-14T01:08:29.909+00:00",
        "ended_at": "2026-09-14T01:08:29.952+00:00",
        "result": {
          "action_type": "read_file",
          "success": true,
          "output": "from __future__ import annotations\nimport argparse\nimport json\nimport sys\nfrom pathlib import Path\nfrom document_index.documents import collect\nfrom document_index.store import synchronize, status\nfrom document_index.query import query\n\ndef main():\n    parser = argparse.ArgumentParser(description='Incremental Unicode document index')\n    commands = parser.add_subparsers(dest='command', required=True)\n    sync = commands.add_parser('sync'); sync.add_argument('--root', required=True); sync.add_argument('--db', required=True)\n    find = commands.add_parser('query'); find.add_argument('--db', required=True); find.add_argument('--text', required=True); find.add_argument('--limit', type=int, default=None)\n    info = commands.add_parser('status'); info.add_argument('--db', required=True)\n    arguments = parser.parse_args()\n    try:\n        database = Path(arguments.db)\n        if arguments.command == 'sync':\n            root = Path(arguments.root).resolve()\n            result = synchronize(database, root, collect(root))\n        elif arguments.command == 'query':\n            result = query(database, arguments.text, limit=arguments.limit)\n        else:\n            result = status(database)\n        print(json.dumps(result, ensure_ascii=False))\n        return 0\n    except Exception as error:\n        print(json.dumps({'error': type(error).__name__ + ': ' + str(error)}, ensure_ascii=False), file=sys.stderr)\n        return 2\n\nif __name__ == '__main__':\n    raise SystemExit(main())\n",
          "exit_code": null,
          "artifacts": [
            {
              "path": "index_cli.py",
              "sha256": "1774755ed36cb1ba801206d51709fdce3ae2c6df0b093e55a5ccaba21892a74d",
              "media_type": "text/x-python",
              "size_bytes": 1492,
              "summary": ""
            }
          ],
          "evidence": [],
          "metadata": {
            "chunk": {
              "chunk_id": "CH-CURSOR-2c1355ed9019a2a3",
              "source_ref": "index_cli.py",
              "source_sha256": "1774755ed36cb1ba801206d51709fdce3ae2c6df0b093e55a5ccaba21892a74d",
              "media_type": "text/plain",
              "byte_start": 0,
              "byte_end": 1492,
              "core_start": 0,
              "core_end": 1492,
              "overlap_before": 0,
              "overlap_after": 0,
              "chunk_sha256": "1774755ed36cb1ba801206d51709fdce3ae2c6df0b093e55a5ccaba21892a74d",
              "split_strategy_version": "rwkv-token-cursor.v1",
              "previous_chunk_id": null,
              "next_chunk_id": null,
              "complete_source": true,
              "token_start": 0,
              "token_end": 371
            },
            "start_byte": 0,
            "end_byte": 1492,
            "next_start_byte": null,
            "truncated": false,
            "complete": true,
            "eof": true,
            "source_size_bytes": 1492,
            "observed_tokens": 371,
            "source_start_line": 1,
            "source_end_line": 33
          },
          "error": null,
          "outcome_type": "success"
        },
        "artifact_refs": [
          "ART-95cac8afde1ce91328ea"
        ],
        "workspace_digest_before": "f3f38ce5db72edef2976924400f7f5beb8275266ff082a1d20ee38fe40fb4e31",
        "workspace_digest_after": "f3f38ce5db72edef2976924400f7f5beb8275266ff082a1d20ee38fe40fb4e31",
        "failure_key": "",
        "observation_fingerprint": "18b39e21400c0ed5944fed62f6d61be78a89082f227d1dd3c6c68694105effc9",
        "error": null,
        "outcome_type": "success",
        "atom_execution_contract_digest": ""
      },
      {
        "action_id": "A00008",
        "sequence": 8,
        "status": "succeeded",
        "action_type": "read_file",
        "arguments": {
          "path": "test_failure.txt",
          "start_byte": 0,
          "max_tokens": 4096
        },
        "wire_arguments": {
          "path": "test_failure.txt"
        },
        "action_fingerprint": "2d1c80bd6bd2c9cb1608be3e5932613a3014a30cf00161862f36125b5fe29975",
        "idempotency_key": "36fb731d92bf46fdaf539bdb48dc9267c526b2a0af6edb7b95fe7dded0ab82fd",
        "decision_id": "D-f6a6ed21cc954134",
        "request_id": "MR-721f69a672f045f4",
        "started_at": "2026-09-14T01:08:59.516+00:00",
        "ended_at": "2026-09-14T01:08:59.561+00:00",
        "result": {
          "action_type": "read_file",
          "success": true,
          "output": "E\n======================================================================\nERROR: test_query_limit (__main__.LimitTests.test_query_limit)\n----------------------------------------------------------------------\nTraceback (most recent call last):\n  File \"/workspace/test_query_limit.py\", line 19, in test_query_limit\n    self.assertEqual(query(db,'hello'),full)\n                     ~~~~~^^^^^^^^^^^^\n  File \"/workspace/document_index/query.py\", line 14, in query\n    rows = connection.execute('SELECT path FROM documents WHERE instr(search,?) > 0 ORDER BY path', (normalize(text),)).fetchmany(limit if limit is not None else -1)\nValueError: value must be positive\n\n----------------------------------------------------------------------\nRan 1 test in 0.025s\n\nFAILED (errors=1)\n",
          "exit_code": null,
          "artifacts": [
            {
              "path": "test_failure.txt",
              "sha256": "d9997790737b10075f370f05d1685aa8807db54c917aaa0a308cfbf0f36fd58d",
              "media_type": "text/plain",
              "size_bytes": 772,
              "summary": ""
            }
          ],
          "evidence": [],
          "metadata": {
            "chunk": {
              "chunk_id": "CH-CURSOR-5f0d70c0dfd69f3a",
              "source_ref": "test_failure.txt",
              "source_sha256": "d9997790737b10075f370f05d1685aa8807db54c917aaa0a308cfbf0f36fd58d",
              "media_type": "text/plain",
              "byte_start": 0,
              "byte_end": 772,
              "core_start": 0,
              "core_end": 772,
              "overlap_before": 0,
              "overlap_after": 0,
              "chunk_sha256": "d9997790737b10075f370f05d1685aa8807db54c917aaa0a308cfbf0f36fd58d",
              "split_strategy_version": "rwkv-token-cursor.v1",
              "previous_chunk_id": null,
              "next_chunk_id": null,
              "complete_source": true,
              "token_start": 0,
              "token_end": 167
            },
            "start_byte": 0,
            "end_byte": 772,
            "next_start_byte": null,
            "truncated": false,
            "complete": true,
            "eof": true,
            "source_size_bytes": 772,
            "observed_tokens": 167,
            "source_start_line": 1,
            "source_end_line": 16
          },
          "error": null,
          "outcome_type": "success"
        },
        "artifact_refs": [
          "ART-f0f0558047096929ae77"
        ],
        "workspace_digest_before": "f3f38ce5db72edef2976924400f7f5beb8275266ff082a1d20ee38fe40fb4e31",
        "workspace_digest_after": "f3f38ce5db72edef2976924400f7f5beb8275266ff082a1d20ee38fe40fb4e31",
        "failure_key": "",
        "observation_fingerprint": "8898292d0fa0925980096b64a6f8ec7f9671f147c5782e19750de6d8b3998640",
        "error": null,
        "outcome_type": "success",
        "atom_execution_contract_digest": ""
      },
      {
        "action_id": "A00009",
        "sequence": 9,
        "status": "succeeded",
        "action_type": "read_file",
        "arguments": {
          "path": "test_query_limit.py",
          "start_byte": 0,
          "max_tokens": 4096
        },
        "wire_arguments": {
          "path": "test_query_limit.py"
        },
        "action_fingerprint": "31f594e409374f6a2671afcd428887e72c0075ad596c856199fe03810f525428",
        "idempotency_key": "ac0951e52788a18dc68acccae0d98a58611c2daaa1eb0d09f35e4af4ff5770c5",
        "decision_id": "D-dd346f99b4364f8d",
        "request_id": "MR-66041f076c584ca7",
        "started_at": "2026-09-14T01:09:30.004+00:00",
        "ended_at": "2026-09-14T01:09:30.052+00:00",
        "result": {
          "action_type": "read_file",
          "success": true,
          "output": "import json\nimport subprocess\nimport sys\nimport tempfile\nimport unittest\nfrom pathlib import Path\nfrom document_index.query import query\nROOT=Path(__file__).resolve().parent\nclass LimitTests(unittest.TestCase):\n    def test_query_limit(self):\n        with tempfile.TemporaryDirectory() as tmp:\n            p=Path(tmp); docs=p/'docs'; docs.mkdir(); db=p/'index.db'\n            for name in ('c.md','a.md','b.md'):\n                (docs/name).write_text('hello world')\n            def cli(*args):\n                return subprocess.run([sys.executable,'-B',str(ROOT/'index_cli.py'),*args],cwd=ROOT,capture_output=True,text=True)\n            self.assertEqual(cli('sync','--root',str(docs),'--db',str(db)).returncode,0)\n            full={'count':3,'matches':[{'path':n} for n in ('a.md','b.md','c.md')]}\n            self.assertEqual(query(db,'hello'),full)\n            self.assertEqual(json.loads(cli('query','--db',str(db),'--text','hello').stdout),full)\n            for limit in (1,2,5):\n                expected={'count':min(limit,3),'matches':full['matches'][:limit]}\n                self.assertEqual(query(db,'hello',limit=limit),expected)\n                result=cli('query','--db',str(db),'--text','hello','--limit',str(limit))\n                self.assertEqual(result.returncode,0,result.stderr)\n                self.assertEqual(json.loads(result.stdout),expected)\n            self.assertEqual(query(db,'absent',limit=1),{'count':0,'matches':[]})\n            for invalid in (0,-1):\n                with self.assertRaises(ValueError): query(db,'hello',limit=invalid)\n                self.assertNotEqual(cli('query','--db',str(db),'--text','hello','--limit',str(invalid)).returncode,0)\nif __name__=='__main__': unittest.main()\n",
          "exit_code": null,
          "artifacts": [
            {
              "path": "test_query_limit.py",
              "sha256": "3d08f872136753c27a00cb226120cc081247b00282252897d675861c0136d2d3",
              "media_type": "text/x-python",
              "size_bytes": 1725,
              "summary": ""
            }
          ],
          "evidence": [],
          "metadata": {
            "chunk": {
              "chunk_id": "CH-CURSOR-f89624455eda026a",
              "source_ref": "test_query_limit.py",
              "source_sha256": "3d08f872136753c27a00cb226120cc081247b00282252897d675861c0136d2d3",
              "media_type": "text/plain",
              "byte_start": 0,
              "byte_end": 1725,
              "core_start": 0,
              "core_end": 1725,
              "overlap_before": 0,
              "overlap_after": 0,
              "chunk_sha256": "3d08f872136753c27a00cb226120cc081247b00282252897d675861c0136d2d3",
              "split_strategy_version": "rwkv-token-cursor.v1",
              "previous_chunk_id": null,
              "next_chunk_id": null,
              "complete_source": true,
              "token_start": 0,
              "token_end": 488
            },
            "start_byte": 0,
            "end_byte": 1725,
            "next_start_byte": null,
            "truncated": false,
            "complete": true,
            "eof": true,
            "source_size_bytes": 1725,
            "observed_tokens": 488,
            "source_start_line": 1,
            "source_end_line": 31
          },
          "error": null,
          "outcome_type": "success"
        },
        "artifact_refs": [
          "ART-2b712a8c719de5819a81"
        ],
        "workspace_digest_before": "f3f38ce5db72edef2976924400f7f5beb8275266ff082a1d20ee38fe40fb4e31",
        "workspace_digest_after": "f3f38ce5db72edef2976924400f7f5beb8275266ff082a1d20ee38fe40fb4e31",
        "failure_key": "",
        "observation_fingerprint": "0d5d438bc4859e4f04db46035eefe58cdb982085d2295ca64277bad893d662fc",
        "error": null,
        "outcome_type": "success",
        "atom_execution_contract_digest": ""
      },
      {
        "action_id": "A00010",
        "sequence": 10,
        "status": "succeeded",
        "action_type": "read_file",
        "arguments": {
          "path": "test_failure.txt",
          "start_byte": 0,
          "max_tokens": 4096
        },
        "wire_arguments": {
          "path": "test_failure.txt"
        },
        "action_fingerprint": "2d1c80bd6bd2c9cb1608be3e5932613a3014a30cf00161862f36125b5fe29975",
        "idempotency_key": "54c9388546b92a987cbac9f3fb7891437547f2f4e6cac8b92bc193ba87218272",
        "decision_id": "D-8209d8086a364974",
        "request_id": "MR-6c69e25e31c14c1c",
        "started_at": "2026-09-14T01:09:59.798+00:00",
        "ended_at": "2026-09-14T01:09:59.850+00:00",
        "result": {
          "action_type": "read_file",
          "success": true,
          "output": "E\n======================================================================\nERROR: test_query_limit (__main__.LimitTests.test_query_limit)\n----------------------------------------------------------------------\nTraceback (most recent call last):\n  File \"/workspace/test_query_limit.py\", line 19, in test_query_limit\n    self.assertEqual(query(db,'hello'),full)\n                     ~~~~~^^^^^^^^^^^^\n  File \"/workspace/document_index/query.py\", line 14, in query\n    rows = connection.execute('SELECT path FROM documents WHERE instr(search,?) > 0 ORDER BY path', (normalize(text),)).fetchmany(limit if limit is not None else -1)\nValueError: value must be positive\n\n----------------------------------------------------------------------\nRan 1 test in 0.025s\n\nFAILED (errors=1)\n",
          "exit_code": null,
          "artifacts": [
            {
              "path": "test_failure.txt",
              "sha256": "d9997790737b10075f370f05d1685aa8807db54c917aaa0a308cfbf0f36fd58d",
              "media_type": "text/plain",
              "size_bytes": 772,
              "summary": ""
            }
          ],
          "evidence": [],
          "metadata": {
            "chunk": {
              "chunk_id": "CH-CURSOR-5f0d70c0dfd69f3a",
              "source_ref": "test_failure.txt",
              "source_sha256": "d9997790737b10075f370f05d1685aa8807db54c917aaa0a308cfbf0f36fd58d",
              "media_type": "text/plain",
              "byte_start": 0,
              "byte_end": 772,
              "core_start": 0,
              "core_end": 772,
              "overlap_before": 0,
              "overlap_after": 0,
              "chunk_sha256": "d9997790737b10075f370f05d1685aa8807db54c917aaa0a308cfbf0f36fd58d",
              "split_strategy_version": "rwkv-token-cursor.v1",
              "previous_chunk_id": null,
              "next_chunk_id": null,
              "complete_source": true,
              "token_start": 0,
              "token_end": 167
            },
            "start_byte": 0,
            "end_byte": 772,
            "next_start_byte": null,
            "truncated": false,
            "complete": true,
            "eof": true,
            "source_size_bytes": 772,
            "observed_tokens": 167,
            "source_start_line": 1,
            "source_end_line": 16
          },
          "error": null,
          "outcome_type": "success"
        },
        "artifact_refs": [
          "ART-0445cbdd6a18f5013edd"
        ],
        "workspace_digest_before": "f3f38ce5db72edef2976924400f7f5beb8275266ff082a1d20ee38fe40fb4e31",
        "workspace_digest_after": "f3f38ce5db72edef2976924400f7f5beb8275266ff082a1d20ee38fe40fb4e31",
        "failure_key": "",
        "observation_fingerprint": "8898292d0fa0925980096b64a6f8ec7f9671f147c5782e19750de6d8b3998640",
        "error": null,
        "outcome_type": "success",
        "atom_execution_contract_digest": ""
      },
      {
        "action_id": "A00011",
        "sequence": 11,
        "status": "succeeded",
        "action_type": "replace_text",
        "arguments": {
          "path": "document_index/query.py",
          "old": "        rows = connection.execute('SELECT path FROM documents WHERE instr(search,?) > 0 ORDER BY path', (normalize(text),)).fetchmany(limit if limit is not None else -1)",
          "new": "        cursor = connection.execute('SELECT path FROM documents WHERE instr(search,?) > 0 ORDER BY path', (normalize(text),))\n        rows = cursor.fetchall() if limit is None else cursor.fetchmany(limit)",
          "base_sha256": "cca1a251c41e1b5e7d60f81ef704228ee14ceaee7768c5364d9fadb7978593ff",
          "all": false
        },
        "wire_arguments": {
          "path": "document_index/query.py",
          "old": "        rows = connection.execute('SELECT path FROM documents WHERE instr(search,?) > 0 ORDER BY path', (normalize(text),)).fetchmany(limit if limit is not None else -1)",
          "new": "        cursor = connection.execute('SELECT path FROM documents WHERE instr(search,?) > 0 ORDER BY path', (normalize(text),))\n        rows = cursor.fetchall() if limit is None else cursor.fetchmany(limit)",
          "base_sha256": "cca1a251c41e1b5e7d60f81ef704228ee14ceaee7768c5364d9fadb7978593ff"
        },
        "action_fingerprint": "582ce32c98b4472401cd9134983d6e7c97ca812014a68b9571c5a50a5aad534b",
        "idempotency_key": "46ac23b4862aeb7a640f719209bc0390b9e1a717d1db3eb3e65d423723dc1a7c",
        "decision_id": "D-8a8fa6df96ab4a61",
        "request_id": "MR-aa0c6195f1a94e5a",
        "started_at": "2026-09-14T03:57:30.757+00:00",
        "ended_at": "2026-09-14T03:57:30.834+00:00",
        "result": {
          "action_type": "replace_text",
          "success": true,
          "output": "replaced 1 occurrence(s)",
          "exit_code": null,
          "artifacts": [
            {
              "path": "document_index/query.py",
              "sha256": "39871d4925eb9dbfbf6b1b2fe66b4358c0c5fe9c6318c25fbe9a9dffa2d3f556",
              "media_type": "text/x-python",
              "size_bytes": 794,
              "summary": ""
            }
          ],
          "evidence": [],
          "metadata": {
            "base_snapshot_sha256": "cca1a251c41e1b5e7d60f81ef704228ee14ceaee7768c5364d9fadb7978593ff",
            "result_snapshot_sha256": "39871d4925eb9dbfbf6b1b2fe66b4358c0c5fe9c6318c25fbe9a9dffa2d3f556",
            "snapshot_transition_verified": true
          },
          "error": null,
          "outcome_type": "success"
        },
        "artifact_refs": [
          "ART-040e2fff1d6827c36e4c"
        ],
        "workspace_digest_before": "f3f38ce5db72edef2976924400f7f5beb8275266ff082a1d20ee38fe40fb4e31",
        "workspace_digest_after": "e83d57dc46a21049a62500d0275325d9e1534c22da4583d32eda3fa79455743a",
        "failure_key": "",
        "observation_fingerprint": "bcda081a87aabb7e8e8bbb4ca582fbf6ad3b027f987df9ec578a06bdd498fa53",
        "error": null,
        "outcome_type": "success",
        "atom_execution_contract_digest": ""
      },
      {
        "action_id": "A00012",
        "sequence": 12,
        "status": "succeeded",
        "action_type": "check_command",
        "arguments": {
          "argv": [
            "python3",
            "-B",
            "test_query_limit.py"
          ],
          "cwd": ".",
          "expected_exit_code": 0,
          "timeout": 120,
          "env": {}
        },
        "wire_arguments": {
          "argv": [
            "python3",
            "-B",
            "test_query_limit.py"
          ],
          "cwd": ".",
          "expected_exit_code": 0,
          "timeout": 120
        },
        "action_fingerprint": "f78a8394c0d64019157aa8224fde4c898589275bc608b78dd532a94db18d270d",
        "idempotency_key": "79eab1fe2b98db909a885e9abee41cb22d904072c3392efcb686243dbc3d5ad6",
        "decision_id": "D-9bc3b2a2dbcc4143",
        "request_id": "MR-0bea0b2c34a74ed0",
        "started_at": "2026-09-14T03:57:32.050+00:00",
        "ended_at": "2026-09-14T03:57:32.409+00:00",
        "result": {
          "action_type": "check_command",
          "success": true,
          "output": ".\n----------------------------------------------------------------------\nRan 1 test in 0.230s\n\nOK\n",
          "exit_code": 0,
          "artifacts": [],
          "evidence": [],
          "metadata": {
            "argv": [
              "python3",
              "-B",
              "test_query_limit.py"
            ],
            "resolved_argv": [
              "/home/chase/.local/share/uv/python/cpython-3.13.11-linux-x86_64-gnu/bin/python3.13",
              "-B",
              "test_query_limit.py"
            ],
            "executable_resolution": "project_runtime_executable",
            "cwd": ".",
            "output_truncated": false,
            "command_streams": {
              "stdout": {
                "start_byte": 0,
                "end_byte": 0,
                "chars": 0,
                "bytes": 0,
                "sha256": "e3b0c44298fc1c149afbf4c8996fb92427ae41e4649b934ca495991b7852b855"
              },
              "stderr": {
                "start_byte": 0,
                "end_byte": 98,
                "chars": 98,
                "bytes": 98,
                "sha256": "cc4c6538a1fb5be974546a5f7ef00dbf2e453240380409722dfc6fee8266ad29"
              }
            },
            "sandboxed": true,
            "sandbox_backend": "bubblewrap",
            "expected_exit_code": 0,
            "exit_code_matched": true,
            "workspace_ephemeral": true,
            "writes_discarded": true
          },
          "error": null,
          "outcome_type": "success"
        },
        "artifact_refs": [],
        "workspace_digest_before": "e83d57dc46a21049a62500d0275325d9e1534c22da4583d32eda3fa79455743a",
        "workspace_digest_after": "e83d57dc46a21049a62500d0275325d9e1534c22da4583d32eda3fa79455743a",
        "failure_key": "",
        "observation_fingerprint": "5edaca66eb65b22a500544220b4f08b109d7203c57dc15570325236f69166a02",
        "error": null,
        "outcome_type": "success",
        "atom_execution_contract_digest": ""
      }
    ],
    "elapsed_seconds": 9.956995485001244,
    "workspace": "/home/chase/GitHub/RWKV-LH/data/experiments/RWKV_ASSISTED_RECOVERY_R1_20260914/runs/takeover-1/workspace",
    "final_files": {
      "README.md": "c59d17ad11b269a091bf6f817cb45ed89bf60f6a7abfdfd68efcbfa0b38e2c55",
      "docs/welcome.md": "8cf0921cb0e16821a06e1dbe4a9135b2aef3e063346629040427a9ca0d4fc043",
      "docs/团队/notes.txt": "d164ce3e0e3f9077661b4a70d095d88ff9d3f25d39b4219233fbe83f98ec0cc5",
      "document_index/__init__.py": "e3b0c44298fc1c149afbf4c8996fb92427ae41e4649b934ca495991b7852b855",
      "document_index/documents.py": "e40ea5dcaab8f0278ce2370adb8af3472c0351c6d679183d11a014d5b86793cd",
      "document_index/query.py": "39871d4925eb9dbfbf6b1b2fe66b4358c0c5fe9c6318c25fbe9a9dffa2d3f556",
      "document_index/store.py": "e4361550a79cddee0af5821d2bfc4b1e32dbb5cddd4e0528d92d458854b02e03",
      "index_cli.py": "1774755ed36cb1ba801206d51709fdce3ae2c6df0b093e55a5ccaba21892a74d",
      "test_failure.txt": "d9997790737b10075f370f05d1685aa8807db54c917aaa0a308cfbf0f36fd58d",
      "test_query_limit.py": "3d08f872136753c27a00cb226120cc081247b00282252897d675861c0136d2d3"
    },
    "changed_files": [
      "document_index/query.py"
    ]
  },
  {
    "id": "advice-2",
    "final": null,
    "termination": "budget",
    "termination_reason": "identical_success_budget_exhausted",
    "termination_evidence": {
      "schema_version": "rwkv-lh.causal-event.v2",
      "event_id": "CE-000065",
      "run_id": "query-repair",
      "sequence": 65,
      "parent_id": "CE-000064",
      "cause_id": "CE-000064",
      "subject_id": "query-repair",
      "event_type": "run_yielded",
      "payload_schema": "rwkv-lh.run-yielded.v1",
      "payload": {
        "reason": "identical_success_budget_exhausted",
        "boundary_type": "run_interrupted",
        "resumable": true,
        "termination_permitted": false,
        "continuation": "controller_resume",
        "candidate_decision_id": "",
        "candidate_output_source": "none",
        "candidate_output_sha256": "e3b0c44298fc1c149afbf4c8996fb92427ae41e4649b934ca495991b7852b855",
        "candidate_output": "",
        "at": "2026-09-14T03:59:00.877+00:00"
      },
      "created_at": "2026-09-14T03:59:00.889+00:00",
      "digest": "cf23bee073d2751a3dc30b03a356fd6ec038ce71c796d16084dee8779ede5795"
    },
    "command_executions": [],
    "acceptance": "not_evaluated",
    "assistance": "strong_advised",
    "execution_model": "rwkv7-g1j-13.3b-zero-state-capability-ctx16384",
    "execution_authority": "rwkv",
    "continuation": {
      "directory": "/home/chase/GitHub/RWKV-LH/data/experiments/RWKV_QUERY_REPAIR_FEEDBACK_R1_20260914/runs/repeat-2/execution",
      "parent_checkpoint_id": "CP-eb26ec8522974be3",
      "parent_final_decision_id": "",
      "historical_actions": 12,
      "parent_generation_started": 13,
      "parent_state_sha256": "ddd0abf1ffc19210b7842b61256658fd948c09efff917b7bf046da2f4dca1442",
      "advice_model": "deepseek-flash"
    },
    "error": null,
    "status": "running",
    "trace_complete": true,
    "trace_errors": [],
    "tool_scope": "coding",
    "generation_started": 2,
    "protocol_rejections": 1,
    "actions": [
      {
        "action_id": "A00001",
        "sequence": 1,
        "status": "succeeded",
        "action_type": "list_directory",
        "arguments": {
          "path": ".",
          "recursive": false,
          "max_entries": 1024,
          "start_after": "",
          "max_tokens": 4096
        },
        "wire_arguments": {
          "path": "."
        },
        "action_fingerprint": "463f0d4912d882149246ef06a8a848e6d2485f6a70237a26c07d13cd58e61769",
        "idempotency_key": "db8ff4d61450bd9414b172a90c962af51c82410715e12db0984de01545cdf718",
        "decision_id": "D-ceb2aa0772ef4617",
        "request_id": "MR-9e6e94cb2fe34b98",
        "started_at": "2026-09-14T01:10:23.131+00:00",
        "ended_at": "2026-09-14T01:10:23.160+00:00",
        "result": {
          "action_type": "list_directory",
          "success": true,
          "output": "{\"entries\": [{\"path\": \"README.md\", \"size_bytes\": 2194, \"type\": \"file\"}, {\"path\": \"docs\", \"type\": \"directory\"}, {\"path\": \"document_index\", \"type\": \"directory\"}, {\"path\": \"index_cli.py\", \"size_bytes\": 1492, \"type\": \"file\"}, {\"path\": \"test_failure.txt\", \"size_bytes\": 772, \"type\": \"file\"}, {\"path\": \"test_query_limit.py\", \"size_bytes\": 1725, \"type\": \"file\"}], \"entry_count\": 6, \"next_cursor\": \"\", \"path\": \".\", \"recursive\": false, \"truncated\": false}",
          "exit_code": null,
          "artifacts": [],
          "evidence": [],
          "metadata": {
            "path": ".",
            "recursive": false,
            "entries": [
              {
                "path": "README.md",
                "type": "file",
                "size_bytes": 2194
              },
              {
                "path": "docs",
                "type": "directory"
              },
              {
                "path": "document_index",
                "type": "directory"
              },
              {
                "path": "index_cli.py",
                "type": "file",
                "size_bytes": 1492
              },
              {
                "path": "test_failure.txt",
                "type": "file",
                "size_bytes": 772
              },
              {
                "path": "test_query_limit.py",
                "type": "file",
                "size_bytes": 1725
              }
            ],
            "entry_count": 6,
            "truncated": false,
            "next_cursor": "",
            "complete": true
          },
          "error": null,
          "outcome_type": "success"
        },
        "artifact_refs": [],
        "workspace_digest_before": "f3f38ce5db72edef2976924400f7f5beb8275266ff082a1d20ee38fe40fb4e31",
        "workspace_digest_after": "f3f38ce5db72edef2976924400f7f5beb8275266ff082a1d20ee38fe40fb4e31",
        "failure_key": "",
        "observation_fingerprint": "58372a906f866fbbf5d7ef3a89a76a66bf073ca79278376fd3e34a9114cb5155",
        "error": null,
        "outcome_type": "success",
        "atom_execution_contract_digest": ""
      },
      {
        "action_id": "A00002",
        "sequence": 2,
        "status": "succeeded",
        "action_type": "read_file",
        "arguments": {
          "path": "test_query_limit.py",
          "start_byte": 0,
          "max_tokens": 4096
        },
        "wire_arguments": {
          "path": "test_query_limit.py"
        },
        "action_fingerprint": "31f594e409374f6a2671afcd428887e72c0075ad596c856199fe03810f525428",
        "idempotency_key": "769c52820cb389078f2a5d5fe5b335455778345bc9e928fe3f72fedb1aaf2975",
        "decision_id": "D-9203d6ebd2924ec3",
        "request_id": "MR-43b636942b944994",
        "started_at": "2026-09-14T01:11:23.680+00:00",
        "ended_at": "2026-09-14T01:11:23.716+00:00",
        "result": {
          "action_type": "read_file",
          "success": true,
          "output": "import json\nimport subprocess\nimport sys\nimport tempfile\nimport unittest\nfrom pathlib import Path\nfrom document_index.query import query\nROOT=Path(__file__).resolve().parent\nclass LimitTests(unittest.TestCase):\n    def test_query_limit(self):\n        with tempfile.TemporaryDirectory() as tmp:\n            p=Path(tmp); docs=p/'docs'; docs.mkdir(); db=p/'index.db'\n            for name in ('c.md','a.md','b.md'):\n                (docs/name).write_text('hello world')\n            def cli(*args):\n                return subprocess.run([sys.executable,'-B',str(ROOT/'index_cli.py'),*args],cwd=ROOT,capture_output=True,text=True)\n            self.assertEqual(cli('sync','--root',str(docs),'--db',str(db)).returncode,0)\n            full={'count':3,'matches':[{'path':n} for n in ('a.md','b.md','c.md')]}\n            self.assertEqual(query(db,'hello'),full)\n            self.assertEqual(json.loads(cli('query','--db',str(db),'--text','hello').stdout),full)\n            for limit in (1,2,5):\n                expected={'count':min(limit,3),'matches':full['matches'][:limit]}\n                self.assertEqual(query(db,'hello',limit=limit),expected)\n                result=cli('query','--db',str(db),'--text','hello','--limit',str(limit))\n                self.assertEqual(result.returncode,0,result.stderr)\n                self.assertEqual(json.loads(result.stdout),expected)\n            self.assertEqual(query(db,'absent',limit=1),{'count':0,'matches':[]})\n            for invalid in (0,-1):\n                with self.assertRaises(ValueError): query(db,'hello',limit=invalid)\n                self.assertNotEqual(cli('query','--db',str(db),'--text','hello','--limit',str(invalid)).returncode,0)\nif __name__=='__main__': unittest.main()\n",
          "exit_code": null,
          "artifacts": [
            {
              "path": "test_query_limit.py",
              "sha256": "3d08f872136753c27a00cb226120cc081247b00282252897d675861c0136d2d3",
              "media_type": "text/x-python",
              "size_bytes": 1725,
              "summary": ""
            }
          ],
          "evidence": [],
          "metadata": {
            "chunk": {
              "chunk_id": "CH-CURSOR-f89624455eda026a",
              "source_ref": "test_query_limit.py",
              "source_sha256": "3d08f872136753c27a00cb226120cc081247b00282252897d675861c0136d2d3",
              "media_type": "text/plain",
              "byte_start": 0,
              "byte_end": 1725,
              "core_start": 0,
              "core_end": 1725,
              "overlap_before": 0,
              "overlap_after": 0,
              "chunk_sha256": "3d08f872136753c27a00cb226120cc081247b00282252897d675861c0136d2d3",
              "split_strategy_version": "rwkv-token-cursor.v1",
              "previous_chunk_id": null,
              "next_chunk_id": null,
              "complete_source": true,
              "token_start": 0,
              "token_end": 488
            },
            "start_byte": 0,
            "end_byte": 1725,
            "next_start_byte": null,
            "truncated": false,
            "complete": true,
            "eof": true,
            "source_size_bytes": 1725,
            "observed_tokens": 488,
            "source_start_line": 1,
            "source_end_line": 31
          },
          "error": null,
          "outcome_type": "success"
        },
        "artifact_refs": [
          "ART-bc6e4a0a379c08481e5d"
        ],
        "workspace_digest_before": "f3f38ce5db72edef2976924400f7f5beb8275266ff082a1d20ee38fe40fb4e31",
        "workspace_digest_after": "f3f38ce5db72edef2976924400f7f5beb8275266ff082a1d20ee38fe40fb4e31",
        "failure_key": "",
        "observation_fingerprint": "0d5d438bc4859e4f04db46035eefe58cdb982085d2295ca64277bad893d662fc",
        "error": null,
        "outcome_type": "success",
        "atom_execution_contract_digest": ""
      },
      {
        "action_id": "A00003",
        "sequence": 3,
        "status": "succeeded",
        "action_type": "read_file",
        "arguments": {
          "path": "test_failure.txt",
          "start_byte": 0,
          "max_tokens": 4096
        },
        "wire_arguments": {
          "path": "test_failure.txt"
        },
        "action_fingerprint": "2d1c80bd6bd2c9cb1608be3e5932613a3014a30cf00161862f36125b5fe29975",
        "idempotency_key": "166f5c64a4b7c6931c419e02d92cf21a506e1270e37120f63bb8bebe3de610ff",
        "decision_id": "D-e9a1bc76a44345dc",
        "request_id": "MR-3cdf62674a524336",
        "started_at": "2026-09-14T01:11:53.808+00:00",
        "ended_at": "2026-09-14T01:11:53.842+00:00",
        "result": {
          "action_type": "read_file",
          "success": true,
          "output": "E\n======================================================================\nERROR: test_query_limit (__main__.LimitTests.test_query_limit)\n----------------------------------------------------------------------\nTraceback (most recent call last):\n  File \"/workspace/test_query_limit.py\", line 19, in test_query_limit\n    self.assertEqual(query(db,'hello'),full)\n                     ~~~~~^^^^^^^^^^^^\n  File \"/workspace/document_index/query.py\", line 14, in query\n    rows = connection.execute('SELECT path FROM documents WHERE instr(search,?) > 0 ORDER BY path', (normalize(text),)).fetchmany(limit if limit is not None else -1)\nValueError: value must be positive\n\n----------------------------------------------------------------------\nRan 1 test in 0.025s\n\nFAILED (errors=1)\n",
          "exit_code": null,
          "artifacts": [
            {
              "path": "test_failure.txt",
              "sha256": "d9997790737b10075f370f05d1685aa8807db54c917aaa0a308cfbf0f36fd58d",
              "media_type": "text/plain",
              "size_bytes": 772,
              "summary": ""
            }
          ],
          "evidence": [],
          "metadata": {
            "chunk": {
              "chunk_id": "CH-CURSOR-5f0d70c0dfd69f3a",
              "source_ref": "test_failure.txt",
              "source_sha256": "d9997790737b10075f370f05d1685aa8807db54c917aaa0a308cfbf0f36fd58d",
              "media_type": "text/plain",
              "byte_start": 0,
              "byte_end": 772,
              "core_start": 0,
              "core_end": 772,
              "overlap_before": 0,
              "overlap_after": 0,
              "chunk_sha256": "d9997790737b10075f370f05d1685aa8807db54c917aaa0a308cfbf0f36fd58d",
              "split_strategy_version": "rwkv-token-cursor.v1",
              "previous_chunk_id": null,
              "next_chunk_id": null,
              "complete_source": true,
              "token_start": 0,
              "token_end": 167
            },
            "start_byte": 0,
            "end_byte": 772,
            "next_start_byte": null,
            "truncated": false,
            "complete": true,
            "eof": true,
            "source_size_bytes": 772,
            "observed_tokens": 167,
            "source_start_line": 1,
            "source_end_line": 16
          },
          "error": null,
          "outcome_type": "success"
        },
        "artifact_refs": [
          "ART-b7e63d34afb32f8c961e"
        ],
        "workspace_digest_before": "f3f38ce5db72edef2976924400f7f5beb8275266ff082a1d20ee38fe40fb4e31",
        "workspace_digest_after": "f3f38ce5db72edef2976924400f7f5beb8275266ff082a1d20ee38fe40fb4e31",
        "failure_key": "",
        "observation_fingerprint": "8898292d0fa0925980096b64a6f8ec7f9671f147c5782e19750de6d8b3998640",
        "error": null,
        "outcome_type": "success",
        "atom_execution_contract_digest": ""
      },
      {
        "action_id": "A00004",
        "sequence": 4,
        "status": "succeeded",
        "action_type": "read_file",
        "arguments": {
          "path": "document_index/query.py",
          "start_byte": 0,
          "max_tokens": 4096
        },
        "wire_arguments": {
          "path": "document_index/query.py"
        },
        "action_fingerprint": "c5ee139720305ed64cc94e04c0667343fc01bb0096b3c04fc30afdb9bcdbed30",
        "idempotency_key": "84a29f025df0b1c3e2dbd438baead5cd4922e77616548b4e26e351d09aa75c66",
        "decision_id": "D-b8455c74ec5d4c41",
        "request_id": "MR-304cd94f46794136",
        "started_at": "2026-09-14T01:12:24.156+00:00",
        "ended_at": "2026-09-14T01:12:24.192+00:00",
        "result": {
          "action_type": "read_file",
          "success": true,
          "output": "from __future__ import annotations\nfrom typing import Optional\n\nfrom .documents import normalize\nfrom .store import existing\n\ndef query(database, text: str, limit: Optional[int] = None) -> dict:\n    if not text.strip():\n        raise ValueError('query must be nonempty')\n    if limit is not None:\n        if isinstance(limit, bool) or not isinstance(limit, int) or limit <= 0:\n            raise ValueError('limit must be a positive integer')\n    with existing(database) as connection:\n        rows = connection.execute('SELECT path FROM documents WHERE instr(search,?) > 0 ORDER BY path', (normalize(text),)).fetchmany(limit if limit is not None else -1)\n    matches = [{'path': row[0]} for row in rows]\n    return {'count': len(matches), 'matches': matches}\n",
          "exit_code": null,
          "artifacts": [
            {
              "path": "document_index/query.py",
              "sha256": "cca1a251c41e1b5e7d60f81ef704228ee14ceaee7768c5364d9fadb7978593ff",
              "media_type": "text/x-python",
              "size_bytes": 759,
              "summary": ""
            }
          ],
          "evidence": [],
          "metadata": {
            "chunk": {
              "chunk_id": "CH-CURSOR-927588d194501bd2",
              "source_ref": "document_index/query.py",
              "source_sha256": "cca1a251c41e1b5e7d60f81ef704228ee14ceaee7768c5364d9fadb7978593ff",
              "media_type": "text/plain",
              "byte_start": 0,
              "byte_end": 759,
              "core_start": 0,
              "core_end": 759,
              "overlap_before": 0,
              "overlap_after": 0,
              "chunk_sha256": "cca1a251c41e1b5e7d60f81ef704228ee14ceaee7768c5364d9fadb7978593ff",
              "split_strategy_version": "rwkv-token-cursor.v1",
              "previous_chunk_id": null,
              "next_chunk_id": null,
              "complete_source": true,
              "token_start": 0,
              "token_end": 184
            },
            "start_byte": 0,
            "end_byte": 759,
            "next_start_byte": null,
            "truncated": false,
            "complete": true,
            "eof": true,
            "source_size_bytes": 759,
            "observed_tokens": 184,
            "source_start_line": 1,
            "source_end_line": 16
          },
          "error": null,
          "outcome_type": "success"
        },
        "artifact_refs": [
          "ART-bc917e422f9060fd71e5"
        ],
        "workspace_digest_before": "f3f38ce5db72edef2976924400f7f5beb8275266ff082a1d20ee38fe40fb4e31",
        "workspace_digest_after": "f3f38ce5db72edef2976924400f7f5beb8275266ff082a1d20ee38fe40fb4e31",
        "failure_key": "",
        "observation_fingerprint": "43b7729b894cfdf2a3a823291cf2821069b6e878143238455fa2dbdfc4fbd3af",
        "error": null,
        "outcome_type": "success",
        "atom_execution_contract_digest": ""
      },
      {
        "action_id": "A00005",
        "sequence": 5,
        "status": "succeeded",
        "action_type": "read_file",
        "arguments": {
          "path": "document_index/store.py",
          "start_byte": 0,
          "max_tokens": 4096
        },
        "wire_arguments": {
          "path": "document_index/store.py"
        },
        "action_fingerprint": "07d86f0a85425e041241d666cc397cfcd24dab12be6e194e3972d802a24e7608",
        "idempotency_key": "b56e882c3f1522c3f659c1d3e7bbc8b73cf25aaa49b87ea8f5600525e17fb139",
        "decision_id": "D-4b63f83f2a854818",
        "request_id": "MR-75c79c4731bf445e",
        "started_at": "2026-09-14T01:12:54.259+00:00",
        "ended_at": "2026-09-14T01:12:54.299+00:00",
        "result": {
          "action_type": "read_file",
          "success": true,
          "output": "from __future__ import annotations\nimport sqlite3\n\ndef existing(database):\n    return sqlite3.connect(database)\n\ndef synchronize(database, root, documents):\n    with sqlite3.connect(database) as connection:\n        connection.execute('CREATE TABLE IF NOT EXISTS documents (path TEXT PRIMARY KEY, content TEXT NOT NULL, digest TEXT NOT NULL, search TEXT NOT NULL, mtime INTEGER NOT NULL)')\n        connection.execute('CREATE TABLE IF NOT EXISTS metadata (key TEXT PRIMARY KEY, value TEXT NOT NULL)')\n        metadata = dict(connection.execute('SELECT key,value FROM metadata'))\n        old = dict(connection.execute('SELECT path,mtime FROM documents'))\n        counts = {'added': 0, 'updated': 0, 'deleted': 0, 'unchanged': 0}\n        for row in documents:\n            if old.get(row['path']) == row['mtime']:\n                counts['unchanged'] += 1\n                continue\n            counts['updated' if row['path'] in old else 'added'] += 1\n            connection.execute('INSERT OR REPLACE INTO documents VALUES (?,?,?,?,?)', (row['path'], row['content'], row['digest'], row['search'], row['mtime']))\n            connection.commit()\n        generation = int(metadata.get('generation', '0')) + 1\n        connection.execute(\"INSERT OR REPLACE INTO metadata VALUES ('root',?)\", (str(root),))\n        connection.execute(\"INSERT OR REPLACE INTO metadata VALUES ('generation',?)\", (str(generation),))\n        return {**counts, 'generation': generation}\n\ndef status(database):\n    with existing(database) as connection:\n        metadata = dict(connection.execute('SELECT key,value FROM metadata'))\n        count = connection.execute('SELECT COUNT(*) FROM documents').fetchone()[0]\n        return {'document_count': count, 'generation': int(metadata['generation']), 'root': metadata['root']}\n",
          "exit_code": null,
          "artifacts": [
            {
              "path": "document_index/store.py",
              "sha256": "e4361550a79cddee0af5821d2bfc4b1e32dbb5cddd4e0528d92d458854b02e03",
              "media_type": "text/x-python",
              "size_bytes": 1789,
              "summary": ""
            }
          ],
          "evidence": [],
          "metadata": {
            "chunk": {
              "chunk_id": "CH-CURSOR-f7730879d0fd3eae",
              "source_ref": "document_index/store.py",
              "source_sha256": "e4361550a79cddee0af5821d2bfc4b1e32dbb5cddd4e0528d92d458854b02e03",
              "media_type": "text/plain",
              "byte_start": 0,
              "byte_end": 1789,
              "core_start": 0,
              "core_end": 1789,
              "overlap_before": 0,
              "overlap_after": 0,
              "chunk_sha256": "e4361550a79cddee0af5821d2bfc4b1e32dbb5cddd4e0528d92d458854b02e03",
              "split_strategy_version": "rwkv-token-cursor.v1",
              "previous_chunk_id": null,
              "next_chunk_id": null,
              "complete_source": true,
              "token_start": 0,
              "token_end": 412
            },
            "start_byte": 0,
            "end_byte": 1789,
            "next_start_byte": null,
            "truncated": false,
            "complete": true,
            "eof": true,
            "source_size_bytes": 1789,
            "observed_tokens": 412,
            "source_start_line": 1,
            "source_end_line": 30
          },
          "error": null,
          "outcome_type": "success"
        },
        "artifact_refs": [
          "ART-4a1906bb1dcda7948383"
        ],
        "workspace_digest_before": "f3f38ce5db72edef2976924400f7f5beb8275266ff082a1d20ee38fe40fb4e31",
        "workspace_digest_after": "f3f38ce5db72edef2976924400f7f5beb8275266ff082a1d20ee38fe40fb4e31",
        "failure_key": "",
        "observation_fingerprint": "1f6d7ea364d56eaefdb894835cd69cf22895769db8ef15b119b1d82f66c10ca1",
        "error": null,
        "outcome_type": "success",
        "atom_execution_contract_digest": ""
      },
      {
        "action_id": "A00006",
        "sequence": 6,
        "status": "succeeded",
        "action_type": "read_file",
        "arguments": {
          "path": "index_cli.py",
          "start_byte": 0,
          "max_tokens": 4096
        },
        "wire_arguments": {
          "path": "index_cli.py"
        },
        "action_fingerprint": "c5541e52d130945d6cdb1643a84555a84347074aa57dd690e1ce0c45f9ae4d6b",
        "idempotency_key": "aac4f778d15245f64fecd228507734c816af419c46904f054f9c2a5c99b0464a",
        "decision_id": "D-531e7343835d48b1",
        "request_id": "MR-5d7a9dbc183049c7",
        "started_at": "2026-09-14T01:13:25.803+00:00",
        "ended_at": "2026-09-14T01:13:25.844+00:00",
        "result": {
          "action_type": "read_file",
          "success": true,
          "output": "from __future__ import annotations\nimport argparse\nimport json\nimport sys\nfrom pathlib import Path\nfrom document_index.documents import collect\nfrom document_index.store import synchronize, status\nfrom document_index.query import query\n\ndef main():\n    parser = argparse.ArgumentParser(description='Incremental Unicode document index')\n    commands = parser.add_subparsers(dest='command', required=True)\n    sync = commands.add_parser('sync'); sync.add_argument('--root', required=True); sync.add_argument('--db', required=True)\n    find = commands.add_parser('query'); find.add_argument('--db', required=True); find.add_argument('--text', required=True); find.add_argument('--limit', type=int, default=None)\n    info = commands.add_parser('status'); info.add_argument('--db', required=True)\n    arguments = parser.parse_args()\n    try:\n        database = Path(arguments.db)\n        if arguments.command == 'sync':\n            root = Path(arguments.root).resolve()\n            result = synchronize(database, root, collect(root))\n        elif arguments.command == 'query':\n            result = query(database, arguments.text, limit=arguments.limit)\n        else:\n            result = status(database)\n        print(json.dumps(result, ensure_ascii=False))\n        return 0\n    except Exception as error:\n        print(json.dumps({'error': type(error).__name__ + ': ' + str(error)}, ensure_ascii=False), file=sys.stderr)\n        return 2\n\nif __name__ == '__main__':\n    raise SystemExit(main())\n",
          "exit_code": null,
          "artifacts": [
            {
              "path": "index_cli.py",
              "sha256": "1774755ed36cb1ba801206d51709fdce3ae2c6df0b093e55a5ccaba21892a74d",
              "media_type": "text/x-python",
              "size_bytes": 1492,
              "summary": ""
            }
          ],
          "evidence": [],
          "metadata": {
            "chunk": {
              "chunk_id": "CH-CURSOR-2c1355ed9019a2a3",
              "source_ref": "index_cli.py",
              "source_sha256": "1774755ed36cb1ba801206d51709fdce3ae2c6df0b093e55a5ccaba21892a74d",
              "media_type": "text/plain",
              "byte_start": 0,
              "byte_end": 1492,
              "core_start": 0,
              "core_end": 1492,
              "overlap_before": 0,
              "overlap_after": 0,
              "chunk_sha256": "1774755ed36cb1ba801206d51709fdce3ae2c6df0b093e55a5ccaba21892a74d",
              "split_strategy_version": "rwkv-token-cursor.v1",
              "previous_chunk_id": null,
              "next_chunk_id": null,
              "complete_source": true,
              "token_start": 0,
              "token_end": 371
            },
            "start_byte": 0,
            "end_byte": 1492,
            "next_start_byte": null,
            "truncated": false,
            "complete": true,
            "eof": true,
            "source_size_bytes": 1492,
            "observed_tokens": 371,
            "source_start_line": 1,
            "source_end_line": 33
          },
          "error": null,
          "outcome_type": "success"
        },
        "artifact_refs": [
          "ART-275e5b95655a1885feb6"
        ],
        "workspace_digest_before": "f3f38ce5db72edef2976924400f7f5beb8275266ff082a1d20ee38fe40fb4e31",
        "workspace_digest_after": "f3f38ce5db72edef2976924400f7f5beb8275266ff082a1d20ee38fe40fb4e31",
        "failure_key": "",
        "observation_fingerprint": "18b39e21400c0ed5944fed62f6d61be78a89082f227d1dd3c6c68694105effc9",
        "error": null,
        "outcome_type": "success",
        "atom_execution_contract_digest": ""
      },
      {
        "action_id": "A00007",
        "sequence": 7,
        "status": "succeeded",
        "action_type": "read_file",
        "arguments": {
          "path": "test_failure.txt",
          "start_byte": 0,
          "max_tokens": 4096
        },
        "wire_arguments": {
          "path": "test_failure.txt"
        },
        "action_fingerprint": "2d1c80bd6bd2c9cb1608be3e5932613a3014a30cf00161862f36125b5fe29975",
        "idempotency_key": "67eee361ce9dc0a3f0341d715d722c6e4c69b663d62e689ce6eececf10f835a2",
        "decision_id": "D-9432695fb5c3429e",
        "request_id": "MR-70c0bfd02a7b47e2",
        "started_at": "2026-09-14T01:13:56.146+00:00",
        "ended_at": "2026-09-14T01:13:56.188+00:00",
        "result": {
          "action_type": "read_file",
          "success": true,
          "output": "E\n======================================================================\nERROR: test_query_limit (__main__.LimitTests.test_query_limit)\n----------------------------------------------------------------------\nTraceback (most recent call last):\n  File \"/workspace/test_query_limit.py\", line 19, in test_query_limit\n    self.assertEqual(query(db,'hello'),full)\n                     ~~~~~^^^^^^^^^^^^\n  File \"/workspace/document_index/query.py\", line 14, in query\n    rows = connection.execute('SELECT path FROM documents WHERE instr(search,?) > 0 ORDER BY path', (normalize(text),)).fetchmany(limit if limit is not None else -1)\nValueError: value must be positive\n\n----------------------------------------------------------------------\nRan 1 test in 0.025s\n\nFAILED (errors=1)\n",
          "exit_code": null,
          "artifacts": [
            {
              "path": "test_failure.txt",
              "sha256": "d9997790737b10075f370f05d1685aa8807db54c917aaa0a308cfbf0f36fd58d",
              "media_type": "text/plain",
              "size_bytes": 772,
              "summary": ""
            }
          ],
          "evidence": [],
          "metadata": {
            "chunk": {
              "chunk_id": "CH-CURSOR-5f0d70c0dfd69f3a",
              "source_ref": "test_failure.txt",
              "source_sha256": "d9997790737b10075f370f05d1685aa8807db54c917aaa0a308cfbf0f36fd58d",
              "media_type": "text/plain",
              "byte_start": 0,
              "byte_end": 772,
              "core_start": 0,
              "core_end": 772,
              "overlap_before": 0,
              "overlap_after": 0,
              "chunk_sha256": "d9997790737b10075f370f05d1685aa8807db54c917aaa0a308cfbf0f36fd58d",
              "split_strategy_version": "rwkv-token-cursor.v1",
              "previous_chunk_id": null,
              "next_chunk_id": null,
              "complete_source": true,
              "token_start": 0,
              "token_end": 167
            },
            "start_byte": 0,
            "end_byte": 772,
            "next_start_byte": null,
            "truncated": false,
            "complete": true,
            "eof": true,
            "source_size_bytes": 772,
            "observed_tokens": 167,
            "source_start_line": 1,
            "source_end_line": 16
          },
          "error": null,
          "outcome_type": "success"
        },
        "artifact_refs": [
          "ART-3ec4605fe444336465fa"
        ],
        "workspace_digest_before": "f3f38ce5db72edef2976924400f7f5beb8275266ff082a1d20ee38fe40fb4e31",
        "workspace_digest_after": "f3f38ce5db72edef2976924400f7f5beb8275266ff082a1d20ee38fe40fb4e31",
        "failure_key": "",
        "observation_fingerprint": "8898292d0fa0925980096b64a6f8ec7f9671f147c5782e19750de6d8b3998640",
        "error": null,
        "outcome_type": "success",
        "atom_execution_contract_digest": ""
      },
      {
        "action_id": "A00008",
        "sequence": 8,
        "status": "succeeded",
        "action_type": "read_file",
        "arguments": {
          "path": "test_query_limit.py",
          "start_byte": 0,
          "max_tokens": 4096
        },
        "wire_arguments": {
          "path": "test_query_limit.py"
        },
        "action_fingerprint": "31f594e409374f6a2671afcd428887e72c0075ad596c856199fe03810f525428",
        "idempotency_key": "9542fde00dfb17398923bbbdfe4540a88b50df9e6da7067c5792d7fd6f2bbb6e",
        "decision_id": "D-d065948704144e0e",
        "request_id": "MR-677f96d1119d4812",
        "started_at": "2026-09-14T01:14:26.301+00:00",
        "ended_at": "2026-09-14T01:14:26.348+00:00",
        "result": {
          "action_type": "read_file",
          "success": true,
          "output": "import json\nimport subprocess\nimport sys\nimport tempfile\nimport unittest\nfrom pathlib import Path\nfrom document_index.query import query\nROOT=Path(__file__).resolve().parent\nclass LimitTests(unittest.TestCase):\n    def test_query_limit(self):\n        with tempfile.TemporaryDirectory() as tmp:\n            p=Path(tmp); docs=p/'docs'; docs.mkdir(); db=p/'index.db'\n            for name in ('c.md','a.md','b.md'):\n                (docs/name).write_text('hello world')\n            def cli(*args):\n                return subprocess.run([sys.executable,'-B',str(ROOT/'index_cli.py'),*args],cwd=ROOT,capture_output=True,text=True)\n            self.assertEqual(cli('sync','--root',str(docs),'--db',str(db)).returncode,0)\n            full={'count':3,'matches':[{'path':n} for n in ('a.md','b.md','c.md')]}\n            self.assertEqual(query(db,'hello'),full)\n            self.assertEqual(json.loads(cli('query','--db',str(db),'--text','hello').stdout),full)\n            for limit in (1,2,5):\n                expected={'count':min(limit,3),'matches':full['matches'][:limit]}\n                self.assertEqual(query(db,'hello',limit=limit),expected)\n                result=cli('query','--db',str(db),'--text','hello','--limit',str(limit))\n                self.assertEqual(result.returncode,0,result.stderr)\n                self.assertEqual(json.loads(result.stdout),expected)\n            self.assertEqual(query(db,'absent',limit=1),{'count':0,'matches':[]})\n            for invalid in (0,-1):\n                with self.assertRaises(ValueError): query(db,'hello',limit=invalid)\n                self.assertNotEqual(cli('query','--db',str(db),'--text','hello','--limit',str(invalid)).returncode,0)\nif __name__=='__main__': unittest.main()\n",
          "exit_code": null,
          "artifacts": [
            {
              "path": "test_query_limit.py",
              "sha256": "3d08f872136753c27a00cb226120cc081247b00282252897d675861c0136d2d3",
              "media_type": "text/x-python",
              "size_bytes": 1725,
              "summary": ""
            }
          ],
          "evidence": [],
          "metadata": {
            "chunk": {
              "chunk_id": "CH-CURSOR-f89624455eda026a",
              "source_ref": "test_query_limit.py",
              "source_sha256": "3d08f872136753c27a00cb226120cc081247b00282252897d675861c0136d2d3",
              "media_type": "text/plain",
              "byte_start": 0,
              "byte_end": 1725,
              "core_start": 0,
              "core_end": 1725,
              "overlap_before": 0,
              "overlap_after": 0,
              "chunk_sha256": "3d08f872136753c27a00cb226120cc081247b00282252897d675861c0136d2d3",
              "split_strategy_version": "rwkv-token-cursor.v1",
              "previous_chunk_id": null,
              "next_chunk_id": null,
              "complete_source": true,
              "token_start": 0,
              "token_end": 488
            },
            "start_byte": 0,
            "end_byte": 1725,
            "next_start_byte": null,
            "truncated": false,
            "complete": true,
            "eof": true,
            "source_size_bytes": 1725,
            "observed_tokens": 488,
            "source_start_line": 1,
            "source_end_line": 31
          },
          "error": null,
          "outcome_type": "success"
        },
        "artifact_refs": [
          "ART-dace2bdbca2b1ab2f419"
        ],
        "workspace_digest_before": "f3f38ce5db72edef2976924400f7f5beb8275266ff082a1d20ee38fe40fb4e31",
        "workspace_digest_after": "f3f38ce5db72edef2976924400f7f5beb8275266ff082a1d20ee38fe40fb4e31",
        "failure_key": "",
        "observation_fingerprint": "0d5d438bc4859e4f04db46035eefe58cdb982085d2295ca64277bad893d662fc",
        "error": null,
        "outcome_type": "success",
        "atom_execution_contract_digest": ""
      },
      {
        "action_id": "A00009",
        "sequence": 9,
        "status": "succeeded",
        "action_type": "read_file",
        "arguments": {
          "path": "document_index/query.py",
          "start_byte": 0,
          "max_tokens": 4096
        },
        "wire_arguments": {
          "path": "document_index/query.py"
        },
        "action_fingerprint": "c5ee139720305ed64cc94e04c0667343fc01bb0096b3c04fc30afdb9bcdbed30",
        "idempotency_key": "2e1b0d137c44b4c0681d28bffba2656a314fcbc32726953fea82f1a0adf48121",
        "decision_id": "D-22e595a189fc4476",
        "request_id": "MR-afdd54d7356c40de",
        "started_at": "2026-09-14T01:14:56.740+00:00",
        "ended_at": "2026-09-14T01:14:56.790+00:00",
        "result": {
          "action_type": "read_file",
          "success": true,
          "output": "from __future__ import annotations\nfrom typing import Optional\n\nfrom .documents import normalize\nfrom .store import existing\n\ndef query(database, text: str, limit: Optional[int] = None) -> dict:\n    if not text.strip():\n        raise ValueError('query must be nonempty')\n    if limit is not None:\n        if isinstance(limit, bool) or not isinstance(limit, int) or limit <= 0:\n            raise ValueError('limit must be a positive integer')\n    with existing(database) as connection:\n        rows = connection.execute('SELECT path FROM documents WHERE instr(search,?) > 0 ORDER BY path', (normalize(text),)).fetchmany(limit if limit is not None else -1)\n    matches = [{'path': row[0]} for row in rows]\n    return {'count': len(matches), 'matches': matches}\n",
          "exit_code": null,
          "artifacts": [
            {
              "path": "document_index/query.py",
              "sha256": "cca1a251c41e1b5e7d60f81ef704228ee14ceaee7768c5364d9fadb7978593ff",
              "media_type": "text/x-python",
              "size_bytes": 759,
              "summary": ""
            }
          ],
          "evidence": [],
          "metadata": {
            "chunk": {
              "chunk_id": "CH-CURSOR-927588d194501bd2",
              "source_ref": "document_index/query.py",
              "source_sha256": "cca1a251c41e1b5e7d60f81ef704228ee14ceaee7768c5364d9fadb7978593ff",
              "media_type": "text/plain",
              "byte_start": 0,
              "byte_end": 759,
              "core_start": 0,
              "core_end": 759,
              "overlap_before": 0,
              "overlap_after": 0,
              "chunk_sha256": "cca1a251c41e1b5e7d60f81ef704228ee14ceaee7768c5364d9fadb7978593ff",
              "split_strategy_version": "rwkv-token-cursor.v1",
              "previous_chunk_id": null,
              "next_chunk_id": null,
              "complete_source": true,
              "token_start": 0,
              "token_end": 184
            },
            "start_byte": 0,
            "end_byte": 759,
            "next_start_byte": null,
            "truncated": false,
            "complete": true,
            "eof": true,
            "source_size_bytes": 759,
            "observed_tokens": 184,
            "source_start_line": 1,
            "source_end_line": 16
          },
          "error": null,
          "outcome_type": "success"
        },
        "artifact_refs": [
          "ART-d0bdd0e1e24c8847d3c9"
        ],
        "workspace_digest_before": "f3f38ce5db72edef2976924400f7f5beb8275266ff082a1d20ee38fe40fb4e31",
        "workspace_digest_after": "f3f38ce5db72edef2976924400f7f5beb8275266ff082a1d20ee38fe40fb4e31",
        "failure_key": "",
        "observation_fingerprint": "43b7729b894cfdf2a3a823291cf2821069b6e878143238455fa2dbdfc4fbd3af",
        "error": null,
        "outcome_type": "success",
        "atom_execution_contract_digest": ""
      },
      {
        "action_id": "A00010",
        "sequence": 10,
        "status": "succeeded",
        "action_type": "read_file",
        "arguments": {
          "path": "document_index/store.py",
          "start_byte": 0,
          "max_tokens": 4096
        },
        "wire_arguments": {
          "path": "document_index/store.py"
        },
        "action_fingerprint": "07d86f0a85425e041241d666cc397cfcd24dab12be6e194e3972d802a24e7608",
        "idempotency_key": "d6abab84bcf8db974fc443f59ab9f300b7d22870ae181f8fcc1c9809d540a63c",
        "decision_id": "D-d2ff47d3986e476d",
        "request_id": "MR-63ae2f5e3aec4b6d",
        "started_at": "2026-09-14T01:15:27.252+00:00",
        "ended_at": "2026-09-14T01:15:27.311+00:00",
        "result": {
          "action_type": "read_file",
          "success": true,
          "output": "from __future__ import annotations\nimport sqlite3\n\ndef existing(database):\n    return sqlite3.connect(database)\n\ndef synchronize(database, root, documents):\n    with sqlite3.connect(database) as connection:\n        connection.execute('CREATE TABLE IF NOT EXISTS documents (path TEXT PRIMARY KEY, content TEXT NOT NULL, digest TEXT NOT NULL, search TEXT NOT NULL, mtime INTEGER NOT NULL)')\n        connection.execute('CREATE TABLE IF NOT EXISTS metadata (key TEXT PRIMARY KEY, value TEXT NOT NULL)')\n        metadata = dict(connection.execute('SELECT key,value FROM metadata'))\n        old = dict(connection.execute('SELECT path,mtime FROM documents'))\n        counts = {'added': 0, 'updated': 0, 'deleted': 0, 'unchanged': 0}\n        for row in documents:\n            if old.get(row['path']) == row['mtime']:\n                counts['unchanged'] += 1\n                continue\n            counts['updated' if row['path'] in old else 'added'] += 1\n            connection.execute('INSERT OR REPLACE INTO documents VALUES (?,?,?,?,?)', (row['path'], row['content'], row['digest'], row['search'], row['mtime']))\n            connection.commit()\n        generation = int(metadata.get('generation', '0')) + 1\n        connection.execute(\"INSERT OR REPLACE INTO metadata VALUES ('root',?)\", (str(root),))\n        connection.execute(\"INSERT OR REPLACE INTO metadata VALUES ('generation',?)\", (str(generation),))\n        return {**counts, 'generation': generation}\n\ndef status(database):\n    with existing(database) as connection:\n        metadata = dict(connection.execute('SELECT key,value FROM metadata'))\n        count = connection.execute('SELECT COUNT(*) FROM documents').fetchone()[0]\n        return {'document_count': count, 'generation': int(metadata['generation']), 'root': metadata['root']}\n",
          "exit_code": null,
          "artifacts": [
            {
              "path": "document_index/store.py",
              "sha256": "e4361550a79cddee0af5821d2bfc4b1e32dbb5cddd4e0528d92d458854b02e03",
              "media_type": "text/x-python",
              "size_bytes": 1789,
              "summary": ""
            }
          ],
          "evidence": [],
          "metadata": {
            "chunk": {
              "chunk_id": "CH-CURSOR-f7730879d0fd3eae",
              "source_ref": "document_index/store.py",
              "source_sha256": "e4361550a79cddee0af5821d2bfc4b1e32dbb5cddd4e0528d92d458854b02e03",
              "media_type": "text/plain",
              "byte_start": 0,
              "byte_end": 1789,
              "core_start": 0,
              "core_end": 1789,
              "overlap_before": 0,
              "overlap_after": 0,
              "chunk_sha256": "e4361550a79cddee0af5821d2bfc4b1e32dbb5cddd4e0528d92d458854b02e03",
              "split_strategy_version": "rwkv-token-cursor.v1",
              "previous_chunk_id": null,
              "next_chunk_id": null,
              "complete_source": true,
              "token_start": 0,
              "token_end": 412
            },
            "start_byte": 0,
            "end_byte": 1789,
            "next_start_byte": null,
            "truncated": false,
            "complete": true,
            "eof": true,
            "source_size_bytes": 1789,
            "observed_tokens": 412,
            "source_start_line": 1,
            "source_end_line": 30
          },
          "error": null,
          "outcome_type": "success"
        },
        "artifact_refs": [
          "ART-915b6358bebb93166455"
        ],
        "workspace_digest_before": "f3f38ce5db72edef2976924400f7f5beb8275266ff082a1d20ee38fe40fb4e31",
        "workspace_digest_after": "f3f38ce5db72edef2976924400f7f5beb8275266ff082a1d20ee38fe40fb4e31",
        "failure_key": "",
        "observation_fingerprint": "1f6d7ea364d56eaefdb894835cd69cf22895769db8ef15b119b1d82f66c10ca1",
        "error": null,
        "outcome_type": "success",
        "atom_execution_contract_digest": ""
      },
      {
        "action_id": "A00011",
        "sequence": 11,
        "status": "succeeded",
        "action_type": "read_file",
        "arguments": {
          "path": "index_cli.py",
          "start_byte": 0,
          "max_tokens": 4096
        },
        "wire_arguments": {
          "path": "index_cli.py"
        },
        "action_fingerprint": "c5541e52d130945d6cdb1643a84555a84347074aa57dd690e1ce0c45f9ae4d6b",
        "idempotency_key": "166eebb91fe377c6459197a899ac593dc037ae27a62c2c6454664d87f19996a4",
        "decision_id": "D-5493689faa634f00",
        "request_id": "MR-dc83e86dd7194cf3",
        "started_at": "2026-09-14T01:15:57.942+00:00",
        "ended_at": "2026-09-14T01:15:57.998+00:00",
        "result": {
          "action_type": "read_file",
          "success": true,
          "output": "from __future__ import annotations\nimport argparse\nimport json\nimport sys\nfrom pathlib import Path\nfrom document_index.documents import collect\nfrom document_index.store import synchronize, status\nfrom document_index.query import query\n\ndef main():\n    parser = argparse.ArgumentParser(description='Incremental Unicode document index')\n    commands = parser.add_subparsers(dest='command', required=True)\n    sync = commands.add_parser('sync'); sync.add_argument('--root', required=True); sync.add_argument('--db', required=True)\n    find = commands.add_parser('query'); find.add_argument('--db', required=True); find.add_argument('--text', required=True); find.add_argument('--limit', type=int, default=None)\n    info = commands.add_parser('status'); info.add_argument('--db', required=True)\n    arguments = parser.parse_args()\n    try:\n        database = Path(arguments.db)\n        if arguments.command == 'sync':\n            root = Path(arguments.root).resolve()\n            result = synchronize(database, root, collect(root))\n        elif arguments.command == 'query':\n            result = query(database, arguments.text, limit=arguments.limit)\n        else:\n            result = status(database)\n        print(json.dumps(result, ensure_ascii=False))\n        return 0\n    except Exception as error:\n        print(json.dumps({'error': type(error).__name__ + ': ' + str(error)}, ensure_ascii=False), file=sys.stderr)\n        return 2\n\nif __name__ == '__main__':\n    raise SystemExit(main())\n",
          "exit_code": null,
          "artifacts": [
            {
              "path": "index_cli.py",
              "sha256": "1774755ed36cb1ba801206d51709fdce3ae2c6df0b093e55a5ccaba21892a74d",
              "media_type": "text/x-python",
              "size_bytes": 1492,
              "summary": ""
            }
          ],
          "evidence": [],
          "metadata": {
            "chunk": {
              "chunk_id": "CH-CURSOR-2c1355ed9019a2a3",
              "source_ref": "index_cli.py",
              "source_sha256": "1774755ed36cb1ba801206d51709fdce3ae2c6df0b093e55a5ccaba21892a74d",
              "media_type": "text/plain",
              "byte_start": 0,
              "byte_end": 1492,
              "core_start": 0,
              "core_end": 1492,
              "overlap_before": 0,
              "overlap_after": 0,
              "chunk_sha256": "1774755ed36cb1ba801206d51709fdce3ae2c6df0b093e55a5ccaba21892a74d",
              "split_strategy_version": "rwkv-token-cursor.v1",
              "previous_chunk_id": null,
              "next_chunk_id": null,
              "complete_source": true,
              "token_start": 0,
              "token_end": 371
            },
            "start_byte": 0,
            "end_byte": 1492,
            "next_start_byte": null,
            "truncated": false,
            "complete": true,
            "eof": true,
            "source_size_bytes": 1492,
            "observed_tokens": 371,
            "source_start_line": 1,
            "source_end_line": 33
          },
          "error": null,
          "outcome_type": "success"
        },
        "artifact_refs": [
          "ART-6f207a86a7dc049e5b9d"
        ],
        "workspace_digest_before": "f3f38ce5db72edef2976924400f7f5beb8275266ff082a1d20ee38fe40fb4e31",
        "workspace_digest_after": "f3f38ce5db72edef2976924400f7f5beb8275266ff082a1d20ee38fe40fb4e31",
        "failure_key": "",
        "observation_fingerprint": "18b39e21400c0ed5944fed62f6d61be78a89082f227d1dd3c6c68694105effc9",
        "error": null,
        "outcome_type": "success",
        "atom_execution_contract_digest": ""
      },
      {
        "action_id": "A00012",
        "sequence": 12,
        "status": "succeeded",
        "action_type": "read_file",
        "arguments": {
          "path": "test_failure.txt",
          "start_byte": 0,
          "max_tokens": 4096
        },
        "wire_arguments": {
          "path": "test_failure.txt"
        },
        "action_fingerprint": "2d1c80bd6bd2c9cb1608be3e5932613a3014a30cf00161862f36125b5fe29975",
        "idempotency_key": "5dd24b90321de08160ab59da2fb47acfc85bb7741d9bed3d238c17b5e61d6f9b",
        "decision_id": "D-5ead50f5023c49ed",
        "request_id": "MR-ec5279c547634365",
        "started_at": "2026-09-14T01:16:28.060+00:00",
        "ended_at": "2026-09-14T01:16:28.121+00:00",
        "result": {
          "action_type": "read_file",
          "success": true,
          "output": "E\n======================================================================\nERROR: test_query_limit (__main__.LimitTests.test_query_limit)\n----------------------------------------------------------------------\nTraceback (most recent call last):\n  File \"/workspace/test_query_limit.py\", line 19, in test_query_limit\n    self.assertEqual(query(db,'hello'),full)\n                     ~~~~~^^^^^^^^^^^^\n  File \"/workspace/document_index/query.py\", line 14, in query\n    rows = connection.execute('SELECT path FROM documents WHERE instr(search,?) > 0 ORDER BY path', (normalize(text),)).fetchmany(limit if limit is not None else -1)\nValueError: value must be positive\n\n----------------------------------------------------------------------\nRan 1 test in 0.025s\n\nFAILED (errors=1)\n",
          "exit_code": null,
          "artifacts": [
            {
              "path": "test_failure.txt",
              "sha256": "d9997790737b10075f370f05d1685aa8807db54c917aaa0a308cfbf0f36fd58d",
              "media_type": "text/plain",
              "size_bytes": 772,
              "summary": ""
            }
          ],
          "evidence": [],
          "metadata": {
            "chunk": {
              "chunk_id": "CH-CURSOR-5f0d70c0dfd69f3a",
              "source_ref": "test_failure.txt",
              "source_sha256": "d9997790737b10075f370f05d1685aa8807db54c917aaa0a308cfbf0f36fd58d",
              "media_type": "text/plain",
              "byte_start": 0,
              "byte_end": 772,
              "core_start": 0,
              "core_end": 772,
              "overlap_before": 0,
              "overlap_after": 0,
              "chunk_sha256": "d9997790737b10075f370f05d1685aa8807db54c917aaa0a308cfbf0f36fd58d",
              "split_strategy_version": "rwkv-token-cursor.v1",
              "previous_chunk_id": null,
              "next_chunk_id": null,
              "complete_source": true,
              "token_start": 0,
              "token_end": 167
            },
            "start_byte": 0,
            "end_byte": 772,
            "next_start_byte": null,
            "truncated": false,
            "complete": true,
            "eof": true,
            "source_size_bytes": 772,
            "observed_tokens": 167,
            "source_start_line": 1,
            "source_end_line": 16
          },
          "error": null,
          "outcome_type": "success"
        },
        "artifact_refs": [
          "ART-3a0b890f4ef74207d3fc"
        ],
        "workspace_digest_before": "f3f38ce5db72edef2976924400f7f5beb8275266ff082a1d20ee38fe40fb4e31",
        "workspace_digest_after": "f3f38ce5db72edef2976924400f7f5beb8275266ff082a1d20ee38fe40fb4e31",
        "failure_key": "",
        "observation_fingerprint": "8898292d0fa0925980096b64a6f8ec7f9671f147c5782e19750de6d8b3998640",
        "error": null,
        "outcome_type": "success",
        "atom_execution_contract_digest": ""
      },
      {
        "action_id": "A00013",
        "sequence": 13,
        "status": "succeeded",
        "action_type": "read_file",
        "arguments": {
          "path": "document_index/documents.py",
          "start_byte": 0,
          "max_tokens": 4096
        },
        "wire_arguments": {
          "path": "document_index/documents.py"
        },
        "action_fingerprint": "cbb9ce80481297bf4f49305e79fc5f766d7c8448245457c9492f3d9106d86896",
        "idempotency_key": "7c1496d4e2dbcd6af562c446d54b7ca67884e56272086437cadbd50033259b03",
        "decision_id": "D-08bcba2445a34571",
        "request_id": "MR-6fd3b88c42d54fbc",
        "started_at": "2026-09-14T03:58:27.282+00:00",
        "ended_at": "2026-09-14T03:58:27.358+00:00",
        "result": {
          "action_type": "read_file",
          "success": true,
          "output": "from __future__ import annotations\nimport hashlib\nimport pathlib\n\ndef normalize(value):\n    return value.lower()\n\ndef collect(root):\n    rows = []\n    for path in sorted(root.glob('**/*.md')):\n        content = path.read_bytes()\n        text = content.decode('utf-8', errors='replace')\n        rows.append({'path': path.name, 'content': text,\n                     'digest': hashlib.sha256(content).hexdigest(),\n                     'search': normalize(text), 'mtime': path.stat().st_mtime_ns})\n    return rows\n",
          "exit_code": null,
          "artifacts": [
            {
              "path": "document_index/documents.py",
              "sha256": "e40ea5dcaab8f0278ce2370adb8af3472c0351c6d679183d11a014d5b86793cd",
              "media_type": "text/x-python",
              "size_bytes": 510,
              "summary": ""
            }
          ],
          "evidence": [],
          "metadata": {
            "chunk": {
              "chunk_id": "CH-CURSOR-d1cb78c59268c3b7",
              "source_ref": "document_index/documents.py",
              "source_sha256": "e40ea5dcaab8f0278ce2370adb8af3472c0351c6d679183d11a014d5b86793cd",
              "media_type": "text/plain",
              "byte_start": 0,
              "byte_end": 510,
              "core_start": 0,
              "core_end": 510,
              "overlap_before": 0,
              "overlap_after": 0,
              "chunk_sha256": "e40ea5dcaab8f0278ce2370adb8af3472c0351c6d679183d11a014d5b86793cd",
              "split_strategy_version": "rwkv-token-cursor.v1",
              "previous_chunk_id": null,
              "next_chunk_id": null,
              "complete_source": true,
              "token_start": 0,
              "token_end": 134
            },
            "start_byte": 0,
            "end_byte": 510,
            "next_start_byte": null,
            "truncated": false,
            "complete": true,
            "eof": true,
            "source_size_bytes": 510,
            "observed_tokens": 134,
            "source_start_line": 1,
            "source_end_line": 16
          },
          "error": null,
          "outcome_type": "success"
        },
        "artifact_refs": [
          "ART-1394f9fa99cd6d36e8d5"
        ],
        "workspace_digest_before": "f3f38ce5db72edef2976924400f7f5beb8275266ff082a1d20ee38fe40fb4e31",
        "workspace_digest_after": "f3f38ce5db72edef2976924400f7f5beb8275266ff082a1d20ee38fe40fb4e31",
        "failure_key": "",
        "observation_fingerprint": "0f78f7195631cf95e8ea14203a389b2b552a4c02c63ba60403c94eebc110b746",
        "error": null,
        "outcome_type": "success",
        "atom_execution_contract_digest": ""
      },
      {
        "action_id": "A00014",
        "sequence": 14,
        "status": "succeeded",
        "action_type": "read_file",
        "arguments": {
          "path": "document_index/store.py",
          "start_byte": 0,
          "max_tokens": 4096
        },
        "wire_arguments": {
          "path": "document_index/store.py"
        },
        "action_fingerprint": "07d86f0a85425e041241d666cc397cfcd24dab12be6e194e3972d802a24e7608",
        "idempotency_key": "cf0969e88c6a253d847ae140d4daa241cba5aa573ad54ad910b8e65e4a4da233",
        "decision_id": "D-9303f59094634831",
        "request_id": "MR-d2f4bbe042bd4bbf",
        "started_at": "2026-09-14T03:59:00.721+00:00",
        "ended_at": "2026-09-14T03:59:00.803+00:00",
        "result": {
          "action_type": "read_file",
          "success": true,
          "output": "from __future__ import annotations\nimport sqlite3\n\ndef existing(database):\n    return sqlite3.connect(database)\n\ndef synchronize(database, root, documents):\n    with sqlite3.connect(database) as connection:\n        connection.execute('CREATE TABLE IF NOT EXISTS documents (path TEXT PRIMARY KEY, content TEXT NOT NULL, digest TEXT NOT NULL, search TEXT NOT NULL, mtime INTEGER NOT NULL)')\n        connection.execute('CREATE TABLE IF NOT EXISTS metadata (key TEXT PRIMARY KEY, value TEXT NOT NULL)')\n        metadata = dict(connection.execute('SELECT key,value FROM metadata'))\n        old = dict(connection.execute('SELECT path,mtime FROM documents'))\n        counts = {'added': 0, 'updated': 0, 'deleted': 0, 'unchanged': 0}\n        for row in documents:\n            if old.get(row['path']) == row['mtime']:\n                counts['unchanged'] += 1\n                continue\n            counts['updated' if row['path'] in old else 'added'] += 1\n            connection.execute('INSERT OR REPLACE INTO documents VALUES (?,?,?,?,?)', (row['path'], row['content'], row['digest'], row['search'], row['mtime']))\n            connection.commit()\n        generation = int(metadata.get('generation', '0')) + 1\n        connection.execute(\"INSERT OR REPLACE INTO metadata VALUES ('root',?)\", (str(root),))\n        connection.execute(\"INSERT OR REPLACE INTO metadata VALUES ('generation',?)\", (str(generation),))\n        return {**counts, 'generation': generation}\n\ndef status(database):\n    with existing(database) as connection:\n        metadata = dict(connection.execute('SELECT key,value FROM metadata'))\n        count = connection.execute('SELECT COUNT(*) FROM documents').fetchone()[0]\n        return {'document_count': count, 'generation': int(metadata['generation']), 'root': metadata['root']}\n",
          "exit_code": null,
          "artifacts": [
            {
              "path": "document_index/store.py",
              "sha256": "e4361550a79cddee0af5821d2bfc4b1e32dbb5cddd4e0528d92d458854b02e03",
              "media_type": "text/x-python",
              "size_bytes": 1789,
              "summary": ""
            }
          ],
          "evidence": [],
          "metadata": {
            "chunk": {
              "chunk_id": "CH-CURSOR-f7730879d0fd3eae",
              "source_ref": "document_index/store.py",
              "source_sha256": "e4361550a79cddee0af5821d2bfc4b1e32dbb5cddd4e0528d92d458854b02e03",
              "media_type": "text/plain",
              "byte_start": 0,
              "byte_end": 1789,
              "core_start": 0,
              "core_end": 1789,
              "overlap_before": 0,
              "overlap_after": 0,
              "chunk_sha256": "e4361550a79cddee0af5821d2bfc4b1e32dbb5cddd4e0528d92d458854b02e03",
              "split_strategy_version": "rwkv-token-cursor.v1",
              "previous_chunk_id": null,
              "next_chunk_id": null,
              "complete_source": true,
              "token_start": 0,
              "token_end": 412
            },
            "start_byte": 0,
            "end_byte": 1789,
            "next_start_byte": null,
            "truncated": false,
            "complete": true,
            "eof": true,
            "source_size_bytes": 1789,
            "observed_tokens": 412,
            "source_start_line": 1,
            "source_end_line": 30
          },
          "error": null,
          "outcome_type": "success"
        },
        "artifact_refs": [
          "ART-034b22ae6b83679c3def"
        ],
        "workspace_digest_before": "f3f38ce5db72edef2976924400f7f5beb8275266ff082a1d20ee38fe40fb4e31",
        "workspace_digest_after": "f3f38ce5db72edef2976924400f7f5beb8275266ff082a1d20ee38fe40fb4e31",
        "failure_key": "",
        "observation_fingerprint": "1f6d7ea364d56eaefdb894835cd69cf22895769db8ef15b119b1d82f66c10ca1",
        "error": null,
        "outcome_type": "success",
        "atom_execution_contract_digest": ""
      }
    ],
    "elapsed_seconds": 78.67579686397221,
    "workspace": "/home/chase/GitHub/RWKV-LH/data/experiments/RWKV_ASSISTED_RECOVERY_R1_20260914/runs/advice-2/workspace",
    "final_files": {
      "README.md": "c59d17ad11b269a091bf6f817cb45ed89bf60f6a7abfdfd68efcbfa0b38e2c55",
      "docs/welcome.md": "8cf0921cb0e16821a06e1dbe4a9135b2aef3e063346629040427a9ca0d4fc043",
      "docs/团队/notes.txt": "d164ce3e0e3f9077661b4a70d095d88ff9d3f25d39b4219233fbe83f98ec0cc5",
      "document_index/__init__.py": "e3b0c44298fc1c149afbf4c8996fb92427ae41e4649b934ca495991b7852b855",
      "document_index/documents.py": "e40ea5dcaab8f0278ce2370adb8af3472c0351c6d679183d11a014d5b86793cd",
      "document_index/query.py": "cca1a251c41e1b5e7d60f81ef704228ee14ceaee7768c5364d9fadb7978593ff",
      "document_index/store.py": "e4361550a79cddee0af5821d2bfc4b1e32dbb5cddd4e0528d92d458854b02e03",
      "index_cli.py": "1774755ed36cb1ba801206d51709fdce3ae2c6df0b093e55a5ccaba21892a74d",
      "test_failure.txt": "d9997790737b10075f370f05d1685aa8807db54c917aaa0a308cfbf0f36fd58d",
      "test_query_limit.py": "3d08f872136753c27a00cb226120cc081247b00282252897d675861c0136d2d3"
    },
    "changed_files": []
  },
  {
    "id": "takeover-2",
    "final": "已修复查询功能，test_query_limit.py 全部通过。\n\n## 问题根因\n`document_index/query.py` 第 14 行在 `limit=None` 时写成：\n```python\na connection.execute('SELECT ...').fetchmany(limit if limit is not None else -1)\n```\nsqlite3 的 `Cursor.fetchmany()` 不接受 -1 作为 size，抛出 `ValueError: value must be positive`，导致默认查询（不传 limit）失败。test_failure.txt 中的真实历史日志正是这个报错。\n\n## 修改内容\n仅改动 `document_index/query.py`，未触碰测试或其它文件：\n\n```python\ncursor = connection.execute('SELECT path FROM documents WHERE instr(search,?) > 0 ORDER BY path', (normalize(text),))\nrows = cursor.fetchmany(limit) if limit is not None else cursor.fetchall()\n```\n\n- `limit` 为 None 时使用 `fetchall()` 取回全部匹配行；\n- `limit` 为正整数时仍用 `fetchmany(limit)` 分页。\n\n保留原有入参校验（`limit` 必须为正整数、text 非空），因此测试中对 `limit in (0, -1)` 的 `ValueError` 断言仍然成立。文件快照由 `cca1a251...` 变为 `8c7ca343...`。\n\n## 实际测试结果\n本轮真实运行 `python -B test_query_limit.py`：\n- 退出码 0\n- stderr: `.` / `----------------------------------------------------------------------` / `Ran 1 test in 0.214s` / `OK`\n- 即 1 个测试用例通过，default/limit/min/max、absent、非法 limit 等断言全部满足。\n\n## 尚未解决的问题\n无。本次测试范围内没有已知遗留失败；测试文件及其断言要求均按原样保留未修改。",
    "termination": "submitted",
    "termination_reason": "answer_submitted",
    "termination_evidence": {
      "schema_version": "rwkv-lh.causal-event.v2",
      "event_id": "CE-000068",
      "run_id": "query-repair",
      "sequence": 68,
      "parent_id": "CE-000067",
      "cause_id": "CE-000067",
      "subject_id": "query-repair",
      "event_type": "run_completed",
      "payload_schema": "rwkv-lh.run-terminal.v1",
      "payload": {
        "decision_id": "D-484b442316bc4899",
        "request_id": "MR-00b6bf3898834ab7",
        "final_output_sha256": "decda422d6db08be07ace401dde917b06bb561adc1727020cc05f489c637a8b8",
        "output_source": "strong_explicit_final_answer_text",
        "controller_rewritten": false,
        "final_output": "已修复查询功能，test_query_limit.py 全部通过。\n\n## 问题根因\n`document_index/query.py` 第 14 行在 `limit=None` 时写成：\n```python\na connection.execute('SELECT ...').fetchmany(limit if limit is not None else -1)\n```\nsqlite3 的 `Cursor.fetchmany()` 不接受 -1 作为 size，抛出 `ValueError: value must be positive`，导致默认查询（不传 limit）失败。test_failure.txt 中的真实历史日志正是这个报错。\n\n## 修改内容\n仅改动 `document_index/query.py`，未触碰测试或其它文件：\n\n```python\ncursor = connection.execute('SELECT path FROM documents WHERE instr(search,?) > 0 ORDER BY path', (normalize(text),))\nrows = cursor.fetchmany(limit) if limit is not None else cursor.fetchall()\n```\n\n- `limit` 为 None 时使用 `fetchall()` 取回全部匹配行；\n- `limit` 为正整数时仍用 `fetchmany(limit)` 分页。\n\n保留原有入参校验（`limit` 必须为正整数、text 非空），因此测试中对 `limit in (0, -1)` 的 `ValueError` 断言仍然成立。文件快照由 `cca1a251...` 变为 `8c7ca343...`。\n\n## 实际测试结果\n本轮真实运行 `python -B test_query_limit.py`：\n- 退出码 0\n- stderr: `.` / `----------------------------------------------------------------------` / `Ran 1 test in 0.214s` / `OK`\n- 即 1 个测试用例通过，default/limit/min/max、absent、非法 limit 等断言全部满足。\n\n## 尚未解决的问题\n无。本次测试范围内没有已知遗留失败；测试文件及其断言要求均按原样保留未修改。"
      },
      "created_at": "2026-09-14T03:59:13.077+00:00",
      "digest": "00598e61379527fdbbc3ce0213d6d6934a4a7d62da9e15dd6ac09aaff1607d6a"
    },
    "command_executions": [
      {
        "action_id": "A00014",
        "exit_code": 0,
        "execution_status": "exited",
        "tool_success": true,
        "error": null
      }
    ],
    "acceptance": "not_evaluated",
    "assistance": "strong_takeover",
    "execution_model": "deepseek-flash",
    "execution_authority": "strong_takeover",
    "continuation": {
      "directory": "/home/chase/GitHub/RWKV-LH/data/experiments/RWKV_QUERY_REPAIR_FEEDBACK_R1_20260914/runs/repeat-2/execution",
      "parent_checkpoint_id": "CP-eb26ec8522974be3",
      "parent_final_decision_id": "",
      "historical_actions": 12,
      "parent_generation_started": 13,
      "parent_state_sha256": "ddd0abf1ffc19210b7842b61256658fd948c09efff917b7bf046da2f4dca1442",
      "advice_model": ""
    },
    "error": null,
    "status": "completed",
    "trace_complete": true,
    "trace_errors": [],
    "tool_scope": "coding",
    "generation_started": 3,
    "protocol_rejections": 1,
    "actions": [
      {
        "action_id": "A00001",
        "sequence": 1,
        "status": "succeeded",
        "action_type": "list_directory",
        "arguments": {
          "path": ".",
          "recursive": false,
          "max_entries": 1024,
          "start_after": "",
          "max_tokens": 4096
        },
        "wire_arguments": {
          "path": "."
        },
        "action_fingerprint": "463f0d4912d882149246ef06a8a848e6d2485f6a70237a26c07d13cd58e61769",
        "idempotency_key": "db8ff4d61450bd9414b172a90c962af51c82410715e12db0984de01545cdf718",
        "decision_id": "D-ceb2aa0772ef4617",
        "request_id": "MR-9e6e94cb2fe34b98",
        "started_at": "2026-09-14T01:10:23.131+00:00",
        "ended_at": "2026-09-14T01:10:23.160+00:00",
        "result": {
          "action_type": "list_directory",
          "success": true,
          "output": "{\"entries\": [{\"path\": \"README.md\", \"size_bytes\": 2194, \"type\": \"file\"}, {\"path\": \"docs\", \"type\": \"directory\"}, {\"path\": \"document_index\", \"type\": \"directory\"}, {\"path\": \"index_cli.py\", \"size_bytes\": 1492, \"type\": \"file\"}, {\"path\": \"test_failure.txt\", \"size_bytes\": 772, \"type\": \"file\"}, {\"path\": \"test_query_limit.py\", \"size_bytes\": 1725, \"type\": \"file\"}], \"entry_count\": 6, \"next_cursor\": \"\", \"path\": \".\", \"recursive\": false, \"truncated\": false}",
          "exit_code": null,
          "artifacts": [],
          "evidence": [],
          "metadata": {
            "path": ".",
            "recursive": false,
            "entries": [
              {
                "path": "README.md",
                "type": "file",
                "size_bytes": 2194
              },
              {
                "path": "docs",
                "type": "directory"
              },
              {
                "path": "document_index",
                "type": "directory"
              },
              {
                "path": "index_cli.py",
                "type": "file",
                "size_bytes": 1492
              },
              {
                "path": "test_failure.txt",
                "type": "file",
                "size_bytes": 772
              },
              {
                "path": "test_query_limit.py",
                "type": "file",
                "size_bytes": 1725
              }
            ],
            "entry_count": 6,
            "truncated": false,
            "next_cursor": "",
            "complete": true
          },
          "error": null,
          "outcome_type": "success"
        },
        "artifact_refs": [],
        "workspace_digest_before": "f3f38ce5db72edef2976924400f7f5beb8275266ff082a1d20ee38fe40fb4e31",
        "workspace_digest_after": "f3f38ce5db72edef2976924400f7f5beb8275266ff082a1d20ee38fe40fb4e31",
        "failure_key": "",
        "observation_fingerprint": "58372a906f866fbbf5d7ef3a89a76a66bf073ca79278376fd3e34a9114cb5155",
        "error": null,
        "outcome_type": "success",
        "atom_execution_contract_digest": ""
      },
      {
        "action_id": "A00002",
        "sequence": 2,
        "status": "succeeded",
        "action_type": "read_file",
        "arguments": {
          "path": "test_query_limit.py",
          "start_byte": 0,
          "max_tokens": 4096
        },
        "wire_arguments": {
          "path": "test_query_limit.py"
        },
        "action_fingerprint": "31f594e409374f6a2671afcd428887e72c0075ad596c856199fe03810f525428",
        "idempotency_key": "769c52820cb389078f2a5d5fe5b335455778345bc9e928fe3f72fedb1aaf2975",
        "decision_id": "D-9203d6ebd2924ec3",
        "request_id": "MR-43b636942b944994",
        "started_at": "2026-09-14T01:11:23.680+00:00",
        "ended_at": "2026-09-14T01:11:23.716+00:00",
        "result": {
          "action_type": "read_file",
          "success": true,
          "output": "import json\nimport subprocess\nimport sys\nimport tempfile\nimport unittest\nfrom pathlib import Path\nfrom document_index.query import query\nROOT=Path(__file__).resolve().parent\nclass LimitTests(unittest.TestCase):\n    def test_query_limit(self):\n        with tempfile.TemporaryDirectory() as tmp:\n            p=Path(tmp); docs=p/'docs'; docs.mkdir(); db=p/'index.db'\n            for name in ('c.md','a.md','b.md'):\n                (docs/name).write_text('hello world')\n            def cli(*args):\n                return subprocess.run([sys.executable,'-B',str(ROOT/'index_cli.py'),*args],cwd=ROOT,capture_output=True,text=True)\n            self.assertEqual(cli('sync','--root',str(docs),'--db',str(db)).returncode,0)\n            full={'count':3,'matches':[{'path':n} for n in ('a.md','b.md','c.md')]}\n            self.assertEqual(query(db,'hello'),full)\n            self.assertEqual(json.loads(cli('query','--db',str(db),'--text','hello').stdout),full)\n            for limit in (1,2,5):\n                expected={'count':min(limit,3),'matches':full['matches'][:limit]}\n                self.assertEqual(query(db,'hello',limit=limit),expected)\n                result=cli('query','--db',str(db),'--text','hello','--limit',str(limit))\n                self.assertEqual(result.returncode,0,result.stderr)\n                self.assertEqual(json.loads(result.stdout),expected)\n            self.assertEqual(query(db,'absent',limit=1),{'count':0,'matches':[]})\n            for invalid in (0,-1):\n                with self.assertRaises(ValueError): query(db,'hello',limit=invalid)\n                self.assertNotEqual(cli('query','--db',str(db),'--text','hello','--limit',str(invalid)).returncode,0)\nif __name__=='__main__': unittest.main()\n",
          "exit_code": null,
          "artifacts": [
            {
              "path": "test_query_limit.py",
              "sha256": "3d08f872136753c27a00cb226120cc081247b00282252897d675861c0136d2d3",
              "media_type": "text/x-python",
              "size_bytes": 1725,
              "summary": ""
            }
          ],
          "evidence": [],
          "metadata": {
            "chunk": {
              "chunk_id": "CH-CURSOR-f89624455eda026a",
              "source_ref": "test_query_limit.py",
              "source_sha256": "3d08f872136753c27a00cb226120cc081247b00282252897d675861c0136d2d3",
              "media_type": "text/plain",
              "byte_start": 0,
              "byte_end": 1725,
              "core_start": 0,
              "core_end": 1725,
              "overlap_before": 0,
              "overlap_after": 0,
              "chunk_sha256": "3d08f872136753c27a00cb226120cc081247b00282252897d675861c0136d2d3",
              "split_strategy_version": "rwkv-token-cursor.v1",
              "previous_chunk_id": null,
              "next_chunk_id": null,
              "complete_source": true,
              "token_start": 0,
              "token_end": 488
            },
            "start_byte": 0,
            "end_byte": 1725,
            "next_start_byte": null,
            "truncated": false,
            "complete": true,
            "eof": true,
            "source_size_bytes": 1725,
            "observed_tokens": 488,
            "source_start_line": 1,
            "source_end_line": 31
          },
          "error": null,
          "outcome_type": "success"
        },
        "artifact_refs": [
          "ART-bc6e4a0a379c08481e5d"
        ],
        "workspace_digest_before": "f3f38ce5db72edef2976924400f7f5beb8275266ff082a1d20ee38fe40fb4e31",
        "workspace_digest_after": "f3f38ce5db72edef2976924400f7f5beb8275266ff082a1d20ee38fe40fb4e31",
        "failure_key": "",
        "observation_fingerprint": "0d5d438bc4859e4f04db46035eefe58cdb982085d2295ca64277bad893d662fc",
        "error": null,
        "outcome_type": "success",
        "atom_execution_contract_digest": ""
      },
      {
        "action_id": "A00003",
        "sequence": 3,
        "status": "succeeded",
        "action_type": "read_file",
        "arguments": {
          "path": "test_failure.txt",
          "start_byte": 0,
          "max_tokens": 4096
        },
        "wire_arguments": {
          "path": "test_failure.txt"
        },
        "action_fingerprint": "2d1c80bd6bd2c9cb1608be3e5932613a3014a30cf00161862f36125b5fe29975",
        "idempotency_key": "166f5c64a4b7c6931c419e02d92cf21a506e1270e37120f63bb8bebe3de610ff",
        "decision_id": "D-e9a1bc76a44345dc",
        "request_id": "MR-3cdf62674a524336",
        "started_at": "2026-09-14T01:11:53.808+00:00",
        "ended_at": "2026-09-14T01:11:53.842+00:00",
        "result": {
          "action_type": "read_file",
          "success": true,
          "output": "E\n======================================================================\nERROR: test_query_limit (__main__.LimitTests.test_query_limit)\n----------------------------------------------------------------------\nTraceback (most recent call last):\n  File \"/workspace/test_query_limit.py\", line 19, in test_query_limit\n    self.assertEqual(query(db,'hello'),full)\n                     ~~~~~^^^^^^^^^^^^\n  File \"/workspace/document_index/query.py\", line 14, in query\n    rows = connection.execute('SELECT path FROM documents WHERE instr(search,?) > 0 ORDER BY path', (normalize(text),)).fetchmany(limit if limit is not None else -1)\nValueError: value must be positive\n\n----------------------------------------------------------------------\nRan 1 test in 0.025s\n\nFAILED (errors=1)\n",
          "exit_code": null,
          "artifacts": [
            {
              "path": "test_failure.txt",
              "sha256": "d9997790737b10075f370f05d1685aa8807db54c917aaa0a308cfbf0f36fd58d",
              "media_type": "text/plain",
              "size_bytes": 772,
              "summary": ""
            }
          ],
          "evidence": [],
          "metadata": {
            "chunk": {
              "chunk_id": "CH-CURSOR-5f0d70c0dfd69f3a",
              "source_ref": "test_failure.txt",
              "source_sha256": "d9997790737b10075f370f05d1685aa8807db54c917aaa0a308cfbf0f36fd58d",
              "media_type": "text/plain",
              "byte_start": 0,
              "byte_end": 772,
              "core_start": 0,
              "core_end": 772,
              "overlap_before": 0,
              "overlap_after": 0,
              "chunk_sha256": "d9997790737b10075f370f05d1685aa8807db54c917aaa0a308cfbf0f36fd58d",
              "split_strategy_version": "rwkv-token-cursor.v1",
              "previous_chunk_id": null,
              "next_chunk_id": null,
              "complete_source": true,
              "token_start": 0,
              "token_end": 167
            },
            "start_byte": 0,
            "end_byte": 772,
            "next_start_byte": null,
            "truncated": false,
            "complete": true,
            "eof": true,
            "source_size_bytes": 772,
            "observed_tokens": 167,
            "source_start_line": 1,
            "source_end_line": 16
          },
          "error": null,
          "outcome_type": "success"
        },
        "artifact_refs": [
          "ART-b7e63d34afb32f8c961e"
        ],
        "workspace_digest_before": "f3f38ce5db72edef2976924400f7f5beb8275266ff082a1d20ee38fe40fb4e31",
        "workspace_digest_after": "f3f38ce5db72edef2976924400f7f5beb8275266ff082a1d20ee38fe40fb4e31",
        "failure_key": "",
        "observation_fingerprint": "8898292d0fa0925980096b64a6f8ec7f9671f147c5782e19750de6d8b3998640",
        "error": null,
        "outcome_type": "success",
        "atom_execution_contract_digest": ""
      },
      {
        "action_id": "A00004",
        "sequence": 4,
        "status": "succeeded",
        "action_type": "read_file",
        "arguments": {
          "path": "document_index/query.py",
          "start_byte": 0,
          "max_tokens": 4096
        },
        "wire_arguments": {
          "path": "document_index/query.py"
        },
        "action_fingerprint": "c5ee139720305ed64cc94e04c0667343fc01bb0096b3c04fc30afdb9bcdbed30",
        "idempotency_key": "84a29f025df0b1c3e2dbd438baead5cd4922e77616548b4e26e351d09aa75c66",
        "decision_id": "D-b8455c74ec5d4c41",
        "request_id": "MR-304cd94f46794136",
        "started_at": "2026-09-14T01:12:24.156+00:00",
        "ended_at": "2026-09-14T01:12:24.192+00:00",
        "result": {
          "action_type": "read_file",
          "success": true,
          "output": "from __future__ import annotations\nfrom typing import Optional\n\nfrom .documents import normalize\nfrom .store import existing\n\ndef query(database, text: str, limit: Optional[int] = None) -> dict:\n    if not text.strip():\n        raise ValueError('query must be nonempty')\n    if limit is not None:\n        if isinstance(limit, bool) or not isinstance(limit, int) or limit <= 0:\n            raise ValueError('limit must be a positive integer')\n    with existing(database) as connection:\n        rows = connection.execute('SELECT path FROM documents WHERE instr(search,?) > 0 ORDER BY path', (normalize(text),)).fetchmany(limit if limit is not None else -1)\n    matches = [{'path': row[0]} for row in rows]\n    return {'count': len(matches), 'matches': matches}\n",
          "exit_code": null,
          "artifacts": [
            {
              "path": "document_index/query.py",
              "sha256": "cca1a251c41e1b5e7d60f81ef704228ee14ceaee7768c5364d9fadb7978593ff",
              "media_type": "text/x-python",
              "size_bytes": 759,
              "summary": ""
            }
          ],
          "evidence": [],
          "metadata": {
            "chunk": {
              "chunk_id": "CH-CURSOR-927588d194501bd2",
              "source_ref": "document_index/query.py",
              "source_sha256": "cca1a251c41e1b5e7d60f81ef704228ee14ceaee7768c5364d9fadb7978593ff",
              "media_type": "text/plain",
              "byte_start": 0,
              "byte_end": 759,
              "core_start": 0,
              "core_end": 759,
              "overlap_before": 0,
              "overlap_after": 0,
              "chunk_sha256": "cca1a251c41e1b5e7d60f81ef704228ee14ceaee7768c5364d9fadb7978593ff",
              "split_strategy_version": "rwkv-token-cursor.v1",
              "previous_chunk_id": null,
              "next_chunk_id": null,
              "complete_source": true,
              "token_start": 0,
              "token_end": 184
            },
            "start_byte": 0,
            "end_byte": 759,
            "next_start_byte": null,
            "truncated": false,
            "complete": true,
            "eof": true,
            "source_size_bytes": 759,
            "observed_tokens": 184,
            "source_start_line": 1,
            "source_end_line": 16
          },
          "error": null,
          "outcome_type": "success"
        },
        "artifact_refs": [
          "ART-bc917e422f9060fd71e5"
        ],
        "workspace_digest_before": "f3f38ce5db72edef2976924400f7f5beb8275266ff082a1d20ee38fe40fb4e31",
        "workspace_digest_after": "f3f38ce5db72edef2976924400f7f5beb8275266ff082a1d20ee38fe40fb4e31",
        "failure_key": "",
        "observation_fingerprint": "43b7729b894cfdf2a3a823291cf2821069b6e878143238455fa2dbdfc4fbd3af",
        "error": null,
        "outcome_type": "success",
        "atom_execution_contract_digest": ""
      },
      {
        "action_id": "A00005",
        "sequence": 5,
        "status": "succeeded",
        "action_type": "read_file",
        "arguments": {
          "path": "document_index/store.py",
          "start_byte": 0,
          "max_tokens": 4096
        },
        "wire_arguments": {
          "path": "document_index/store.py"
        },
        "action_fingerprint": "07d86f0a85425e041241d666cc397cfcd24dab12be6e194e3972d802a24e7608",
        "idempotency_key": "b56e882c3f1522c3f659c1d3e7bbc8b73cf25aaa49b87ea8f5600525e17fb139",
        "decision_id": "D-4b63f83f2a854818",
        "request_id": "MR-75c79c4731bf445e",
        "started_at": "2026-09-14T01:12:54.259+00:00",
        "ended_at": "2026-09-14T01:12:54.299+00:00",
        "result": {
          "action_type": "read_file",
          "success": true,
          "output": "from __future__ import annotations\nimport sqlite3\n\ndef existing(database):\n    return sqlite3.connect(database)\n\ndef synchronize(database, root, documents):\n    with sqlite3.connect(database) as connection:\n        connection.execute('CREATE TABLE IF NOT EXISTS documents (path TEXT PRIMARY KEY, content TEXT NOT NULL, digest TEXT NOT NULL, search TEXT NOT NULL, mtime INTEGER NOT NULL)')\n        connection.execute('CREATE TABLE IF NOT EXISTS metadata (key TEXT PRIMARY KEY, value TEXT NOT NULL)')\n        metadata = dict(connection.execute('SELECT key,value FROM metadata'))\n        old = dict(connection.execute('SELECT path,mtime FROM documents'))\n        counts = {'added': 0, 'updated': 0, 'deleted': 0, 'unchanged': 0}\n        for row in documents:\n            if old.get(row['path']) == row['mtime']:\n                counts['unchanged'] += 1\n                continue\n            counts['updated' if row['path'] in old else 'added'] += 1\n            connection.execute('INSERT OR REPLACE INTO documents VALUES (?,?,?,?,?)', (row['path'], row['content'], row['digest'], row['search'], row['mtime']))\n            connection.commit()\n        generation = int(metadata.get('generation', '0')) + 1\n        connection.execute(\"INSERT OR REPLACE INTO metadata VALUES ('root',?)\", (str(root),))\n        connection.execute(\"INSERT OR REPLACE INTO metadata VALUES ('generation',?)\", (str(generation),))\n        return {**counts, 'generation': generation}\n\ndef status(database):\n    with existing(database) as connection:\n        metadata = dict(connection.execute('SELECT key,value FROM metadata'))\n        count = connection.execute('SELECT COUNT(*) FROM documents').fetchone()[0]\n        return {'document_count': count, 'generation': int(metadata['generation']), 'root': metadata['root']}\n",
          "exit_code": null,
          "artifacts": [
            {
              "path": "document_index/store.py",
              "sha256": "e4361550a79cddee0af5821d2bfc4b1e32dbb5cddd4e0528d92d458854b02e03",
              "media_type": "text/x-python",
              "size_bytes": 1789,
              "summary": ""
            }
          ],
          "evidence": [],
          "metadata": {
            "chunk": {
              "chunk_id": "CH-CURSOR-f7730879d0fd3eae",
              "source_ref": "document_index/store.py",
              "source_sha256": "e4361550a79cddee0af5821d2bfc4b1e32dbb5cddd4e0528d92d458854b02e03",
              "media_type": "text/plain",
              "byte_start": 0,
              "byte_end": 1789,
              "core_start": 0,
              "core_end": 1789,
              "overlap_before": 0,
              "overlap_after": 0,
              "chunk_sha256": "e4361550a79cddee0af5821d2bfc4b1e32dbb5cddd4e0528d92d458854b02e03",
              "split_strategy_version": "rwkv-token-cursor.v1",
              "previous_chunk_id": null,
              "next_chunk_id": null,
              "complete_source": true,
              "token_start": 0,
              "token_end": 412
            },
            "start_byte": 0,
            "end_byte": 1789,
            "next_start_byte": null,
            "truncated": false,
            "complete": true,
            "eof": true,
            "source_size_bytes": 1789,
            "observed_tokens": 412,
            "source_start_line": 1,
            "source_end_line": 30
          },
          "error": null,
          "outcome_type": "success"
        },
        "artifact_refs": [
          "ART-4a1906bb1dcda7948383"
        ],
        "workspace_digest_before": "f3f38ce5db72edef2976924400f7f5beb8275266ff082a1d20ee38fe40fb4e31",
        "workspace_digest_after": "f3f38ce5db72edef2976924400f7f5beb8275266ff082a1d20ee38fe40fb4e31",
        "failure_key": "",
        "observation_fingerprint": "1f6d7ea364d56eaefdb894835cd69cf22895769db8ef15b119b1d82f66c10ca1",
        "error": null,
        "outcome_type": "success",
        "atom_execution_contract_digest": ""
      },
      {
        "action_id": "A00006",
        "sequence": 6,
        "status": "succeeded",
        "action_type": "read_file",
        "arguments": {
          "path": "index_cli.py",
          "start_byte": 0,
          "max_tokens": 4096
        },
        "wire_arguments": {
          "path": "index_cli.py"
        },
        "action_fingerprint": "c5541e52d130945d6cdb1643a84555a84347074aa57dd690e1ce0c45f9ae4d6b",
        "idempotency_key": "aac4f778d15245f64fecd228507734c816af419c46904f054f9c2a5c99b0464a",
        "decision_id": "D-531e7343835d48b1",
        "request_id": "MR-5d7a9dbc183049c7",
        "started_at": "2026-09-14T01:13:25.803+00:00",
        "ended_at": "2026-09-14T01:13:25.844+00:00",
        "result": {
          "action_type": "read_file",
          "success": true,
          "output": "from __future__ import annotations\nimport argparse\nimport json\nimport sys\nfrom pathlib import Path\nfrom document_index.documents import collect\nfrom document_index.store import synchronize, status\nfrom document_index.query import query\n\ndef main():\n    parser = argparse.ArgumentParser(description='Incremental Unicode document index')\n    commands = parser.add_subparsers(dest='command', required=True)\n    sync = commands.add_parser('sync'); sync.add_argument('--root', required=True); sync.add_argument('--db', required=True)\n    find = commands.add_parser('query'); find.add_argument('--db', required=True); find.add_argument('--text', required=True); find.add_argument('--limit', type=int, default=None)\n    info = commands.add_parser('status'); info.add_argument('--db', required=True)\n    arguments = parser.parse_args()\n    try:\n        database = Path(arguments.db)\n        if arguments.command == 'sync':\n            root = Path(arguments.root).resolve()\n            result = synchronize(database, root, collect(root))\n        elif arguments.command == 'query':\n            result = query(database, arguments.text, limit=arguments.limit)\n        else:\n            result = status(database)\n        print(json.dumps(result, ensure_ascii=False))\n        return 0\n    except Exception as error:\n        print(json.dumps({'error': type(error).__name__ + ': ' + str(error)}, ensure_ascii=False), file=sys.stderr)\n        return 2\n\nif __name__ == '__main__':\n    raise SystemExit(main())\n",
          "exit_code": null,
          "artifacts": [
            {
              "path": "index_cli.py",
              "sha256": "1774755ed36cb1ba801206d51709fdce3ae2c6df0b093e55a5ccaba21892a74d",
              "media_type": "text/x-python",
              "size_bytes": 1492,
              "summary": ""
            }
          ],
          "evidence": [],
          "metadata": {
            "chunk": {
              "chunk_id": "CH-CURSOR-2c1355ed9019a2a3",
              "source_ref": "index_cli.py",
              "source_sha256": "1774755ed36cb1ba801206d51709fdce3ae2c6df0b093e55a5ccaba21892a74d",
              "media_type": "text/plain",
              "byte_start": 0,
              "byte_end": 1492,
              "core_start": 0,
              "core_end": 1492,
              "overlap_before": 0,
              "overlap_after": 0,
              "chunk_sha256": "1774755ed36cb1ba801206d51709fdce3ae2c6df0b093e55a5ccaba21892a74d",
              "split_strategy_version": "rwkv-token-cursor.v1",
              "previous_chunk_id": null,
              "next_chunk_id": null,
              "complete_source": true,
              "token_start": 0,
              "token_end": 371
            },
            "start_byte": 0,
            "end_byte": 1492,
            "next_start_byte": null,
            "truncated": false,
            "complete": true,
            "eof": true,
            "source_size_bytes": 1492,
            "observed_tokens": 371,
            "source_start_line": 1,
            "source_end_line": 33
          },
          "error": null,
          "outcome_type": "success"
        },
        "artifact_refs": [
          "ART-275e5b95655a1885feb6"
        ],
        "workspace_digest_before": "f3f38ce5db72edef2976924400f7f5beb8275266ff082a1d20ee38fe40fb4e31",
        "workspace_digest_after": "f3f38ce5db72edef2976924400f7f5beb8275266ff082a1d20ee38fe40fb4e31",
        "failure_key": "",
        "observation_fingerprint": "18b39e21400c0ed5944fed62f6d61be78a89082f227d1dd3c6c68694105effc9",
        "error": null,
        "outcome_type": "success",
        "atom_execution_contract_digest": ""
      },
      {
        "action_id": "A00007",
        "sequence": 7,
        "status": "succeeded",
        "action_type": "read_file",
        "arguments": {
          "path": "test_failure.txt",
          "start_byte": 0,
          "max_tokens": 4096
        },
        "wire_arguments": {
          "path": "test_failure.txt"
        },
        "action_fingerprint": "2d1c80bd6bd2c9cb1608be3e5932613a3014a30cf00161862f36125b5fe29975",
        "idempotency_key": "67eee361ce9dc0a3f0341d715d722c6e4c69b663d62e689ce6eececf10f835a2",
        "decision_id": "D-9432695fb5c3429e",
        "request_id": "MR-70c0bfd02a7b47e2",
        "started_at": "2026-09-14T01:13:56.146+00:00",
        "ended_at": "2026-09-14T01:13:56.188+00:00",
        "result": {
          "action_type": "read_file",
          "success": true,
          "output": "E\n======================================================================\nERROR: test_query_limit (__main__.LimitTests.test_query_limit)\n----------------------------------------------------------------------\nTraceback (most recent call last):\n  File \"/workspace/test_query_limit.py\", line 19, in test_query_limit\n    self.assertEqual(query(db,'hello'),full)\n                     ~~~~~^^^^^^^^^^^^\n  File \"/workspace/document_index/query.py\", line 14, in query\n    rows = connection.execute('SELECT path FROM documents WHERE instr(search,?) > 0 ORDER BY path', (normalize(text),)).fetchmany(limit if limit is not None else -1)\nValueError: value must be positive\n\n----------------------------------------------------------------------\nRan 1 test in 0.025s\n\nFAILED (errors=1)\n",
          "exit_code": null,
          "artifacts": [
            {
              "path": "test_failure.txt",
              "sha256": "d9997790737b10075f370f05d1685aa8807db54c917aaa0a308cfbf0f36fd58d",
              "media_type": "text/plain",
              "size_bytes": 772,
              "summary": ""
            }
          ],
          "evidence": [],
          "metadata": {
            "chunk": {
              "chunk_id": "CH-CURSOR-5f0d70c0dfd69f3a",
              "source_ref": "test_failure.txt",
              "source_sha256": "d9997790737b10075f370f05d1685aa8807db54c917aaa0a308cfbf0f36fd58d",
              "media_type": "text/plain",
              "byte_start": 0,
              "byte_end": 772,
              "core_start": 0,
              "core_end": 772,
              "overlap_before": 0,
              "overlap_after": 0,
              "chunk_sha256": "d9997790737b10075f370f05d1685aa8807db54c917aaa0a308cfbf0f36fd58d",
              "split_strategy_version": "rwkv-token-cursor.v1",
              "previous_chunk_id": null,
              "next_chunk_id": null,
              "complete_source": true,
              "token_start": 0,
              "token_end": 167
            },
            "start_byte": 0,
            "end_byte": 772,
            "next_start_byte": null,
            "truncated": false,
            "complete": true,
            "eof": true,
            "source_size_bytes": 772,
            "observed_tokens": 167,
            "source_start_line": 1,
            "source_end_line": 16
          },
          "error": null,
          "outcome_type": "success"
        },
        "artifact_refs": [
          "ART-3ec4605fe444336465fa"
        ],
        "workspace_digest_before": "f3f38ce5db72edef2976924400f7f5beb8275266ff082a1d20ee38fe40fb4e31",
        "workspace_digest_after": "f3f38ce5db72edef2976924400f7f5beb8275266ff082a1d20ee38fe40fb4e31",
        "failure_key": "",
        "observation_fingerprint": "8898292d0fa0925980096b64a6f8ec7f9671f147c5782e19750de6d8b3998640",
        "error": null,
        "outcome_type": "success",
        "atom_execution_contract_digest": ""
      },
      {
        "action_id": "A00008",
        "sequence": 8,
        "status": "succeeded",
        "action_type": "read_file",
        "arguments": {
          "path": "test_query_limit.py",
          "start_byte": 0,
          "max_tokens": 4096
        },
        "wire_arguments": {
          "path": "test_query_limit.py"
        },
        "action_fingerprint": "31f594e409374f6a2671afcd428887e72c0075ad596c856199fe03810f525428",
        "idempotency_key": "9542fde00dfb17398923bbbdfe4540a88b50df9e6da7067c5792d7fd6f2bbb6e",
        "decision_id": "D-d065948704144e0e",
        "request_id": "MR-677f96d1119d4812",
        "started_at": "2026-09-14T01:14:26.301+00:00",
        "ended_at": "2026-09-14T01:14:26.348+00:00",
        "result": {
          "action_type": "read_file",
          "success": true,
          "output": "import json\nimport subprocess\nimport sys\nimport tempfile\nimport unittest\nfrom pathlib import Path\nfrom document_index.query import query\nROOT=Path(__file__).resolve().parent\nclass LimitTests(unittest.TestCase):\n    def test_query_limit(self):\n        with tempfile.TemporaryDirectory() as tmp:\n            p=Path(tmp); docs=p/'docs'; docs.mkdir(); db=p/'index.db'\n            for name in ('c.md','a.md','b.md'):\n                (docs/name).write_text('hello world')\n            def cli(*args):\n                return subprocess.run([sys.executable,'-B',str(ROOT/'index_cli.py'),*args],cwd=ROOT,capture_output=True,text=True)\n            self.assertEqual(cli('sync','--root',str(docs),'--db',str(db)).returncode,0)\n            full={'count':3,'matches':[{'path':n} for n in ('a.md','b.md','c.md')]}\n            self.assertEqual(query(db,'hello'),full)\n            self.assertEqual(json.loads(cli('query','--db',str(db),'--text','hello').stdout),full)\n            for limit in (1,2,5):\n                expected={'count':min(limit,3),'matches':full['matches'][:limit]}\n                self.assertEqual(query(db,'hello',limit=limit),expected)\n                result=cli('query','--db',str(db),'--text','hello','--limit',str(limit))\n                self.assertEqual(result.returncode,0,result.stderr)\n                self.assertEqual(json.loads(result.stdout),expected)\n            self.assertEqual(query(db,'absent',limit=1),{'count':0,'matches':[]})\n            for invalid in (0,-1):\n                with self.assertRaises(ValueError): query(db,'hello',limit=invalid)\n                self.assertNotEqual(cli('query','--db',str(db),'--text','hello','--limit',str(invalid)).returncode,0)\nif __name__=='__main__': unittest.main()\n",
          "exit_code": null,
          "artifacts": [
            {
              "path": "test_query_limit.py",
              "sha256": "3d08f872136753c27a00cb226120cc081247b00282252897d675861c0136d2d3",
              "media_type": "text/x-python",
              "size_bytes": 1725,
              "summary": ""
            }
          ],
          "evidence": [],
          "metadata": {
            "chunk": {
              "chunk_id": "CH-CURSOR-f89624455eda026a",
              "source_ref": "test_query_limit.py",
              "source_sha256": "3d08f872136753c27a00cb226120cc081247b00282252897d675861c0136d2d3",
              "media_type": "text/plain",
              "byte_start": 0,
              "byte_end": 1725,
              "core_start": 0,
              "core_end": 1725,
              "overlap_before": 0,
              "overlap_after": 0,
              "chunk_sha256": "3d08f872136753c27a00cb226120cc081247b00282252897d675861c0136d2d3",
              "split_strategy_version": "rwkv-token-cursor.v1",
              "previous_chunk_id": null,
              "next_chunk_id": null,
              "complete_source": true,
              "token_start": 0,
              "token_end": 488
            },
            "start_byte": 0,
            "end_byte": 1725,
            "next_start_byte": null,
            "truncated": false,
            "complete": true,
            "eof": true,
            "source_size_bytes": 1725,
            "observed_tokens": 488,
            "source_start_line": 1,
            "source_end_line": 31
          },
          "error": null,
          "outcome_type": "success"
        },
        "artifact_refs": [
          "ART-dace2bdbca2b1ab2f419"
        ],
        "workspace_digest_before": "f3f38ce5db72edef2976924400f7f5beb8275266ff082a1d20ee38fe40fb4e31",
        "workspace_digest_after": "f3f38ce5db72edef2976924400f7f5beb8275266ff082a1d20ee38fe40fb4e31",
        "failure_key": "",
        "observation_fingerprint": "0d5d438bc4859e4f04db46035eefe58cdb982085d2295ca64277bad893d662fc",
        "error": null,
        "outcome_type": "success",
        "atom_execution_contract_digest": ""
      },
      {
        "action_id": "A00009",
        "sequence": 9,
        "status": "succeeded",
        "action_type": "read_file",
        "arguments": {
          "path": "document_index/query.py",
          "start_byte": 0,
          "max_tokens": 4096
        },
        "wire_arguments": {
          "path": "document_index/query.py"
        },
        "action_fingerprint": "c5ee139720305ed64cc94e04c0667343fc01bb0096b3c04fc30afdb9bcdbed30",
        "idempotency_key": "2e1b0d137c44b4c0681d28bffba2656a314fcbc32726953fea82f1a0adf48121",
        "decision_id": "D-22e595a189fc4476",
        "request_id": "MR-afdd54d7356c40de",
        "started_at": "2026-09-14T01:14:56.740+00:00",
        "ended_at": "2026-09-14T01:14:56.790+00:00",
        "result": {
          "action_type": "read_file",
          "success": true,
          "output": "from __future__ import annotations\nfrom typing import Optional\n\nfrom .documents import normalize\nfrom .store import existing\n\ndef query(database, text: str, limit: Optional[int] = None) -> dict:\n    if not text.strip():\n        raise ValueError('query must be nonempty')\n    if limit is not None:\n        if isinstance(limit, bool) or not isinstance(limit, int) or limit <= 0:\n            raise ValueError('limit must be a positive integer')\n    with existing(database) as connection:\n        rows = connection.execute('SELECT path FROM documents WHERE instr(search,?) > 0 ORDER BY path', (normalize(text),)).fetchmany(limit if limit is not None else -1)\n    matches = [{'path': row[0]} for row in rows]\n    return {'count': len(matches), 'matches': matches}\n",
          "exit_code": null,
          "artifacts": [
            {
              "path": "document_index/query.py",
              "sha256": "cca1a251c41e1b5e7d60f81ef704228ee14ceaee7768c5364d9fadb7978593ff",
              "media_type": "text/x-python",
              "size_bytes": 759,
              "summary": ""
            }
          ],
          "evidence": [],
          "metadata": {
            "chunk": {
              "chunk_id": "CH-CURSOR-927588d194501bd2",
              "source_ref": "document_index/query.py",
              "source_sha256": "cca1a251c41e1b5e7d60f81ef704228ee14ceaee7768c5364d9fadb7978593ff",
              "media_type": "text/plain",
              "byte_start": 0,
              "byte_end": 759,
              "core_start": 0,
              "core_end": 759,
              "overlap_before": 0,
              "overlap_after": 0,
              "chunk_sha256": "cca1a251c41e1b5e7d60f81ef704228ee14ceaee7768c5364d9fadb7978593ff",
              "split_strategy_version": "rwkv-token-cursor.v1",
              "previous_chunk_id": null,
              "next_chunk_id": null,
              "complete_source": true,
              "token_start": 0,
              "token_end": 184
            },
            "start_byte": 0,
            "end_byte": 759,
            "next_start_byte": null,
            "truncated": false,
            "complete": true,
            "eof": true,
            "source_size_bytes": 759,
            "observed_tokens": 184,
            "source_start_line": 1,
            "source_end_line": 16
          },
          "error": null,
          "outcome_type": "success"
        },
        "artifact_refs": [
          "ART-d0bdd0e1e24c8847d3c9"
        ],
        "workspace_digest_before": "f3f38ce5db72edef2976924400f7f5beb8275266ff082a1d20ee38fe40fb4e31",
        "workspace_digest_after": "f3f38ce5db72edef2976924400f7f5beb8275266ff082a1d20ee38fe40fb4e31",
        "failure_key": "",
        "observation_fingerprint": "43b7729b894cfdf2a3a823291cf2821069b6e878143238455fa2dbdfc4fbd3af",
        "error": null,
        "outcome_type": "success",
        "atom_execution_contract_digest": ""
      },
      {
        "action_id": "A00010",
        "sequence": 10,
        "status": "succeeded",
        "action_type": "read_file",
        "arguments": {
          "path": "document_index/store.py",
          "start_byte": 0,
          "max_tokens": 4096
        },
        "wire_arguments": {
          "path": "document_index/store.py"
        },
        "action_fingerprint": "07d86f0a85425e041241d666cc397cfcd24dab12be6e194e3972d802a24e7608",
        "idempotency_key": "d6abab84bcf8db974fc443f59ab9f300b7d22870ae181f8fcc1c9809d540a63c",
        "decision_id": "D-d2ff47d3986e476d",
        "request_id": "MR-63ae2f5e3aec4b6d",
        "started_at": "2026-09-14T01:15:27.252+00:00",
        "ended_at": "2026-09-14T01:15:27.311+00:00",
        "result": {
          "action_type": "read_file",
          "success": true,
          "output": "from __future__ import annotations\nimport sqlite3\n\ndef existing(database):\n    return sqlite3.connect(database)\n\ndef synchronize(database, root, documents):\n    with sqlite3.connect(database) as connection:\n        connection.execute('CREATE TABLE IF NOT EXISTS documents (path TEXT PRIMARY KEY, content TEXT NOT NULL, digest TEXT NOT NULL, search TEXT NOT NULL, mtime INTEGER NOT NULL)')\n        connection.execute('CREATE TABLE IF NOT EXISTS metadata (key TEXT PRIMARY KEY, value TEXT NOT NULL)')\n        metadata = dict(connection.execute('SELECT key,value FROM metadata'))\n        old = dict(connection.execute('SELECT path,mtime FROM documents'))\n        counts = {'added': 0, 'updated': 0, 'deleted': 0, 'unchanged': 0}\n        for row in documents:\n            if old.get(row['path']) == row['mtime']:\n                counts['unchanged'] += 1\n                continue\n            counts['updated' if row['path'] in old else 'added'] += 1\n            connection.execute('INSERT OR REPLACE INTO documents VALUES (?,?,?,?,?)', (row['path'], row['content'], row['digest'], row['search'], row['mtime']))\n            connection.commit()\n        generation = int(metadata.get('generation', '0')) + 1\n        connection.execute(\"INSERT OR REPLACE INTO metadata VALUES ('root',?)\", (str(root),))\n        connection.execute(\"INSERT OR REPLACE INTO metadata VALUES ('generation',?)\", (str(generation),))\n        return {**counts, 'generation': generation}\n\ndef status(database):\n    with existing(database) as connection:\n        metadata = dict(connection.execute('SELECT key,value FROM metadata'))\n        count = connection.execute('SELECT COUNT(*) FROM documents').fetchone()[0]\n        return {'document_count': count, 'generation': int(metadata['generation']), 'root': metadata['root']}\n",
          "exit_code": null,
          "artifacts": [
            {
              "path": "document_index/store.py",
              "sha256": "e4361550a79cddee0af5821d2bfc4b1e32dbb5cddd4e0528d92d458854b02e03",
              "media_type": "text/x-python",
              "size_bytes": 1789,
              "summary": ""
            }
          ],
          "evidence": [],
          "metadata": {
            "chunk": {
              "chunk_id": "CH-CURSOR-f7730879d0fd3eae",
              "source_ref": "document_index/store.py",
              "source_sha256": "e4361550a79cddee0af5821d2bfc4b1e32dbb5cddd4e0528d92d458854b02e03",
              "media_type": "text/plain",
              "byte_start": 0,
              "byte_end": 1789,
              "core_start": 0,
              "core_end": 1789,
              "overlap_before": 0,
              "overlap_after": 0,
              "chunk_sha256": "e4361550a79cddee0af5821d2bfc4b1e32dbb5cddd4e0528d92d458854b02e03",
              "split_strategy_version": "rwkv-token-cursor.v1",
              "previous_chunk_id": null,
              "next_chunk_id": null,
              "complete_source": true,
              "token_start": 0,
              "token_end": 412
            },
            "start_byte": 0,
            "end_byte": 1789,
            "next_start_byte": null,
            "truncated": false,
            "complete": true,
            "eof": true,
            "source_size_bytes": 1789,
            "observed_tokens": 412,
            "source_start_line": 1,
            "source_end_line": 30
          },
          "error": null,
          "outcome_type": "success"
        },
        "artifact_refs": [
          "ART-915b6358bebb93166455"
        ],
        "workspace_digest_before": "f3f38ce5db72edef2976924400f7f5beb8275266ff082a1d20ee38fe40fb4e31",
        "workspace_digest_after": "f3f38ce5db72edef2976924400f7f5beb8275266ff082a1d20ee38fe40fb4e31",
        "failure_key": "",
        "observation_fingerprint": "1f6d7ea364d56eaefdb894835cd69cf22895769db8ef15b119b1d82f66c10ca1",
        "error": null,
        "outcome_type": "success",
        "atom_execution_contract_digest": ""
      },
      {
        "action_id": "A00011",
        "sequence": 11,
        "status": "succeeded",
        "action_type": "read_file",
        "arguments": {
          "path": "index_cli.py",
          "start_byte": 0,
          "max_tokens": 4096
        },
        "wire_arguments": {
          "path": "index_cli.py"
        },
        "action_fingerprint": "c5541e52d130945d6cdb1643a84555a84347074aa57dd690e1ce0c45f9ae4d6b",
        "idempotency_key": "166eebb91fe377c6459197a899ac593dc037ae27a62c2c6454664d87f19996a4",
        "decision_id": "D-5493689faa634f00",
        "request_id": "MR-dc83e86dd7194cf3",
        "started_at": "2026-09-14T01:15:57.942+00:00",
        "ended_at": "2026-09-14T01:15:57.998+00:00",
        "result": {
          "action_type": "read_file",
          "success": true,
          "output": "from __future__ import annotations\nimport argparse\nimport json\nimport sys\nfrom pathlib import Path\nfrom document_index.documents import collect\nfrom document_index.store import synchronize, status\nfrom document_index.query import query\n\ndef main():\n    parser = argparse.ArgumentParser(description='Incremental Unicode document index')\n    commands = parser.add_subparsers(dest='command', required=True)\n    sync = commands.add_parser('sync'); sync.add_argument('--root', required=True); sync.add_argument('--db', required=True)\n    find = commands.add_parser('query'); find.add_argument('--db', required=True); find.add_argument('--text', required=True); find.add_argument('--limit', type=int, default=None)\n    info = commands.add_parser('status'); info.add_argument('--db', required=True)\n    arguments = parser.parse_args()\n    try:\n        database = Path(arguments.db)\n        if arguments.command == 'sync':\n            root = Path(arguments.root).resolve()\n            result = synchronize(database, root, collect(root))\n        elif arguments.command == 'query':\n            result = query(database, arguments.text, limit=arguments.limit)\n        else:\n            result = status(database)\n        print(json.dumps(result, ensure_ascii=False))\n        return 0\n    except Exception as error:\n        print(json.dumps({'error': type(error).__name__ + ': ' + str(error)}, ensure_ascii=False), file=sys.stderr)\n        return 2\n\nif __name__ == '__main__':\n    raise SystemExit(main())\n",
          "exit_code": null,
          "artifacts": [
            {
              "path": "index_cli.py",
              "sha256": "1774755ed36cb1ba801206d51709fdce3ae2c6df0b093e55a5ccaba21892a74d",
              "media_type": "text/x-python",
              "size_bytes": 1492,
              "summary": ""
            }
          ],
          "evidence": [],
          "metadata": {
            "chunk": {
              "chunk_id": "CH-CURSOR-2c1355ed9019a2a3",
              "source_ref": "index_cli.py",
              "source_sha256": "1774755ed36cb1ba801206d51709fdce3ae2c6df0b093e55a5ccaba21892a74d",
              "media_type": "text/plain",
              "byte_start": 0,
              "byte_end": 1492,
              "core_start": 0,
              "core_end": 1492,
              "overlap_before": 0,
              "overlap_after": 0,
              "chunk_sha256": "1774755ed36cb1ba801206d51709fdce3ae2c6df0b093e55a5ccaba21892a74d",
              "split_strategy_version": "rwkv-token-cursor.v1",
              "previous_chunk_id": null,
              "next_chunk_id": null,
              "complete_source": true,
              "token_start": 0,
              "token_end": 371
            },
            "start_byte": 0,
            "end_byte": 1492,
            "next_start_byte": null,
            "truncated": false,
            "complete": true,
            "eof": true,
            "source_size_bytes": 1492,
            "observed_tokens": 371,
            "source_start_line": 1,
            "source_end_line": 33
          },
          "error": null,
          "outcome_type": "success"
        },
        "artifact_refs": [
          "ART-6f207a86a7dc049e5b9d"
        ],
        "workspace_digest_before": "f3f38ce5db72edef2976924400f7f5beb8275266ff082a1d20ee38fe40fb4e31",
        "workspace_digest_after": "f3f38ce5db72edef2976924400f7f5beb8275266ff082a1d20ee38fe40fb4e31",
        "failure_key": "",
        "observation_fingerprint": "18b39e21400c0ed5944fed62f6d61be78a89082f227d1dd3c6c68694105effc9",
        "error": null,
        "outcome_type": "success",
        "atom_execution_contract_digest": ""
      },
      {
        "action_id": "A00012",
        "sequence": 12,
        "status": "succeeded",
        "action_type": "read_file",
        "arguments": {
          "path": "test_failure.txt",
          "start_byte": 0,
          "max_tokens": 4096
        },
        "wire_arguments": {
          "path": "test_failure.txt"
        },
        "action_fingerprint": "2d1c80bd6bd2c9cb1608be3e5932613a3014a30cf00161862f36125b5fe29975",
        "idempotency_key": "5dd24b90321de08160ab59da2fb47acfc85bb7741d9bed3d238c17b5e61d6f9b",
        "decision_id": "D-5ead50f5023c49ed",
        "request_id": "MR-ec5279c547634365",
        "started_at": "2026-09-14T01:16:28.060+00:00",
        "ended_at": "2026-09-14T01:16:28.121+00:00",
        "result": {
          "action_type": "read_file",
          "success": true,
          "output": "E\n======================================================================\nERROR: test_query_limit (__main__.LimitTests.test_query_limit)\n----------------------------------------------------------------------\nTraceback (most recent call last):\n  File \"/workspace/test_query_limit.py\", line 19, in test_query_limit\n    self.assertEqual(query(db,'hello'),full)\n                     ~~~~~^^^^^^^^^^^^\n  File \"/workspace/document_index/query.py\", line 14, in query\n    rows = connection.execute('SELECT path FROM documents WHERE instr(search,?) > 0 ORDER BY path', (normalize(text),)).fetchmany(limit if limit is not None else -1)\nValueError: value must be positive\n\n----------------------------------------------------------------------\nRan 1 test in 0.025s\n\nFAILED (errors=1)\n",
          "exit_code": null,
          "artifacts": [
            {
              "path": "test_failure.txt",
              "sha256": "d9997790737b10075f370f05d1685aa8807db54c917aaa0a308cfbf0f36fd58d",
              "media_type": "text/plain",
              "size_bytes": 772,
              "summary": ""
            }
          ],
          "evidence": [],
          "metadata": {
            "chunk": {
              "chunk_id": "CH-CURSOR-5f0d70c0dfd69f3a",
              "source_ref": "test_failure.txt",
              "source_sha256": "d9997790737b10075f370f05d1685aa8807db54c917aaa0a308cfbf0f36fd58d",
              "media_type": "text/plain",
              "byte_start": 0,
              "byte_end": 772,
              "core_start": 0,
              "core_end": 772,
              "overlap_before": 0,
              "overlap_after": 0,
              "chunk_sha256": "d9997790737b10075f370f05d1685aa8807db54c917aaa0a308cfbf0f36fd58d",
              "split_strategy_version": "rwkv-token-cursor.v1",
              "previous_chunk_id": null,
              "next_chunk_id": null,
              "complete_source": true,
              "token_start": 0,
              "token_end": 167
            },
            "start_byte": 0,
            "end_byte": 772,
            "next_start_byte": null,
            "truncated": false,
            "complete": true,
            "eof": true,
            "source_size_bytes": 772,
            "observed_tokens": 167,
            "source_start_line": 1,
            "source_end_line": 16
          },
          "error": null,
          "outcome_type": "success"
        },
        "artifact_refs": [
          "ART-3a0b890f4ef74207d3fc"
        ],
        "workspace_digest_before": "f3f38ce5db72edef2976924400f7f5beb8275266ff082a1d20ee38fe40fb4e31",
        "workspace_digest_after": "f3f38ce5db72edef2976924400f7f5beb8275266ff082a1d20ee38fe40fb4e31",
        "failure_key": "",
        "observation_fingerprint": "8898292d0fa0925980096b64a6f8ec7f9671f147c5782e19750de6d8b3998640",
        "error": null,
        "outcome_type": "success",
        "atom_execution_contract_digest": ""
      },
      {
        "action_id": "A00013",
        "sequence": 13,
        "status": "succeeded",
        "action_type": "replace_text",
        "arguments": {
          "path": "document_index/query.py",
          "old": "        rows = connection.execute('SELECT path FROM documents WHERE instr(search,?) > 0 ORDER BY path', (normalize(text),)).fetchmany(limit if limit is not None else -1)",
          "new": "        cursor = connection.execute('SELECT path FROM documents WHERE instr(search,?) > 0 ORDER BY path', (normalize(text),))\n        rows = cursor.fetchmany(limit) if limit is not None else cursor.fetchall()",
          "base_sha256": "cca1a251c41e1b5e7d60f81ef704228ee14ceaee7768c5364d9fadb7978593ff",
          "all": false
        },
        "wire_arguments": {
          "path": "document_index/query.py",
          "old": "        rows = connection.execute('SELECT path FROM documents WHERE instr(search,?) > 0 ORDER BY path', (normalize(text),)).fetchmany(limit if limit is not None else -1)",
          "new": "        cursor = connection.execute('SELECT path FROM documents WHERE instr(search,?) > 0 ORDER BY path', (normalize(text),))\n        rows = cursor.fetchmany(limit) if limit is not None else cursor.fetchall()",
          "base_sha256": "cca1a251c41e1b5e7d60f81ef704228ee14ceaee7768c5364d9fadb7978593ff"
        },
        "action_fingerprint": "db72d00f7333d35b6b571918b516890bc0c67f7f06e51a088efc19dc0157e8c1",
        "idempotency_key": "9852882493ec560b7d5fe9b1cbfa88556cc68f4639a1be19c34dee2d319d9699",
        "decision_id": "D-6c2db90caaf446f1",
        "request_id": "MR-98c3fc8cb112498b",
        "started_at": "2026-09-14T03:59:07.532+00:00",
        "ended_at": "2026-09-14T03:59:07.617+00:00",
        "result": {
          "action_type": "replace_text",
          "success": true,
          "output": "replaced 1 occurrence(s)",
          "exit_code": null,
          "artifacts": [
            {
              "path": "document_index/query.py",
              "sha256": "8c7ca343827397bffdec6be73b56b6e5f7d0eee548fab50d42484ab6d07e51c0",
              "media_type": "text/x-python",
              "size_bytes": 798,
              "summary": ""
            }
          ],
          "evidence": [],
          "metadata": {
            "base_snapshot_sha256": "cca1a251c41e1b5e7d60f81ef704228ee14ceaee7768c5364d9fadb7978593ff",
            "result_snapshot_sha256": "8c7ca343827397bffdec6be73b56b6e5f7d0eee548fab50d42484ab6d07e51c0",
            "snapshot_transition_verified": true
          },
          "error": null,
          "outcome_type": "success"
        },
        "artifact_refs": [
          "ART-8d1878405946e4b66eeb"
        ],
        "workspace_digest_before": "f3f38ce5db72edef2976924400f7f5beb8275266ff082a1d20ee38fe40fb4e31",
        "workspace_digest_after": "55cac05cab953944f8a400dfa18d2afd51d87a22d04e5ab1809d550642e2be01",
        "failure_key": "",
        "observation_fingerprint": "bcda081a87aabb7e8e8bbb4ca582fbf6ad3b027f987df9ec578a06bdd498fa53",
        "error": null,
        "outcome_type": "success",
        "atom_execution_contract_digest": ""
      },
      {
        "action_id": "A00014",
        "sequence": 14,
        "status": "succeeded",
        "action_type": "check_command",
        "arguments": {
          "argv": [
            "python",
            "-B",
            "test_query_limit.py"
          ],
          "cwd": ".",
          "timeout": 120,
          "env": {},
          "expected_exit_code": 0
        },
        "wire_arguments": {
          "argv": [
            "python",
            "-B",
            "test_query_limit.py"
          ],
          "cwd": ".",
          "timeout": 120
        },
        "action_fingerprint": "c2ad27a2ff427a15ff4ca73603b23d5681f4fc86db2962828d8e48750db2a3e8",
        "idempotency_key": "5b82c4ca963a4ec8b9710cdcffd5d673ecae9421917d83844b7ab6ac3f9ec9f2",
        "decision_id": "D-61c2a5126bdf4dc7",
        "request_id": "MR-08e179db76bc401f",
        "started_at": "2026-09-14T03:59:08.742+00:00",
        "ended_at": "2026-09-14T03:59:09.089+00:00",
        "result": {
          "action_type": "check_command",
          "success": true,
          "output": ".\n----------------------------------------------------------------------\nRan 1 test in 0.214s\n\nOK\n",
          "exit_code": 0,
          "artifacts": [],
          "evidence": [],
          "metadata": {
            "argv": [
              "python",
              "-B",
              "test_query_limit.py"
            ],
            "resolved_argv": [
              "/home/chase/.local/share/uv/python/cpython-3.13.11-linux-x86_64-gnu/bin/python3.13",
              "-B",
              "test_query_limit.py"
            ],
            "executable_resolution": "python_alias_to_project_runtime",
            "cwd": ".",
            "output_truncated": false,
            "command_streams": {
              "stdout": {
                "start_byte": 0,
                "end_byte": 0,
                "chars": 0,
                "bytes": 0,
                "sha256": "e3b0c44298fc1c149afbf4c8996fb92427ae41e4649b934ca495991b7852b855"
              },
              "stderr": {
                "start_byte": 0,
                "end_byte": 98,
                "chars": 98,
                "bytes": 98,
                "sha256": "1f20b4bb09e92cbcce01708cba7f639a6af4cf5f0fada2ca4293503ee06b0027"
              }
            },
            "sandboxed": true,
            "sandbox_backend": "bubblewrap",
            "expected_exit_code": 0,
            "exit_code_matched": true,
            "workspace_ephemeral": true,
            "writes_discarded": true
          },
          "error": null,
          "outcome_type": "success"
        },
        "artifact_refs": [],
        "workspace_digest_before": "55cac05cab953944f8a400dfa18d2afd51d87a22d04e5ab1809d550642e2be01",
        "workspace_digest_after": "55cac05cab953944f8a400dfa18d2afd51d87a22d04e5ab1809d550642e2be01",
        "failure_key": "",
        "observation_fingerprint": "49d2a1e28e56c8f4b75b5dc44e82f5b43b7ed3ad3fe3ced9c68825d862d3e478",
        "error": null,
        "outcome_type": "success",
        "atom_execution_contract_digest": ""
      }
    ],
    "elapsed_seconds": 10.599391144001856,
    "workspace": "/home/chase/GitHub/RWKV-LH/data/experiments/RWKV_ASSISTED_RECOVERY_R1_20260914/runs/takeover-2/workspace",
    "final_files": {
      "README.md": "c59d17ad11b269a091bf6f817cb45ed89bf60f6a7abfdfd68efcbfa0b38e2c55",
      "docs/welcome.md": "8cf0921cb0e16821a06e1dbe4a9135b2aef3e063346629040427a9ca0d4fc043",
      "docs/团队/notes.txt": "d164ce3e0e3f9077661b4a70d095d88ff9d3f25d39b4219233fbe83f98ec0cc5",
      "document_index/__init__.py": "e3b0c44298fc1c149afbf4c8996fb92427ae41e4649b934ca495991b7852b855",
      "document_index/documents.py": "e40ea5dcaab8f0278ce2370adb8af3472c0351c6d679183d11a014d5b86793cd",
      "document_index/query.py": "8c7ca343827397bffdec6be73b56b6e5f7d0eee548fab50d42484ab6d07e51c0",
      "document_index/store.py": "e4361550a79cddee0af5821d2bfc4b1e32dbb5cddd4e0528d92d458854b02e03",
      "index_cli.py": "1774755ed36cb1ba801206d51709fdce3ae2c6df0b093e55a5ccaba21892a74d",
      "test_failure.txt": "d9997790737b10075f370f05d1685aa8807db54c917aaa0a308cfbf0f36fd58d",
      "test_query_limit.py": "3d08f872136753c27a00cb226120cc081247b00282252897d675861c0136d2d3"
    },
    "changed_files": [
      "document_index/query.py"
    ]
  }
]
