...EE.FEEE.....EEEEEEEEEE..EE........................................... [ 32%]
..............................FF....FF............FFFF.........F.FF...F. [ 64%]
.FFFFFFFFFFFF..FFF....FFFFF....F.FF....F................................ [ 96%]
F..F...                                                                  [100%]
==================================== ERRORS ====================================
_ ERROR at setup of test_current_role_input_preserves_original_requirement[executor_args] _

tmp_path = PosixPath('/home/chase/GitHub/RWKV-LH/data/test_runs/pytest/test_current_role_input_preser0')
monkeypatch = <_pytest.monkeypatch.MonkeyPatch object at 0x7af70d8fe030>
request = <SubRequest 'controller_role_snapshots' for <Function test_current_role_input_preserves_original_requirement[executor_args]>>

    @pytest.fixture
    def controller_role_snapshots(tmp_path: Path, monkeypatch, request):
        # Reuse the existing Controller mock transport fixtures. Harness I/O is real;
        # Planner, Selector and audits are explicitly mock decisions, not labels.
        import json
        from test_stateful_goal_loop import (
            _QueueClient, _StrongPlanner, _audit_call, _goal, _selector, _settings,
            _strong_patch,
        )
        from rwkv_lh.model import LongHorizonModel
        from rwkv_lh.model_session import ModelSession
        from rwkv_lh.schema import RunState
        from rwkv_lh.supervisor import SupervisorPolicy
    
        store = LongHorizonStore(tmp_path / "state", checkpoint_retention=1000)
        state = store.create_run(_goal(tmp_path), "ROLE-INPUT-CONTROLLER-FIXTURE")
        snapshots = []
        original_save = store.save
    
        def capture(*args, **kwargs):
            saved = original_save(*args, **kwargs)
            snapshots.append(RunState.from_dict(saved.to_dict()))
            return saved
    
        monkeypatch.setattr(store, "save", capture)
        outputs = [
            json.dumps({"function": "write_file", "params": {"path": "result.txt", "content": "verified content"}}),
            json.dumps(_audit_call("continue", step_id="S1", step_complete=True, evidence_refs=["A00001"], gaps=[], reason="Fixture write observed")),
            json.dumps({"function": "final_answer", "params": {"text": "Created result.txt."}}),
            json.dumps(_audit_call("ready_for_final", step_id="", step_complete=False, evidence_refs=["A00001"], gaps=[], reason="Fixture final evidence present")),
        ]
        exercise_feedback = getattr(request, "param", None) == "feedback"
        if exercise_feedback:
            from rwkv_lh.goal_state_protocols import auditor_step_v6
            gap = next(item["code"] for item in auditor_step_v6.build_gap_catalog(
                _strong_patch(state).add_steps[0].to_dict(), ()
            ) if item["code"].startswith("phase_evidence_unproved:"))
            outputs = [
                outputs[0], "{}",
                json.dumps(_audit_call("repair", step_id="S1", step_complete=False, evidence_refs=["A00001"], gaps=[gap], reason="Fixture semantic gap")),
                json.dumps({"function": "write_file", "params": {"path": "result.txt", "content": "verified revised content"}}),
                json.dumps(_audit_call("continue", step_id="S1", step_complete=True, evidence_refs=["A00002"], gaps=[], reason="Fixture revision observed")),
                outputs[2], "{}",
                json.dumps(_audit_call("repair", step_id="", step_complete=False, evidence_refs=["A00002"], gaps=["candidate_omits_required_result"], reason="Fixture answer gap")),
                "{}",
                json.dumps({"function": "final_answer", "params": {"text": "Created and revised result.txt."}}),
                json.dumps(_audit_call("ready_for_final", step_id="", step_complete=False, evidence_refs=["A00002"], gaps=[], reason="Fixture final evidence present")),
            ]
        queue = _QueueClient(outputs)
        model = LongHorizonModel(ModelSession(queue, settings=_settings(progressive=True)), tool_selector=_selector(["write_file"] * (2 if exercise_feedback else 1)))
        monkeypatch.setattr(StatefulGoalLoopController, "_validate_contract_patch_semantics", staticmethod(lambda *args, **kwargs: None))
        transition_budget = 30 if exercise_feedback else getattr(request, "param", 20)
        controller = StatefulGoalLoopController(
            store, model=model, harness=model.harness, supervisor=_StrongPlanner(_strong_patch(state)),
            supervisor_policy=SupervisorPolicy(mode="static"), max_transitions=transition_budget,
        )
>       final = controller.run(state.run_id).state
                ^^^^^^^^^^^^^^^^^^^^^^^^^^^^

tests/test_role_trace_inputs.py:172: 
_ _ _ _ _ _ _ _ _ _ _ _ _ _ _ _ _ _ _ _ _ _ _ _ _ _ _ _ _ _ _ _ _ _ _ _ _ _ _ _ 
rwkv_lh/stateful_goal_loop.py:1863: in run
    audit = self._run_pending_audit_boundary(state, pending_audit)
            ^^^^^^^^^^^^^^^^^^^^^^^^^^^^^^^^^^^^^^^^^^^^^^^^^^^^^^
rwkv_lh/stateful_goal_loop.py:1035: in _run_pending_audit_boundary
    return self.model.audit_goal_boundary(
rwkv_lh/model.py:988: in audit_goal_boundary
    self._record_role_fact(state, event, persist)
rwkv_lh/model.py:1840: in _record_role_fact
    persist(state, "role_fact_recorded", {"model_event": event.to_dict(),
rwkv_lh/controller.py:5497: in _persist_callback
    self._persist(state, event_type, event)
rwkv_lh/controller.py:5675: in _persist
    draft = CausalEventDraft.create(
_ _ _ _ _ _ _ _ _ _ _ _ _ _ _ _ _ _ _ _ _ _ _ _ _ _ _ _ _ _ _ _ _ _ _ _ _ _ _ _ 

cls = <class 'rwkv_lh.schema.CausalEventDraft'>
event_type = 'role_fact_recorded'
payload = {'model_event': {'event_type': 'action_result', 'event_version': 'rwkv-lh.event.v2', 'event_id': 'EV-ACTION-A00001', '...: 'LANE:ACTION', ...}, 'event_id': 'EV-ACTION-A00001', 'event_type': 'action_result', 'executor_cache_required': False}
subject_id = 'ROLE-INPUT-CONTROLLER-FIXTURE', cause_id = 'CE-000013'

    @classmethod
    def create(
        cls,
        event_type: str,
        payload: Mapping[str, Any],
        *,
        subject_id: str,
        cause_id: str | None = None,
    ) -> "CausalEventDraft":
        name = str(event_type or "")
        payload_schema = CAUSAL_EVENT_PAYLOAD_SCHEMAS.get(name)
        if payload_schema is None:
>           raise ValueError(f"unregistered causal event type: {name}")
E           ValueError: unregistered causal event type: role_fact_recorded

rwkv_lh/schema.py:852: ValueError
_ ERROR at setup of test_current_role_input_preserves_original_requirement[auditor_step] _

tmp_path = PosixPath('/home/chase/GitHub/RWKV-LH/data/test_runs/pytest/test_current_role_input_preser1')
monkeypatch = <_pytest.monkeypatch.MonkeyPatch object at 0x7af70d8fdf20>
request = <SubRequest 'controller_role_snapshots' for <Function test_current_role_input_preserves_original_requirement[auditor_step]>>

    @pytest.fixture
    def controller_role_snapshots(tmp_path: Path, monkeypatch, request):
        # Reuse the existing Controller mock transport fixtures. Harness I/O is real;
        # Planner, Selector and audits are explicitly mock decisions, not labels.
        import json
        from test_stateful_goal_loop import (
            _QueueClient, _StrongPlanner, _audit_call, _goal, _selector, _settings,
            _strong_patch,
        )
        from rwkv_lh.model import LongHorizonModel
        from rwkv_lh.model_session import ModelSession
        from rwkv_lh.schema import RunState
        from rwkv_lh.supervisor import SupervisorPolicy
    
        store = LongHorizonStore(tmp_path / "state", checkpoint_retention=1000)
        state = store.create_run(_goal(tmp_path), "ROLE-INPUT-CONTROLLER-FIXTURE")
        snapshots = []
        original_save = store.save
    
        def capture(*args, **kwargs):
            saved = original_save(*args, **kwargs)
            snapshots.append(RunState.from_dict(saved.to_dict()))
            return saved
    
        monkeypatch.setattr(store, "save", capture)
        outputs = [
            json.dumps({"function": "write_file", "params": {"path": "result.txt", "content": "verified content"}}),
            json.dumps(_audit_call("continue", step_id="S1", step_complete=True, evidence_refs=["A00001"], gaps=[], reason="Fixture write observed")),
            json.dumps({"function": "final_answer", "params": {"text": "Created result.txt."}}),
            json.dumps(_audit_call("ready_for_final", step_id="", step_complete=False, evidence_refs=["A00001"], gaps=[], reason="Fixture final evidence present")),
        ]
        exercise_feedback = getattr(request, "param", None) == "feedback"
        if exercise_feedback:
            from rwkv_lh.goal_state_protocols import auditor_step_v6
            gap = next(item["code"] for item in auditor_step_v6.build_gap_catalog(
                _strong_patch(state).add_steps[0].to_dict(), ()
            ) if item["code"].startswith("phase_evidence_unproved:"))
            outputs = [
                outputs[0], "{}",
                json.dumps(_audit_call("repair", step_id="S1", step_complete=False, evidence_refs=["A00001"], gaps=[gap], reason="Fixture semantic gap")),
                json.dumps({"function": "write_file", "params": {"path": "result.txt", "content": "verified revised content"}}),
                json.dumps(_audit_call("continue", step_id="S1", step_complete=True, evidence_refs=["A00002"], gaps=[], reason="Fixture revision observed")),
                outputs[2], "{}",
                json.dumps(_audit_call("repair", step_id="", step_complete=False, evidence_refs=["A00002"], gaps=["candidate_omits_required_result"], reason="Fixture answer gap")),
                "{}",
                json.dumps({"function": "final_answer", "params": {"text": "Created and revised result.txt."}}),
                json.dumps(_audit_call("ready_for_final", step_id="", step_complete=False, evidence_refs=["A00002"], gaps=[], reason="Fixture final evidence present")),
            ]
        queue = _QueueClient(outputs)
        model = LongHorizonModel(ModelSession(queue, settings=_settings(progressive=True)), tool_selector=_selector(["write_file"] * (2 if exercise_feedback else 1)))
        monkeypatch.setattr(StatefulGoalLoopController, "_validate_contract_patch_semantics", staticmethod(lambda *args, **kwargs: None))
        transition_budget = 30 if exercise_feedback else getattr(request, "param", 20)
        controller = StatefulGoalLoopController(
            store, model=model, harness=model.harness, supervisor=_StrongPlanner(_strong_patch(state)),
            supervisor_policy=SupervisorPolicy(mode="static"), max_transitions=transition_budget,
        )
>       final = controller.run(state.run_id).state
                ^^^^^^^^^^^^^^^^^^^^^^^^^^^^

tests/test_role_trace_inputs.py:172: 
_ _ _ _ _ _ _ _ _ _ _ _ _ _ _ _ _ _ _ _ _ _ _ _ _ _ _ _ _ _ _ _ _ _ _ _ _ _ _ _ 
rwkv_lh/stateful_goal_loop.py:1863: in run
    audit = self._run_pending_audit_boundary(state, pending_audit)
            ^^^^^^^^^^^^^^^^^^^^^^^^^^^^^^^^^^^^^^^^^^^^^^^^^^^^^^
rwkv_lh/stateful_goal_loop.py:1035: in _run_pending_audit_boundary
    return self.model.audit_goal_boundary(
rwkv_lh/model.py:988: in audit_goal_boundary
    self._record_role_fact(state, event, persist)
rwkv_lh/model.py:1840: in _record_role_fact
    persist(state, "role_fact_recorded", {"model_event": event.to_dict(),
rwkv_lh/controller.py:5497: in _persist_callback
    self._persist(state, event_type, event)
rwkv_lh/controller.py:5675: in _persist
    draft = CausalEventDraft.create(
_ _ _ _ _ _ _ _ _ _ _ _ _ _ _ _ _ _ _ _ _ _ _ _ _ _ _ _ _ _ _ _ _ _ _ _ _ _ _ _ 

cls = <class 'rwkv_lh.schema.CausalEventDraft'>
event_type = 'role_fact_recorded'
payload = {'model_event': {'event_type': 'action_result', 'event_version': 'rwkv-lh.event.v2', 'event_id': 'EV-ACTION-A00001', '...: 'LANE:ACTION', ...}, 'event_id': 'EV-ACTION-A00001', 'event_type': 'action_result', 'executor_cache_required': False}
subject_id = 'ROLE-INPUT-CONTROLLER-FIXTURE', cause_id = 'CE-000013'

    @classmethod
    def create(
        cls,
        event_type: str,
        payload: Mapping[str, Any],
        *,
        subject_id: str,
        cause_id: str | None = None,
    ) -> "CausalEventDraft":
        name = str(event_type or "")
        payload_schema = CAUSAL_EVENT_PAYLOAD_SCHEMAS.get(name)
        if payload_schema is None:
>           raise ValueError(f"unregistered causal event type: {name}")
E           ValueError: unregistered causal event type: role_fact_recorded

rwkv_lh/schema.py:852: ValueError
_ ERROR at setup of test_independent_role_does_not_materialize_executor_cache[auditor_step] _

tmp_path = PosixPath('/home/chase/GitHub/RWKV-LH/data/test_runs/pytest/test_independent_role_does_not0')
monkeypatch = <_pytest.monkeypatch.MonkeyPatch object at 0x7af70a79b4d0>
request = <SubRequest 'controller_role_snapshots' for <Function test_independent_role_does_not_materialize_executor_cache[auditor_step]>>

    @pytest.fixture
    def controller_role_snapshots(tmp_path: Path, monkeypatch, request):
        # Reuse the existing Controller mock transport fixtures. Harness I/O is real;
        # Planner, Selector and audits are explicitly mock decisions, not labels.
        import json
        from test_stateful_goal_loop import (
            _QueueClient, _StrongPlanner, _audit_call, _goal, _selector, _settings,
            _strong_patch,
        )
        from rwkv_lh.model import LongHorizonModel
        from rwkv_lh.model_session import ModelSession
        from rwkv_lh.schema import RunState
        from rwkv_lh.supervisor import SupervisorPolicy
    
        store = LongHorizonStore(tmp_path / "state", checkpoint_retention=1000)
        state = store.create_run(_goal(tmp_path), "ROLE-INPUT-CONTROLLER-FIXTURE")
        snapshots = []
        original_save = store.save
    
        def capture(*args, **kwargs):
            saved = original_save(*args, **kwargs)
            snapshots.append(RunState.from_dict(saved.to_dict()))
            return saved
    
        monkeypatch.setattr(store, "save", capture)
        outputs = [
            json.dumps({"function": "write_file", "params": {"path": "result.txt", "content": "verified content"}}),
            json.dumps(_audit_call("continue", step_id="S1", step_complete=True, evidence_refs=["A00001"], gaps=[], reason="Fixture write observed")),
            json.dumps({"function": "final_answer", "params": {"text": "Created result.txt."}}),
            json.dumps(_audit_call("ready_for_final", step_id="", step_complete=False, evidence_refs=["A00001"], gaps=[], reason="Fixture final evidence present")),
        ]
        exercise_feedback = getattr(request, "param", None) == "feedback"
        if exercise_feedback:
            from rwkv_lh.goal_state_protocols import auditor_step_v6
            gap = next(item["code"] for item in auditor_step_v6.build_gap_catalog(
                _strong_patch(state).add_steps[0].to_dict(), ()
            ) if item["code"].startswith("phase_evidence_unproved:"))
            outputs = [
                outputs[0], "{}",
                json.dumps(_audit_call("repair", step_id="S1", step_complete=False, evidence_refs=["A00001"], gaps=[gap], reason="Fixture semantic gap")),
                json.dumps({"function": "write_file", "params": {"path": "result.txt", "content": "verified revised content"}}),
                json.dumps(_audit_call("continue", step_id="S1", step_complete=True, evidence_refs=["A00002"], gaps=[], reason="Fixture revision observed")),
                outputs[2], "{}",
                json.dumps(_audit_call("repair", step_id="", step_complete=False, evidence_refs=["A00002"], gaps=["candidate_omits_required_result"], reason="Fixture answer gap")),
                "{}",
                json.dumps({"function": "final_answer", "params": {"text": "Created and revised result.txt."}}),
                json.dumps(_audit_call("ready_for_final", step_id="", step_complete=False, evidence_refs=["A00002"], gaps=[], reason="Fixture final evidence present")),
            ]
        queue = _QueueClient(outputs)
        model = LongHorizonModel(ModelSession(queue, settings=_settings(progressive=True)), tool_selector=_selector(["write_file"] * (2 if exercise_feedback else 1)))
        monkeypatch.setattr(StatefulGoalLoopController, "_validate_contract_patch_semantics", staticmethod(lambda *args, **kwargs: None))
        transition_budget = 30 if exercise_feedback else getattr(request, "param", 20)
        controller = StatefulGoalLoopController(
            store, model=model, harness=model.harness, supervisor=_StrongPlanner(_strong_patch(state)),
            supervisor_policy=SupervisorPolicy(mode="static"), max_transitions=transition_budget,
        )
>       final = controller.run(state.run_id).state
                ^^^^^^^^^^^^^^^^^^^^^^^^^^^^

tests/test_role_trace_inputs.py:172: 
_ _ _ _ _ _ _ _ _ _ _ _ _ _ _ _ _ _ _ _ _ _ _ _ _ _ _ _ _ _ _ _ _ _ _ _ _ _ _ _ 
rwkv_lh/stateful_goal_loop.py:1863: in run
    audit = self._run_pending_audit_boundary(state, pending_audit)
            ^^^^^^^^^^^^^^^^^^^^^^^^^^^^^^^^^^^^^^^^^^^^^^^^^^^^^^
rwkv_lh/stateful_goal_loop.py:1035: in _run_pending_audit_boundary
    return self.model.audit_goal_boundary(
rwkv_lh/model.py:988: in audit_goal_boundary
    self._record_role_fact(state, event, persist)
rwkv_lh/model.py:1840: in _record_role_fact
    persist(state, "role_fact_recorded", {"model_event": event.to_dict(),
rwkv_lh/controller.py:5497: in _persist_callback
    self._persist(state, event_type, event)
rwkv_lh/controller.py:5675: in _persist
    draft = CausalEventDraft.create(
_ _ _ _ _ _ _ _ _ _ _ _ _ _ _ _ _ _ _ _ _ _ _ _ _ _ _ _ _ _ _ _ _ _ _ _ _ _ _ _ 

cls = <class 'rwkv_lh.schema.CausalEventDraft'>
event_type = 'role_fact_recorded'
payload = {'model_event': {'event_type': 'action_result', 'event_version': 'rwkv-lh.event.v2', 'event_id': 'EV-ACTION-A00001', '...: 'LANE:ACTION', ...}, 'event_id': 'EV-ACTION-A00001', 'event_type': 'action_result', 'executor_cache_required': False}
subject_id = 'ROLE-INPUT-CONTROLLER-FIXTURE', cause_id = 'CE-000013'

    @classmethod
    def create(
        cls,
        event_type: str,
        payload: Mapping[str, Any],
        *,
        subject_id: str,
        cause_id: str | None = None,
    ) -> "CausalEventDraft":
        name = str(event_type or "")
        payload_schema = CAUSAL_EVENT_PAYLOAD_SCHEMAS.get(name)
        if payload_schema is None:
>           raise ValueError(f"unregistered causal event type: {name}")
E           ValueError: unregistered causal event type: role_fact_recorded

rwkv_lh/schema.py:852: ValueError
_ ERROR at setup of test_independent_role_does_not_materialize_executor_cache[finalizer_answer] _

tmp_path = PosixPath('/home/chase/GitHub/RWKV-LH/data/test_runs/pytest/test_independent_role_does_not1')
monkeypatch = <_pytest.monkeypatch.MonkeyPatch object at 0x7af70a73b6b0>
request = <SubRequest 'controller_role_snapshots' for <Function test_independent_role_does_not_materialize_executor_cache[finalizer_answer]>>

    @pytest.fixture
    def controller_role_snapshots(tmp_path: Path, monkeypatch, request):
        # Reuse the existing Controller mock transport fixtures. Harness I/O is real;
        # Planner, Selector and audits are explicitly mock decisions, not labels.
        import json
        from test_stateful_goal_loop import (
            _QueueClient, _StrongPlanner, _audit_call, _goal, _selector, _settings,
            _strong_patch,
        )
        from rwkv_lh.model import LongHorizonModel
        from rwkv_lh.model_session import ModelSession
        from rwkv_lh.schema import RunState
        from rwkv_lh.supervisor import SupervisorPolicy
    
        store = LongHorizonStore(tmp_path / "state", checkpoint_retention=1000)
        state = store.create_run(_goal(tmp_path), "ROLE-INPUT-CONTROLLER-FIXTURE")
        snapshots = []
        original_save = store.save
    
        def capture(*args, **kwargs):
            saved = original_save(*args, **kwargs)
            snapshots.append(RunState.from_dict(saved.to_dict()))
            return saved
    
        monkeypatch.setattr(store, "save", capture)
        outputs = [
            json.dumps({"function": "write_file", "params": {"path": "result.txt", "content": "verified content"}}),
            json.dumps(_audit_call("continue", step_id="S1", step_complete=True, evidence_refs=["A00001"], gaps=[], reason="Fixture write observed")),
            json.dumps({"function": "final_answer", "params": {"text": "Created result.txt."}}),
            json.dumps(_audit_call("ready_for_final", step_id="", step_complete=False, evidence_refs=["A00001"], gaps=[], reason="Fixture final evidence present")),
        ]
        exercise_feedback = getattr(request, "param", None) == "feedback"
        if exercise_feedback:
            from rwkv_lh.goal_state_protocols import auditor_step_v6
            gap = next(item["code"] for item in auditor_step_v6.build_gap_catalog(
                _strong_patch(state).add_steps[0].to_dict(), ()
            ) if item["code"].startswith("phase_evidence_unproved:"))
            outputs = [
                outputs[0], "{}",
                json.dumps(_audit_call("repair", step_id="S1", step_complete=False, evidence_refs=["A00001"], gaps=[gap], reason="Fixture semantic gap")),
                json.dumps({"function": "write_file", "params": {"path": "result.txt", "content": "verified revised content"}}),
                json.dumps(_audit_call("continue", step_id="S1", step_complete=True, evidence_refs=["A00002"], gaps=[], reason="Fixture revision observed")),
                outputs[2], "{}",
                json.dumps(_audit_call("repair", step_id="", step_complete=False, evidence_refs=["A00002"], gaps=["candidate_omits_required_result"], reason="Fixture answer gap")),
                "{}",
                json.dumps({"function": "final_answer", "params": {"text": "Created and revised result.txt."}}),
                json.dumps(_audit_call("ready_for_final", step_id="", step_complete=False, evidence_refs=["A00002"], gaps=[], reason="Fixture final evidence present")),
            ]
        queue = _QueueClient(outputs)
        model = LongHorizonModel(ModelSession(queue, settings=_settings(progressive=True)), tool_selector=_selector(["write_file"] * (2 if exercise_feedback else 1)))
        monkeypatch.setattr(StatefulGoalLoopController, "_validate_contract_patch_semantics", staticmethod(lambda *args, **kwargs: None))
        transition_budget = 30 if exercise_feedback else getattr(request, "param", 20)
        controller = StatefulGoalLoopController(
            store, model=model, harness=model.harness, supervisor=_StrongPlanner(_strong_patch(state)),
            supervisor_policy=SupervisorPolicy(mode="static"), max_transitions=transition_budget,
        )
>       final = controller.run(state.run_id).state
                ^^^^^^^^^^^^^^^^^^^^^^^^^^^^

tests/test_role_trace_inputs.py:172: 
_ _ _ _ _ _ _ _ _ _ _ _ _ _ _ _ _ _ _ _ _ _ _ _ _ _ _ _ _ _ _ _ _ _ _ _ _ _ _ _ 
rwkv_lh/stateful_goal_loop.py:1863: in run
    audit = self._run_pending_audit_boundary(state, pending_audit)
            ^^^^^^^^^^^^^^^^^^^^^^^^^^^^^^^^^^^^^^^^^^^^^^^^^^^^^^
rwkv_lh/stateful_goal_loop.py:1035: in _run_pending_audit_boundary
    return self.model.audit_goal_boundary(
rwkv_lh/model.py:988: in audit_goal_boundary
    self._record_role_fact(state, event, persist)
rwkv_lh/model.py:1840: in _record_role_fact
    persist(state, "role_fact_recorded", {"model_event": event.to_dict(),
rwkv_lh/controller.py:5497: in _persist_callback
    self._persist(state, event_type, event)
rwkv_lh/controller.py:5675: in _persist
    draft = CausalEventDraft.create(
_ _ _ _ _ _ _ _ _ _ _ _ _ _ _ _ _ _ _ _ _ _ _ _ _ _ _ _ _ _ _ _ _ _ _ _ _ _ _ _ 

cls = <class 'rwkv_lh.schema.CausalEventDraft'>
event_type = 'role_fact_recorded'
payload = {'model_event': {'event_type': 'action_result', 'event_version': 'rwkv-lh.event.v2', 'event_id': 'EV-ACTION-A00001', '...: 'LANE:ACTION', ...}, 'event_id': 'EV-ACTION-A00001', 'event_type': 'action_result', 'executor_cache_required': False}
subject_id = 'ROLE-INPUT-CONTROLLER-FIXTURE', cause_id = 'CE-000013'

    @classmethod
    def create(
        cls,
        event_type: str,
        payload: Mapping[str, Any],
        *,
        subject_id: str,
        cause_id: str | None = None,
    ) -> "CausalEventDraft":
        name = str(event_type or "")
        payload_schema = CAUSAL_EVENT_PAYLOAD_SCHEMAS.get(name)
        if payload_schema is None:
>           raise ValueError(f"unregistered causal event type: {name}")
E           ValueError: unregistered causal event type: role_fact_recorded

rwkv_lh/schema.py:852: ValueError
_ ERROR at setup of test_independent_role_does_not_materialize_executor_cache[auditor_final] _

tmp_path = PosixPath('/home/chase/GitHub/RWKV-LH/data/test_runs/pytest/test_independent_role_does_not2')
monkeypatch = <_pytest.monkeypatch.MonkeyPatch object at 0x7af70a789a90>
request = <SubRequest 'controller_role_snapshots' for <Function test_independent_role_does_not_materialize_executor_cache[auditor_final]>>

    @pytest.fixture
    def controller_role_snapshots(tmp_path: Path, monkeypatch, request):
        # Reuse the existing Controller mock transport fixtures. Harness I/O is real;
        # Planner, Selector and audits are explicitly mock decisions, not labels.
        import json
        from test_stateful_goal_loop import (
            _QueueClient, _StrongPlanner, _audit_call, _goal, _selector, _settings,
            _strong_patch,
        )
        from rwkv_lh.model import LongHorizonModel
        from rwkv_lh.model_session import ModelSession
        from rwkv_lh.schema import RunState
        from rwkv_lh.supervisor import SupervisorPolicy
    
        store = LongHorizonStore(tmp_path / "state", checkpoint_retention=1000)
        state = store.create_run(_goal(tmp_path), "ROLE-INPUT-CONTROLLER-FIXTURE")
        snapshots = []
        original_save = store.save
    
        def capture(*args, **kwargs):
            saved = original_save(*args, **kwargs)
            snapshots.append(RunState.from_dict(saved.to_dict()))
            return saved
    
        monkeypatch.setattr(store, "save", capture)
        outputs = [
            json.dumps({"function": "write_file", "params": {"path": "result.txt", "content": "verified content"}}),
            json.dumps(_audit_call("continue", step_id="S1", step_complete=True, evidence_refs=["A00001"], gaps=[], reason="Fixture write observed")),
            json.dumps({"function": "final_answer", "params": {"text": "Created result.txt."}}),
            json.dumps(_audit_call("ready_for_final", step_id="", step_complete=False, evidence_refs=["A00001"], gaps=[], reason="Fixture final evidence present")),
        ]
        exercise_feedback = getattr(request, "param", None) == "feedback"
        if exercise_feedback:
            from rwkv_lh.goal_state_protocols import auditor_step_v6
            gap = next(item["code"] for item in auditor_step_v6.build_gap_catalog(
                _strong_patch(state).add_steps[0].to_dict(), ()
            ) if item["code"].startswith("phase_evidence_unproved:"))
            outputs = [
                outputs[0], "{}",
                json.dumps(_audit_call("repair", step_id="S1", step_complete=False, evidence_refs=["A00001"], gaps=[gap], reason="Fixture semantic gap")),
                json.dumps({"function": "write_file", "params": {"path": "result.txt", "content": "verified revised content"}}),
                json.dumps(_audit_call("continue", step_id="S1", step_complete=True, evidence_refs=["A00002"], gaps=[], reason="Fixture revision observed")),
                outputs[2], "{}",
                json.dumps(_audit_call("repair", step_id="", step_complete=False, evidence_refs=["A00002"], gaps=["candidate_omits_required_result"], reason="Fixture answer gap")),
                "{}",
                json.dumps({"function": "final_answer", "params": {"text": "Created and revised result.txt."}}),
                json.dumps(_audit_call("ready_for_final", step_id="", step_complete=False, evidence_refs=["A00002"], gaps=[], reason="Fixture final evidence present")),
            ]
        queue = _QueueClient(outputs)
        model = LongHorizonModel(ModelSession(queue, settings=_settings(progressive=True)), tool_selector=_selector(["write_file"] * (2 if exercise_feedback else 1)))
        monkeypatch.setattr(StatefulGoalLoopController, "_validate_contract_patch_semantics", staticmethod(lambda *args, **kwargs: None))
        transition_budget = 30 if exercise_feedback else getattr(request, "param", 20)
        controller = StatefulGoalLoopController(
            store, model=model, harness=model.harness, supervisor=_StrongPlanner(_strong_patch(state)),
            supervisor_policy=SupervisorPolicy(mode="static"), max_transitions=transition_budget,
        )
>       final = controller.run(state.run_id).state
                ^^^^^^^^^^^^^^^^^^^^^^^^^^^^

tests/test_role_trace_inputs.py:172: 
_ _ _ _ _ _ _ _ _ _ _ _ _ _ _ _ _ _ _ _ _ _ _ _ _ _ _ _ _ _ _ _ _ _ _ _ _ _ _ _ 
rwkv_lh/stateful_goal_loop.py:1863: in run
    audit = self._run_pending_audit_boundary(state, pending_audit)
            ^^^^^^^^^^^^^^^^^^^^^^^^^^^^^^^^^^^^^^^^^^^^^^^^^^^^^^
rwkv_lh/stateful_goal_loop.py:1035: in _run_pending_audit_boundary
    return self.model.audit_goal_boundary(
rwkv_lh/model.py:988: in audit_goal_boundary
    self._record_role_fact(state, event, persist)
rwkv_lh/model.py:1840: in _record_role_fact
    persist(state, "role_fact_recorded", {"model_event": event.to_dict(),
rwkv_lh/controller.py:5497: in _persist_callback
    self._persist(state, event_type, event)
rwkv_lh/controller.py:5675: in _persist
    draft = CausalEventDraft.create(
_ _ _ _ _ _ _ _ _ _ _ _ _ _ _ _ _ _ _ _ _ _ _ _ _ _ _ _ _ _ _ _ _ _ _ _ _ _ _ _ 

cls = <class 'rwkv_lh.schema.CausalEventDraft'>
event_type = 'role_fact_recorded'
payload = {'model_event': {'event_type': 'action_result', 'event_version': 'rwkv-lh.event.v2', 'event_id': 'EV-ACTION-A00001', '...: 'LANE:ACTION', ...}, 'event_id': 'EV-ACTION-A00001', 'event_type': 'action_result', 'executor_cache_required': False}
subject_id = 'ROLE-INPUT-CONTROLLER-FIXTURE', cause_id = 'CE-000013'

    @classmethod
    def create(
        cls,
        event_type: str,
        payload: Mapping[str, Any],
        *,
        subject_id: str,
        cause_id: str | None = None,
    ) -> "CausalEventDraft":
        name = str(event_type or "")
        payload_schema = CAUSAL_EVENT_PAYLOAD_SCHEMAS.get(name)
        if payload_schema is None:
>           raise ValueError(f"unregistered causal event type: {name}")
E           ValueError: unregistered causal event type: role_fact_recorded

rwkv_lh/schema.py:852: ValueError
_ ERROR at setup of test_all_five_roles_rebuild_feedback_from_their_exact_durable_boundary[feedback] _

tmp_path = PosixPath('/home/chase/GitHub/RWKV-LH/data/test_runs/pytest/test_all_five_roles_rebuild_fe0')
monkeypatch = <_pytest.monkeypatch.MonkeyPatch object at 0x7af70a6d22b0>
request = <SubRequest 'controller_role_snapshots' for <Function test_all_five_roles_rebuild_feedback_from_their_exact_durable_boundary[feedback]>>

    @pytest.fixture
    def controller_role_snapshots(tmp_path: Path, monkeypatch, request):
        # Reuse the existing Controller mock transport fixtures. Harness I/O is real;
        # Planner, Selector and audits are explicitly mock decisions, not labels.
        import json
        from test_stateful_goal_loop import (
            _QueueClient, _StrongPlanner, _audit_call, _goal, _selector, _settings,
            _strong_patch,
        )
        from rwkv_lh.model import LongHorizonModel
        from rwkv_lh.model_session import ModelSession
        from rwkv_lh.schema import RunState
        from rwkv_lh.supervisor import SupervisorPolicy
    
        store = LongHorizonStore(tmp_path / "state", checkpoint_retention=1000)
        state = store.create_run(_goal(tmp_path), "ROLE-INPUT-CONTROLLER-FIXTURE")
        snapshots = []
        original_save = store.save
    
        def capture(*args, **kwargs):
            saved = original_save(*args, **kwargs)
            snapshots.append(RunState.from_dict(saved.to_dict()))
            return saved
    
        monkeypatch.setattr(store, "save", capture)
        outputs = [
            json.dumps({"function": "write_file", "params": {"path": "result.txt", "content": "verified content"}}),
            json.dumps(_audit_call("continue", step_id="S1", step_complete=True, evidence_refs=["A00001"], gaps=[], reason="Fixture write observed")),
            json.dumps({"function": "final_answer", "params": {"text": "Created result.txt."}}),
            json.dumps(_audit_call("ready_for_final", step_id="", step_complete=False, evidence_refs=["A00001"], gaps=[], reason="Fixture final evidence present")),
        ]
        exercise_feedback = getattr(request, "param", None) == "feedback"
        if exercise_feedback:
            from rwkv_lh.goal_state_protocols import auditor_step_v6
            gap = next(item["code"] for item in auditor_step_v6.build_gap_catalog(
                _strong_patch(state).add_steps[0].to_dict(), ()
            ) if item["code"].startswith("phase_evidence_unproved:"))
            outputs = [
                outputs[0], "{}",
                json.dumps(_audit_call("repair", step_id="S1", step_complete=False, evidence_refs=["A00001"], gaps=[gap], reason="Fixture semantic gap")),
                json.dumps({"function": "write_file", "params": {"path": "result.txt", "content": "verified revised content"}}),
                json.dumps(_audit_call("continue", step_id="S1", step_complete=True, evidence_refs=["A00002"], gaps=[], reason="Fixture revision observed")),
                outputs[2], "{}",
                json.dumps(_audit_call("repair", step_id="", step_complete=False, evidence_refs=["A00002"], gaps=["candidate_omits_required_result"], reason="Fixture answer gap")),
                "{}",
                json.dumps({"function": "final_answer", "params": {"text": "Created and revised result.txt."}}),
                json.dumps(_audit_call("ready_for_final", step_id="", step_complete=False, evidence_refs=["A00002"], gaps=[], reason="Fixture final evidence present")),
            ]
        queue = _QueueClient(outputs)
        model = LongHorizonModel(ModelSession(queue, settings=_settings(progressive=True)), tool_selector=_selector(["write_file"] * (2 if exercise_feedback else 1)))
        monkeypatch.setattr(StatefulGoalLoopController, "_validate_contract_patch_semantics", staticmethod(lambda *args, **kwargs: None))
        transition_budget = 30 if exercise_feedback else getattr(request, "param", 20)
        controller = StatefulGoalLoopController(
            store, model=model, harness=model.harness, supervisor=_StrongPlanner(_strong_patch(state)),
            supervisor_policy=SupervisorPolicy(mode="static"), max_transitions=transition_budget,
        )
>       final = controller.run(state.run_id).state
                ^^^^^^^^^^^^^^^^^^^^^^^^^^^^

tests/test_role_trace_inputs.py:172: 
_ _ _ _ _ _ _ _ _ _ _ _ _ _ _ _ _ _ _ _ _ _ _ _ _ _ _ _ _ _ _ _ _ _ _ _ _ _ _ _ 
rwkv_lh/stateful_goal_loop.py:1863: in run
    audit = self._run_pending_audit_boundary(state, pending_audit)
            ^^^^^^^^^^^^^^^^^^^^^^^^^^^^^^^^^^^^^^^^^^^^^^^^^^^^^^
rwkv_lh/stateful_goal_loop.py:1035: in _run_pending_audit_boundary
    return self.model.audit_goal_boundary(
rwkv_lh/model.py:988: in audit_goal_boundary
    self._record_role_fact(state, event, persist)
rwkv_lh/model.py:1840: in _record_role_fact
    persist(state, "role_fact_recorded", {"model_event": event.to_dict(),
rwkv_lh/controller.py:5497: in _persist_callback
    self._persist(state, event_type, event)
rwkv_lh/controller.py:5675: in _persist
    draft = CausalEventDraft.create(
_ _ _ _ _ _ _ _ _ _ _ _ _ _ _ _ _ _ _ _ _ _ _ _ _ _ _ _ _ _ _ _ _ _ _ _ _ _ _ _ 

cls = <class 'rwkv_lh.schema.CausalEventDraft'>
event_type = 'role_fact_recorded'
payload = {'model_event': {'event_type': 'action_result', 'event_version': 'rwkv-lh.event.v2', 'event_id': 'EV-ACTION-A00001', '...: 'LANE:ACTION', ...}, 'event_id': 'EV-ACTION-A00001', 'event_type': 'action_result', 'executor_cache_required': False}
subject_id = 'ROLE-INPUT-CONTROLLER-FIXTURE', cause_id = 'CE-000013'

    @classmethod
    def create(
        cls,
        event_type: str,
        payload: Mapping[str, Any],
        *,
        subject_id: str,
        cause_id: str | None = None,
    ) -> "CausalEventDraft":
        name = str(event_type or "")
        payload_schema = CAUSAL_EVENT_PAYLOAD_SCHEMAS.get(name)
        if payload_schema is None:
>           raise ValueError(f"unregistered causal event type: {name}")
E           ValueError: unregistered causal event type: role_fact_recorded

rwkv_lh/schema.py:852: ValueError
_ ERROR at setup of test_every_role_matches_actual_controller_checkpoint[False-executor_args-tool_schema_disclosed] _

tmp_path = PosixPath('/home/chase/GitHub/RWKV-LH/data/test_runs/pytest/test_every_role_matches_actual0')
monkeypatch = <_pytest.monkeypatch.MonkeyPatch object at 0x7af70a786850>
request = <SubRequest 'controller_role_snapshots' for <Function test_every_role_matches_actual_controller_checkpoint[False-executor_args-tool_schema_disclosed]>>

    @pytest.fixture
    def controller_role_snapshots(tmp_path: Path, monkeypatch, request):
        # Reuse the existing Controller mock transport fixtures. Harness I/O is real;
        # Planner, Selector and audits are explicitly mock decisions, not labels.
        import json
        from test_stateful_goal_loop import (
            _QueueClient, _StrongPlanner, _audit_call, _goal, _selector, _settings,
            _strong_patch,
        )
        from rwkv_lh.model import LongHorizonModel
        from rwkv_lh.model_session import ModelSession
        from rwkv_lh.schema import RunState
        from rwkv_lh.supervisor import SupervisorPolicy
    
        store = LongHorizonStore(tmp_path / "state", checkpoint_retention=1000)
        state = store.create_run(_goal(tmp_path), "ROLE-INPUT-CONTROLLER-FIXTURE")
        snapshots = []
        original_save = store.save
    
        def capture(*args, **kwargs):
            saved = original_save(*args, **kwargs)
            snapshots.append(RunState.from_dict(saved.to_dict()))
            return saved
    
        monkeypatch.setattr(store, "save", capture)
        outputs = [
            json.dumps({"function": "write_file", "params": {"path": "result.txt", "content": "verified content"}}),
            json.dumps(_audit_call("continue", step_id="S1", step_complete=True, evidence_refs=["A00001"], gaps=[], reason="Fixture write observed")),
            json.dumps({"function": "final_answer", "params": {"text": "Created result.txt."}}),
            json.dumps(_audit_call("ready_for_final", step_id="", step_complete=False, evidence_refs=["A00001"], gaps=[], reason="Fixture final evidence present")),
        ]
        exercise_feedback = getattr(request, "param", None) == "feedback"
        if exercise_feedback:
            from rwkv_lh.goal_state_protocols import auditor_step_v6
            gap = next(item["code"] for item in auditor_step_v6.build_gap_catalog(
                _strong_patch(state).add_steps[0].to_dict(), ()
            ) if item["code"].startswith("phase_evidence_unproved:"))
            outputs = [
                outputs[0], "{}",
                json.dumps(_audit_call("repair", step_id="S1", step_complete=False, evidence_refs=["A00001"], gaps=[gap], reason="Fixture semantic gap")),
                json.dumps({"function": "write_file", "params": {"path": "result.txt", "content": "verified revised content"}}),
                json.dumps(_audit_call("continue", step_id="S1", step_complete=True, evidence_refs=["A00002"], gaps=[], reason="Fixture revision observed")),
                outputs[2], "{}",
                json.dumps(_audit_call("repair", step_id="", step_complete=False, evidence_refs=["A00002"], gaps=["candidate_omits_required_result"], reason="Fixture answer gap")),
                "{}",
                json.dumps({"function": "final_answer", "params": {"text": "Created and revised result.txt."}}),
                json.dumps(_audit_call("ready_for_final", step_id="", step_complete=False, evidence_refs=["A00002"], gaps=[], reason="Fixture final evidence present")),
            ]
        queue = _QueueClient(outputs)
        model = LongHorizonModel(ModelSession(queue, settings=_settings(progressive=True)), tool_selector=_selector(["write_file"] * (2 if exercise_feedback else 1)))
        monkeypatch.setattr(StatefulGoalLoopController, "_validate_contract_patch_semantics", staticmethod(lambda *args, **kwargs: None))
        transition_budget = 30 if exercise_feedback else getattr(request, "param", 20)
        controller = StatefulGoalLoopController(
            store, model=model, harness=model.harness, supervisor=_StrongPlanner(_strong_patch(state)),
            supervisor_policy=SupervisorPolicy(mode="static"), max_transitions=transition_budget,
        )
>       final = controller.run(state.run_id).state
                ^^^^^^^^^^^^^^^^^^^^^^^^^^^^

tests/test_role_trace_inputs.py:172: 
_ _ _ _ _ _ _ _ _ _ _ _ _ _ _ _ _ _ _ _ _ _ _ _ _ _ _ _ _ _ _ _ _ _ _ _ _ _ _ _ 
rwkv_lh/stateful_goal_loop.py:1863: in run
    audit = self._run_pending_audit_boundary(state, pending_audit)
            ^^^^^^^^^^^^^^^^^^^^^^^^^^^^^^^^^^^^^^^^^^^^^^^^^^^^^^
rwkv_lh/stateful_goal_loop.py:1035: in _run_pending_audit_boundary
    return self.model.audit_goal_boundary(
rwkv_lh/model.py:988: in audit_goal_boundary
    self._record_role_fact(state, event, persist)
rwkv_lh/model.py:1840: in _record_role_fact
    persist(state, "role_fact_recorded", {"model_event": event.to_dict(),
rwkv_lh/controller.py:5497: in _persist_callback
    self._persist(state, event_type, event)
rwkv_lh/controller.py:5675: in _persist
    draft = CausalEventDraft.create(
_ _ _ _ _ _ _ _ _ _ _ _ _ _ _ _ _ _ _ _ _ _ _ _ _ _ _ _ _ _ _ _ _ _ _ _ _ _ _ _ 

cls = <class 'rwkv_lh.schema.CausalEventDraft'>
event_type = 'role_fact_recorded'
payload = {'model_event': {'event_type': 'action_result', 'event_version': 'rwkv-lh.event.v2', 'event_id': 'EV-ACTION-A00001', '...: 'LANE:ACTION', ...}, 'event_id': 'EV-ACTION-A00001', 'event_type': 'action_result', 'executor_cache_required': False}
subject_id = 'ROLE-INPUT-CONTROLLER-FIXTURE', cause_id = 'CE-000013'

    @classmethod
    def create(
        cls,
        event_type: str,
        payload: Mapping[str, Any],
        *,
        subject_id: str,
        cause_id: str | None = None,
    ) -> "CausalEventDraft":
        name = str(event_type or "")
        payload_schema = CAUSAL_EVENT_PAYLOAD_SCHEMAS.get(name)
        if payload_schema is None:
>           raise ValueError(f"unregistered causal event type: {name}")
E           ValueError: unregistered causal event type: role_fact_recorded

rwkv_lh/schema.py:852: ValueError
_ ERROR at setup of test_every_role_matches_actual_controller_checkpoint[False-auditor_step-goal_auditor_session_started] _

tmp_path = PosixPath('/home/chase/GitHub/RWKV-LH/data/test_runs/pytest/test_every_role_matches_actual1')
monkeypatch = <_pytest.monkeypatch.MonkeyPatch object at 0x7af70a7865d0>
request = <SubRequest 'controller_role_snapshots' for <Function test_every_role_matches_actual_controller_checkpoint[False-auditor_step-goal_auditor_session_started]>>

    @pytest.fixture
    def controller_role_snapshots(tmp_path: Path, monkeypatch, request):
        # Reuse the existing Controller mock transport fixtures. Harness I/O is real;
        # Planner, Selector and audits are explicitly mock decisions, not labels.
        import json
        from test_stateful_goal_loop import (
            _QueueClient, _StrongPlanner, _audit_call, _goal, _selector, _settings,
            _strong_patch,
        )
        from rwkv_lh.model import LongHorizonModel
        from rwkv_lh.model_session import ModelSession
        from rwkv_lh.schema import RunState
        from rwkv_lh.supervisor import SupervisorPolicy
    
        store = LongHorizonStore(tmp_path / "state", checkpoint_retention=1000)
        state = store.create_run(_goal(tmp_path), "ROLE-INPUT-CONTROLLER-FIXTURE")
        snapshots = []
        original_save = store.save
    
        def capture(*args, **kwargs):
            saved = original_save(*args, **kwargs)
            snapshots.append(RunState.from_dict(saved.to_dict()))
            return saved
    
        monkeypatch.setattr(store, "save", capture)
        outputs = [
            json.dumps({"function": "write_file", "params": {"path": "result.txt", "content": "verified content"}}),
            json.dumps(_audit_call("continue", step_id="S1", step_complete=True, evidence_refs=["A00001"], gaps=[], reason="Fixture write observed")),
            json.dumps({"function": "final_answer", "params": {"text": "Created result.txt."}}),
            json.dumps(_audit_call("ready_for_final", step_id="", step_complete=False, evidence_refs=["A00001"], gaps=[], reason="Fixture final evidence present")),
        ]
        exercise_feedback = getattr(request, "param", None) == "feedback"
        if exercise_feedback:
            from rwkv_lh.goal_state_protocols import auditor_step_v6
            gap = next(item["code"] for item in auditor_step_v6.build_gap_catalog(
                _strong_patch(state).add_steps[0].to_dict(), ()
            ) if item["code"].startswith("phase_evidence_unproved:"))
            outputs = [
                outputs[0], "{}",
                json.dumps(_audit_call("repair", step_id="S1", step_complete=False, evidence_refs=["A00001"], gaps=[gap], reason="Fixture semantic gap")),
                json.dumps({"function": "write_file", "params": {"path": "result.txt", "content": "verified revised content"}}),
                json.dumps(_audit_call("continue", step_id="S1", step_complete=True, evidence_refs=["A00002"], gaps=[], reason="Fixture revision observed")),
                outputs[2], "{}",
                json.dumps(_audit_call("repair", step_id="", step_complete=False, evidence_refs=["A00002"], gaps=["candidate_omits_required_result"], reason="Fixture answer gap")),
                "{}",
                json.dumps({"function": "final_answer", "params": {"text": "Created and revised result.txt."}}),
                json.dumps(_audit_call("ready_for_final", step_id="", step_complete=False, evidence_refs=["A00002"], gaps=[], reason="Fixture final evidence present")),
            ]
        queue = _QueueClient(outputs)
        model = LongHorizonModel(ModelSession(queue, settings=_settings(progressive=True)), tool_selector=_selector(["write_file"] * (2 if exercise_feedback else 1)))
        monkeypatch.setattr(StatefulGoalLoopController, "_validate_contract_patch_semantics", staticmethod(lambda *args, **kwargs: None))
        transition_budget = 30 if exercise_feedback else getattr(request, "param", 20)
        controller = StatefulGoalLoopController(
            store, model=model, harness=model.harness, supervisor=_StrongPlanner(_strong_patch(state)),
            supervisor_policy=SupervisorPolicy(mode="static"), max_transitions=transition_budget,
        )
>       final = controller.run(state.run_id).state
                ^^^^^^^^^^^^^^^^^^^^^^^^^^^^

tests/test_role_trace_inputs.py:172: 
_ _ _ _ _ _ _ _ _ _ _ _ _ _ _ _ _ _ _ _ _ _ _ _ _ _ _ _ _ _ _ _ _ _ _ _ _ _ _ _ 
rwkv_lh/stateful_goal_loop.py:1863: in run
    audit = self._run_pending_audit_boundary(state, pending_audit)
            ^^^^^^^^^^^^^^^^^^^^^^^^^^^^^^^^^^^^^^^^^^^^^^^^^^^^^^
rwkv_lh/stateful_goal_loop.py:1035: in _run_pending_audit_boundary
    return self.model.audit_goal_boundary(
rwkv_lh/model.py:988: in audit_goal_boundary
    self._record_role_fact(state, event, persist)
rwkv_lh/model.py:1840: in _record_role_fact
    persist(state, "role_fact_recorded", {"model_event": event.to_dict(),
rwkv_lh/controller.py:5497: in _persist_callback
    self._persist(state, event_type, event)
rwkv_lh/controller.py:5675: in _persist
    draft = CausalEventDraft.create(
_ _ _ _ _ _ _ _ _ _ _ _ _ _ _ _ _ _ _ _ _ _ _ _ _ _ _ _ _ _ _ _ _ _ _ _ _ _ _ _ 

cls = <class 'rwkv_lh.schema.CausalEventDraft'>
event_type = 'role_fact_recorded'
payload = {'model_event': {'event_type': 'action_result', 'event_version': 'rwkv-lh.event.v2', 'event_id': 'EV-ACTION-A00001', '...: 'LANE:ACTION', ...}, 'event_id': 'EV-ACTION-A00001', 'event_type': 'action_result', 'executor_cache_required': False}
subject_id = 'ROLE-INPUT-CONTROLLER-FIXTURE', cause_id = 'CE-000013'

    @classmethod
    def create(
        cls,
        event_type: str,
        payload: Mapping[str, Any],
        *,
        subject_id: str,
        cause_id: str | None = None,
    ) -> "CausalEventDraft":
        name = str(event_type or "")
        payload_schema = CAUSAL_EVENT_PAYLOAD_SCHEMAS.get(name)
        if payload_schema is None:
>           raise ValueError(f"unregistered causal event type: {name}")
E           ValueError: unregistered causal event type: role_fact_recorded

rwkv_lh/schema.py:852: ValueError
_ ERROR at setup of test_every_role_matches_actual_controller_checkpoint[False-finalizer_answer-goal_finalizer_session_started] _

tmp_path = PosixPath('/home/chase/GitHub/RWKV-LH/data/test_runs/pytest/test_every_role_matches_actual2')
monkeypatch = <_pytest.monkeypatch.MonkeyPatch object at 0x7af708e93ad0>
request = <SubRequest 'controller_role_snapshots' for <Function test_every_role_matches_actual_controller_checkpoint[False-finalizer_answer-goal_finalizer_session_started]>>

    @pytest.fixture
    def controller_role_snapshots(tmp_path: Path, monkeypatch, request):
        # Reuse the existing Controller mock transport fixtures. Harness I/O is real;
        # Planner, Selector and audits are explicitly mock decisions, not labels.
        import json
        from test_stateful_goal_loop import (
            _QueueClient, _StrongPlanner, _audit_call, _goal, _selector, _settings,
            _strong_patch,
        )
        from rwkv_lh.model import LongHorizonModel
        from rwkv_lh.model_session import ModelSession
        from rwkv_lh.schema import RunState
        from rwkv_lh.supervisor import SupervisorPolicy
    
        store = LongHorizonStore(tmp_path / "state", checkpoint_retention=1000)
        state = store.create_run(_goal(tmp_path), "ROLE-INPUT-CONTROLLER-FIXTURE")
        snapshots = []
        original_save = store.save
    
        def capture(*args, **kwargs):
            saved = original_save(*args, **kwargs)
            snapshots.append(RunState.from_dict(saved.to_dict()))
            return saved
    
        monkeypatch.setattr(store, "save", capture)
        outputs = [
            json.dumps({"function": "write_file", "params": {"path": "result.txt", "content": "verified content"}}),
            json.dumps(_audit_call("continue", step_id="S1", step_complete=True, evidence_refs=["A00001"], gaps=[], reason="Fixture write observed")),
            json.dumps({"function": "final_answer", "params": {"text": "Created result.txt."}}),
            json.dumps(_audit_call("ready_for_final", step_id="", step_complete=False, evidence_refs=["A00001"], gaps=[], reason="Fixture final evidence present")),
        ]
        exercise_feedback = getattr(request, "param", None) == "feedback"
        if exercise_feedback:
            from rwkv_lh.goal_state_protocols import auditor_step_v6
            gap = next(item["code"] for item in auditor_step_v6.build_gap_catalog(
                _strong_patch(state).add_steps[0].to_dict(), ()
            ) if item["code"].startswith("phase_evidence_unproved:"))
            outputs = [
                outputs[0], "{}",
                json.dumps(_audit_call("repair", step_id="S1", step_complete=False, evidence_refs=["A00001"], gaps=[gap], reason="Fixture semantic gap")),
                json.dumps({"function": "write_file", "params": {"path": "result.txt", "content": "verified revised content"}}),
                json.dumps(_audit_call("continue", step_id="S1", step_complete=True, evidence_refs=["A00002"], gaps=[], reason="Fixture revision observed")),
                outputs[2], "{}",
                json.dumps(_audit_call("repair", step_id="", step_complete=False, evidence_refs=["A00002"], gaps=["candidate_omits_required_result"], reason="Fixture answer gap")),
                "{}",
                json.dumps({"function": "final_answer", "params": {"text": "Created and revised result.txt."}}),
                json.dumps(_audit_call("ready_for_final", step_id="", step_complete=False, evidence_refs=["A00002"], gaps=[], reason="Fixture final evidence present")),
            ]
        queue = _QueueClient(outputs)
        model = LongHorizonModel(ModelSession(queue, settings=_settings(progressive=True)), tool_selector=_selector(["write_file"] * (2 if exercise_feedback else 1)))
        monkeypatch.setattr(StatefulGoalLoopController, "_validate_contract_patch_semantics", staticmethod(lambda *args, **kwargs: None))
        transition_budget = 30 if exercise_feedback else getattr(request, "param", 20)
        controller = StatefulGoalLoopController(
            store, model=model, harness=model.harness, supervisor=_StrongPlanner(_strong_patch(state)),
            supervisor_policy=SupervisorPolicy(mode="static"), max_transitions=transition_budget,
        )
>       final = controller.run(state.run_id).state
                ^^^^^^^^^^^^^^^^^^^^^^^^^^^^

tests/test_role_trace_inputs.py:172: 
_ _ _ _ _ _ _ _ _ _ _ _ _ _ _ _ _ _ _ _ _ _ _ _ _ _ _ _ _ _ _ _ _ _ _ _ _ _ _ _ 
rwkv_lh/stateful_goal_loop.py:1863: in run
    audit = self._run_pending_audit_boundary(state, pending_audit)
            ^^^^^^^^^^^^^^^^^^^^^^^^^^^^^^^^^^^^^^^^^^^^^^^^^^^^^^
rwkv_lh/stateful_goal_loop.py:1035: in _run_pending_audit_boundary
    return self.model.audit_goal_boundary(
rwkv_lh/model.py:988: in audit_goal_boundary
    self._record_role_fact(state, event, persist)
rwkv_lh/model.py:1840: in _record_role_fact
    persist(state, "role_fact_recorded", {"model_event": event.to_dict(),
rwkv_lh/controller.py:5497: in _persist_callback
    self._persist(state, event_type, event)
rwkv_lh/controller.py:5675: in _persist
    draft = CausalEventDraft.create(
_ _ _ _ _ _ _ _ _ _ _ _ _ _ _ _ _ _ _ _ _ _ _ _ _ _ _ _ _ _ _ _ _ _ _ _ _ _ _ _ 

cls = <class 'rwkv_lh.schema.CausalEventDraft'>
event_type = 'role_fact_recorded'
payload = {'model_event': {'event_type': 'action_result', 'event_version': 'rwkv-lh.event.v2', 'event_id': 'EV-ACTION-A00001', '...: 'LANE:ACTION', ...}, 'event_id': 'EV-ACTION-A00001', 'event_type': 'action_result', 'executor_cache_required': False}
subject_id = 'ROLE-INPUT-CONTROLLER-FIXTURE', cause_id = 'CE-000013'

    @classmethod
    def create(
        cls,
        event_type: str,
        payload: Mapping[str, Any],
        *,
        subject_id: str,
        cause_id: str | None = None,
    ) -> "CausalEventDraft":
        name = str(event_type or "")
        payload_schema = CAUSAL_EVENT_PAYLOAD_SCHEMAS.get(name)
        if payload_schema is None:
>           raise ValueError(f"unregistered causal event type: {name}")
E           ValueError: unregistered causal event type: role_fact_recorded

rwkv_lh/schema.py:852: ValueError
_ ERROR at setup of test_every_role_matches_actual_controller_checkpoint[False-auditor_final-goal_auditor_session_started] _

tmp_path = PosixPath('/home/chase/GitHub/RWKV-LH/data/test_runs/pytest/test_every_role_matches_actual3')
monkeypatch = <_pytest.monkeypatch.MonkeyPatch object at 0x7af709d254d0>
request = <SubRequest 'controller_role_snapshots' for <Function test_every_role_matches_actual_controller_checkpoint[False-auditor_final-goal_auditor_session_started]>>

    @pytest.fixture
    def controller_role_snapshots(tmp_path: Path, monkeypatch, request):
        # Reuse the existing Controller mock transport fixtures. Harness I/O is real;
        # Planner, Selector and audits are explicitly mock decisions, not labels.
        import json
        from test_stateful_goal_loop import (
            _QueueClient, _StrongPlanner, _audit_call, _goal, _selector, _settings,
            _strong_patch,
        )
        from rwkv_lh.model import LongHorizonModel
        from rwkv_lh.model_session import ModelSession
        from rwkv_lh.schema import RunState
        from rwkv_lh.supervisor import SupervisorPolicy
    
        store = LongHorizonStore(tmp_path / "state", checkpoint_retention=1000)
        state = store.create_run(_goal(tmp_path), "ROLE-INPUT-CONTROLLER-FIXTURE")
        snapshots = []
        original_save = store.save
    
        def capture(*args, **kwargs):
            saved = original_save(*args, **kwargs)
            snapshots.append(RunState.from_dict(saved.to_dict()))
            return saved
    
        monkeypatch.setattr(store, "save", capture)
        outputs = [
            json.dumps({"function": "write_file", "params": {"path": "result.txt", "content": "verified content"}}),
            json.dumps(_audit_call("continue", step_id="S1", step_complete=True, evidence_refs=["A00001"], gaps=[], reason="Fixture write observed")),
            json.dumps({"function": "final_answer", "params": {"text": "Created result.txt."}}),
            json.dumps(_audit_call("ready_for_final", step_id="", step_complete=False, evidence_refs=["A00001"], gaps=[], reason="Fixture final evidence present")),
        ]
        exercise_feedback = getattr(request, "param", None) == "feedback"
        if exercise_feedback:
            from rwkv_lh.goal_state_protocols import auditor_step_v6
            gap = next(item["code"] for item in auditor_step_v6.build_gap_catalog(
                _strong_patch(state).add_steps[0].to_dict(), ()
            ) if item["code"].startswith("phase_evidence_unproved:"))
            outputs = [
                outputs[0], "{}",
                json.dumps(_audit_call("repair", step_id="S1", step_complete=False, evidence_refs=["A00001"], gaps=[gap], reason="Fixture semantic gap")),
                json.dumps({"function": "write_file", "params": {"path": "result.txt", "content": "verified revised content"}}),
                json.dumps(_audit_call("continue", step_id="S1", step_complete=True, evidence_refs=["A00002"], gaps=[], reason="Fixture revision observed")),
                outputs[2], "{}",
                json.dumps(_audit_call("repair", step_id="", step_complete=False, evidence_refs=["A00002"], gaps=["candidate_omits_required_result"], reason="Fixture answer gap")),
                "{}",
                json.dumps({"function": "final_answer", "params": {"text": "Created and revised result.txt."}}),
                json.dumps(_audit_call("ready_for_final", step_id="", step_complete=False, evidence_refs=["A00002"], gaps=[], reason="Fixture final evidence present")),
            ]
        queue = _QueueClient(outputs)
        model = LongHorizonModel(ModelSession(queue, settings=_settings(progressive=True)), tool_selector=_selector(["write_file"] * (2 if exercise_feedback else 1)))
        monkeypatch.setattr(StatefulGoalLoopController, "_validate_contract_patch_semantics", staticmethod(lambda *args, **kwargs: None))
        transition_budget = 30 if exercise_feedback else getattr(request, "param", 20)
        controller = StatefulGoalLoopController(
            store, model=model, harness=model.harness, supervisor=_StrongPlanner(_strong_patch(state)),
            supervisor_policy=SupervisorPolicy(mode="static"), max_transitions=transition_budget,
        )
>       final = controller.run(state.run_id).state
                ^^^^^^^^^^^^^^^^^^^^^^^^^^^^

tests/test_role_trace_inputs.py:172: 
_ _ _ _ _ _ _ _ _ _ _ _ _ _ _ _ _ _ _ _ _ _ _ _ _ _ _ _ _ _ _ _ _ _ _ _ _ _ _ _ 
rwkv_lh/stateful_goal_loop.py:1863: in run
    audit = self._run_pending_audit_boundary(state, pending_audit)
            ^^^^^^^^^^^^^^^^^^^^^^^^^^^^^^^^^^^^^^^^^^^^^^^^^^^^^^
rwkv_lh/stateful_goal_loop.py:1035: in _run_pending_audit_boundary
    return self.model.audit_goal_boundary(
rwkv_lh/model.py:988: in audit_goal_boundary
    self._record_role_fact(state, event, persist)
rwkv_lh/model.py:1840: in _record_role_fact
    persist(state, "role_fact_recorded", {"model_event": event.to_dict(),
rwkv_lh/controller.py:5497: in _persist_callback
    self._persist(state, event_type, event)
rwkv_lh/controller.py:5675: in _persist
    draft = CausalEventDraft.create(
_ _ _ _ _ _ _ _ _ _ _ _ _ _ _ _ _ _ _ _ _ _ _ _ _ _ _ _ _ _ _ _ _ _ _ _ _ _ _ _ 

cls = <class 'rwkv_lh.schema.CausalEventDraft'>
event_type = 'role_fact_recorded'
payload = {'model_event': {'event_type': 'action_result', 'event_version': 'rwkv-lh.event.v2', 'event_id': 'EV-ACTION-A00001', '...: 'LANE:ACTION', ...}, 'event_id': 'EV-ACTION-A00001', 'event_type': 'action_result', 'executor_cache_required': False}
subject_id = 'ROLE-INPUT-CONTROLLER-FIXTURE', cause_id = 'CE-000013'

    @classmethod
    def create(
        cls,
        event_type: str,
        payload: Mapping[str, Any],
        *,
        subject_id: str,
        cause_id: str | None = None,
    ) -> "CausalEventDraft":
        name = str(event_type or "")
        payload_schema = CAUSAL_EVENT_PAYLOAD_SCHEMAS.get(name)
        if payload_schema is None:
>           raise ValueError(f"unregistered causal event type: {name}")
E           ValueError: unregistered causal event type: role_fact_recorded

rwkv_lh/schema.py:852: ValueError
_ ERROR at setup of test_every_role_matches_actual_controller_checkpoint[True-executor_args-tool_schema_disclosed] _

tmp_path = PosixPath('/home/chase/GitHub/RWKV-LH/data/test_runs/pytest/test_every_role_matches_actual4')
monkeypatch = <_pytest.monkeypatch.MonkeyPatch object at 0x7af709c944d0>
request = <SubRequest 'controller_role_snapshots' for <Function test_every_role_matches_actual_controller_checkpoint[True-executor_args-tool_schema_disclosed]>>

    @pytest.fixture
    def controller_role_snapshots(tmp_path: Path, monkeypatch, request):
        # Reuse the existing Controller mock transport fixtures. Harness I/O is real;
        # Planner, Selector and audits are explicitly mock decisions, not labels.
        import json
        from test_stateful_goal_loop import (
            _QueueClient, _StrongPlanner, _audit_call, _goal, _selector, _settings,
            _strong_patch,
        )
        from rwkv_lh.model import LongHorizonModel
        from rwkv_lh.model_session import ModelSession
        from rwkv_lh.schema import RunState
        from rwkv_lh.supervisor import SupervisorPolicy
    
        store = LongHorizonStore(tmp_path / "state", checkpoint_retention=1000)
        state = store.create_run(_goal(tmp_path), "ROLE-INPUT-CONTROLLER-FIXTURE")
        snapshots = []
        original_save = store.save
    
        def capture(*args, **kwargs):
            saved = original_save(*args, **kwargs)
            snapshots.append(RunState.from_dict(saved.to_dict()))
            return saved
    
        monkeypatch.setattr(store, "save", capture)
        outputs = [
            json.dumps({"function": "write_file", "params": {"path": "result.txt", "content": "verified content"}}),
            json.dumps(_audit_call("continue", step_id="S1", step_complete=True, evidence_refs=["A00001"], gaps=[], reason="Fixture write observed")),
            json.dumps({"function": "final_answer", "params": {"text": "Created result.txt."}}),
            json.dumps(_audit_call("ready_for_final", step_id="", step_complete=False, evidence_refs=["A00001"], gaps=[], reason="Fixture final evidence present")),
        ]
        exercise_feedback = getattr(request, "param", None) == "feedback"
        if exercise_feedback:
            from rwkv_lh.goal_state_protocols import auditor_step_v6
            gap = next(item["code"] for item in auditor_step_v6.build_gap_catalog(
                _strong_patch(state).add_steps[0].to_dict(), ()
            ) if item["code"].startswith("phase_evidence_unproved:"))
            outputs = [
                outputs[0], "{}",
                json.dumps(_audit_call("repair", step_id="S1", step_complete=False, evidence_refs=["A00001"], gaps=[gap], reason="Fixture semantic gap")),
                json.dumps({"function": "write_file", "params": {"path": "result.txt", "content": "verified revised content"}}),
                json.dumps(_audit_call("continue", step_id="S1", step_complete=True, evidence_refs=["A00002"], gaps=[], reason="Fixture revision observed")),
                outputs[2], "{}",
                json.dumps(_audit_call("repair", step_id="", step_complete=False, evidence_refs=["A00002"], gaps=["candidate_omits_required_result"], reason="Fixture answer gap")),
                "{}",
                json.dumps({"function": "final_answer", "params": {"text": "Created and revised result.txt."}}),
                json.dumps(_audit_call("ready_for_final", step_id="", step_complete=False, evidence_refs=["A00002"], gaps=[], reason="Fixture final evidence present")),
            ]
        queue = _QueueClient(outputs)
        model = LongHorizonModel(ModelSession(queue, settings=_settings(progressive=True)), tool_selector=_selector(["write_file"] * (2 if exercise_feedback else 1)))
        monkeypatch.setattr(StatefulGoalLoopController, "_validate_contract_patch_semantics", staticmethod(lambda *args, **kwargs: None))
        transition_budget = 30 if exercise_feedback else getattr(request, "param", 20)
        controller = StatefulGoalLoopController(
            store, model=model, harness=model.harness, supervisor=_StrongPlanner(_strong_patch(state)),
            supervisor_policy=SupervisorPolicy(mode="static"), max_transitions=transition_budget,
        )
>       final = controller.run(state.run_id).state
                ^^^^^^^^^^^^^^^^^^^^^^^^^^^^

tests/test_role_trace_inputs.py:172: 
_ _ _ _ _ _ _ _ _ _ _ _ _ _ _ _ _ _ _ _ _ _ _ _ _ _ _ _ _ _ _ _ _ _ _ _ _ _ _ _ 
rwkv_lh/stateful_goal_loop.py:1863: in run
    audit = self._run_pending_audit_boundary(state, pending_audit)
            ^^^^^^^^^^^^^^^^^^^^^^^^^^^^^^^^^^^^^^^^^^^^^^^^^^^^^^
rwkv_lh/stateful_goal_loop.py:1035: in _run_pending_audit_boundary
    return self.model.audit_goal_boundary(
rwkv_lh/model.py:988: in audit_goal_boundary
    self._record_role_fact(state, event, persist)
rwkv_lh/model.py:1840: in _record_role_fact
    persist(state, "role_fact_recorded", {"model_event": event.to_dict(),
rwkv_lh/controller.py:5497: in _persist_callback
    self._persist(state, event_type, event)
rwkv_lh/controller.py:5675: in _persist
    draft = CausalEventDraft.create(
_ _ _ _ _ _ _ _ _ _ _ _ _ _ _ _ _ _ _ _ _ _ _ _ _ _ _ _ _ _ _ _ _ _ _ _ _ _ _ _ 

cls = <class 'rwkv_lh.schema.CausalEventDraft'>
event_type = 'role_fact_recorded'
payload = {'model_event': {'event_type': 'action_result', 'event_version': 'rwkv-lh.event.v2', 'event_id': 'EV-ACTION-A00001', '...: 'LANE:ACTION', ...}, 'event_id': 'EV-ACTION-A00001', 'event_type': 'action_result', 'executor_cache_required': False}
subject_id = 'ROLE-INPUT-CONTROLLER-FIXTURE', cause_id = 'CE-000013'

    @classmethod
    def create(
        cls,
        event_type: str,
        payload: Mapping[str, Any],
        *,
        subject_id: str,
        cause_id: str | None = None,
    ) -> "CausalEventDraft":
        name = str(event_type or "")
        payload_schema = CAUSAL_EVENT_PAYLOAD_SCHEMAS.get(name)
        if payload_schema is None:
>           raise ValueError(f"unregistered causal event type: {name}")
E           ValueError: unregistered causal event type: role_fact_recorded

rwkv_lh/schema.py:852: ValueError
_ ERROR at setup of test_every_role_matches_actual_controller_checkpoint[True-auditor_step-goal_auditor_session_started] _

tmp_path = PosixPath('/home/chase/GitHub/RWKV-LH/data/test_runs/pytest/test_every_role_matches_actual5')
monkeypatch = <_pytest.monkeypatch.MonkeyPatch object at 0x7af7095b8670>
request = <SubRequest 'controller_role_snapshots' for <Function test_every_role_matches_actual_controller_checkpoint[True-auditor_step-goal_auditor_session_started]>>

    @pytest.fixture
    def controller_role_snapshots(tmp_path: Path, monkeypatch, request):
        # Reuse the existing Controller mock transport fixtures. Harness I/O is real;
        # Planner, Selector and audits are explicitly mock decisions, not labels.
        import json
        from test_stateful_goal_loop import (
            _QueueClient, _StrongPlanner, _audit_call, _goal, _selector, _settings,
            _strong_patch,
        )
        from rwkv_lh.model import LongHorizonModel
        from rwkv_lh.model_session import ModelSession
        from rwkv_lh.schema import RunState
        from rwkv_lh.supervisor import SupervisorPolicy
    
        store = LongHorizonStore(tmp_path / "state", checkpoint_retention=1000)
        state = store.create_run(_goal(tmp_path), "ROLE-INPUT-CONTROLLER-FIXTURE")
        snapshots = []
        original_save = store.save
    
        def capture(*args, **kwargs):
            saved = original_save(*args, **kwargs)
            snapshots.append(RunState.from_dict(saved.to_dict()))
            return saved
    
        monkeypatch.setattr(store, "save", capture)
        outputs = [
            json.dumps({"function": "write_file", "params": {"path": "result.txt", "content": "verified content"}}),
            json.dumps(_audit_call("continue", step_id="S1", step_complete=True, evidence_refs=["A00001"], gaps=[], reason="Fixture write observed")),
            json.dumps({"function": "final_answer", "params": {"text": "Created result.txt."}}),
            json.dumps(_audit_call("ready_for_final", step_id="", step_complete=False, evidence_refs=["A00001"], gaps=[], reason="Fixture final evidence present")),
        ]
        exercise_feedback = getattr(request, "param", None) == "feedback"
        if exercise_feedback:
            from rwkv_lh.goal_state_protocols import auditor_step_v6
            gap = next(item["code"] for item in auditor_step_v6.build_gap_catalog(
                _strong_patch(state).add_steps[0].to_dict(), ()
            ) if item["code"].startswith("phase_evidence_unproved:"))
            outputs = [
                outputs[0], "{}",
                json.dumps(_audit_call("repair", step_id="S1", step_complete=False, evidence_refs=["A00001"], gaps=[gap], reason="Fixture semantic gap")),
                json.dumps({"function": "write_file", "params": {"path": "result.txt", "content": "verified revised content"}}),
                json.dumps(_audit_call("continue", step_id="S1", step_complete=True, evidence_refs=["A00002"], gaps=[], reason="Fixture revision observed")),
                outputs[2], "{}",
                json.dumps(_audit_call("repair", step_id="", step_complete=False, evidence_refs=["A00002"], gaps=["candidate_omits_required_result"], reason="Fixture answer gap")),
                "{}",
                json.dumps({"function": "final_answer", "params": {"text": "Created and revised result.txt."}}),
                json.dumps(_audit_call("ready_for_final", step_id="", step_complete=False, evidence_refs=["A00002"], gaps=[], reason="Fixture final evidence present")),
            ]
        queue = _QueueClient(outputs)
        model = LongHorizonModel(ModelSession(queue, settings=_settings(progressive=True)), tool_selector=_selector(["write_file"] * (2 if exercise_feedback else 1)))
        monkeypatch.setattr(StatefulGoalLoopController, "_validate_contract_patch_semantics", staticmethod(lambda *args, **kwargs: None))
        transition_budget = 30 if exercise_feedback else getattr(request, "param", 20)
        controller = StatefulGoalLoopController(
            store, model=model, harness=model.harness, supervisor=_StrongPlanner(_strong_patch(state)),
            supervisor_policy=SupervisorPolicy(mode="static"), max_transitions=transition_budget,
        )
>       final = controller.run(state.run_id).state
                ^^^^^^^^^^^^^^^^^^^^^^^^^^^^

tests/test_role_trace_inputs.py:172: 
_ _ _ _ _ _ _ _ _ _ _ _ _ _ _ _ _ _ _ _ _ _ _ _ _ _ _ _ _ _ _ _ _ _ _ _ _ _ _ _ 
rwkv_lh/stateful_goal_loop.py:1863: in run
    audit = self._run_pending_audit_boundary(state, pending_audit)
            ^^^^^^^^^^^^^^^^^^^^^^^^^^^^^^^^^^^^^^^^^^^^^^^^^^^^^^
rwkv_lh/stateful_goal_loop.py:1035: in _run_pending_audit_boundary
    return self.model.audit_goal_boundary(
rwkv_lh/model.py:988: in audit_goal_boundary
    self._record_role_fact(state, event, persist)
rwkv_lh/model.py:1840: in _record_role_fact
    persist(state, "role_fact_recorded", {"model_event": event.to_dict(),
rwkv_lh/controller.py:5497: in _persist_callback
    self._persist(state, event_type, event)
rwkv_lh/controller.py:5675: in _persist
    draft = CausalEventDraft.create(
_ _ _ _ _ _ _ _ _ _ _ _ _ _ _ _ _ _ _ _ _ _ _ _ _ _ _ _ _ _ _ _ _ _ _ _ _ _ _ _ 

cls = <class 'rwkv_lh.schema.CausalEventDraft'>
event_type = 'role_fact_recorded'
payload = {'model_event': {'event_type': 'action_result', 'event_version': 'rwkv-lh.event.v2', 'event_id': 'EV-ACTION-A00001', '...: 'LANE:ACTION', ...}, 'event_id': 'EV-ACTION-A00001', 'event_type': 'action_result', 'executor_cache_required': False}
subject_id = 'ROLE-INPUT-CONTROLLER-FIXTURE', cause_id = 'CE-000013'

    @classmethod
    def create(
        cls,
        event_type: str,
        payload: Mapping[str, Any],
        *,
        subject_id: str,
        cause_id: str | None = None,
    ) -> "CausalEventDraft":
        name = str(event_type or "")
        payload_schema = CAUSAL_EVENT_PAYLOAD_SCHEMAS.get(name)
        if payload_schema is None:
>           raise ValueError(f"unregistered causal event type: {name}")
E           ValueError: unregistered causal event type: role_fact_recorded

rwkv_lh/schema.py:852: ValueError
_ ERROR at setup of test_every_role_matches_actual_controller_checkpoint[True-finalizer_answer-goal_finalizer_session_started] _

tmp_path = PosixPath('/home/chase/GitHub/RWKV-LH/data/test_runs/pytest/test_every_role_matches_actual6')
monkeypatch = <_pytest.monkeypatch.MonkeyPatch object at 0x7af7095ba890>
request = <SubRequest 'controller_role_snapshots' for <Function test_every_role_matches_actual_controller_checkpoint[True-finalizer_answer-goal_finalizer_session_started]>>

    @pytest.fixture
    def controller_role_snapshots(tmp_path: Path, monkeypatch, request):
        # Reuse the existing Controller mock transport fixtures. Harness I/O is real;
        # Planner, Selector and audits are explicitly mock decisions, not labels.
        import json
        from test_stateful_goal_loop import (
            _QueueClient, _StrongPlanner, _audit_call, _goal, _selector, _settings,
            _strong_patch,
        )
        from rwkv_lh.model import LongHorizonModel
        from rwkv_lh.model_session import ModelSession
        from rwkv_lh.schema import RunState
        from rwkv_lh.supervisor import SupervisorPolicy
    
        store = LongHorizonStore(tmp_path / "state", checkpoint_retention=1000)
        state = store.create_run(_goal(tmp_path), "ROLE-INPUT-CONTROLLER-FIXTURE")
        snapshots = []
        original_save = store.save
    
        def capture(*args, **kwargs):
            saved = original_save(*args, **kwargs)
            snapshots.append(RunState.from_dict(saved.to_dict()))
            return saved
    
        monkeypatch.setattr(store, "save", capture)
        outputs = [
            json.dumps({"function": "write_file", "params": {"path": "result.txt", "content": "verified content"}}),
            json.dumps(_audit_call("continue", step_id="S1", step_complete=True, evidence_refs=["A00001"], gaps=[], reason="Fixture write observed")),
            json.dumps({"function": "final_answer", "params": {"text": "Created result.txt."}}),
            json.dumps(_audit_call("ready_for_final", step_id="", step_complete=False, evidence_refs=["A00001"], gaps=[], reason="Fixture final evidence present")),
        ]
        exercise_feedback = getattr(request, "param", None) == "feedback"
        if exercise_feedback:
            from rwkv_lh.goal_state_protocols import auditor_step_v6
            gap = next(item["code"] for item in auditor_step_v6.build_gap_catalog(
                _strong_patch(state).add_steps[0].to_dict(), ()
            ) if item["code"].startswith("phase_evidence_unproved:"))
            outputs = [
                outputs[0], "{}",
                json.dumps(_audit_call("repair", step_id="S1", step_complete=False, evidence_refs=["A00001"], gaps=[gap], reason="Fixture semantic gap")),
                json.dumps({"function": "write_file", "params": {"path": "result.txt", "content": "verified revised content"}}),
                json.dumps(_audit_call("continue", step_id="S1", step_complete=True, evidence_refs=["A00002"], gaps=[], reason="Fixture revision observed")),
                outputs[2], "{}",
                json.dumps(_audit_call("repair", step_id="", step_complete=False, evidence_refs=["A00002"], gaps=["candidate_omits_required_result"], reason="Fixture answer gap")),
                "{}",
                json.dumps({"function": "final_answer", "params": {"text": "Created and revised result.txt."}}),
                json.dumps(_audit_call("ready_for_final", step_id="", step_complete=False, evidence_refs=["A00002"], gaps=[], reason="Fixture final evidence present")),
            ]
        queue = _QueueClient(outputs)
        model = LongHorizonModel(ModelSession(queue, settings=_settings(progressive=True)), tool_selector=_selector(["write_file"] * (2 if exercise_feedback else 1)))
        monkeypatch.setattr(StatefulGoalLoopController, "_validate_contract_patch_semantics", staticmethod(lambda *args, **kwargs: None))
        transition_budget = 30 if exercise_feedback else getattr(request, "param", 20)
        controller = StatefulGoalLoopController(
            store, model=model, harness=model.harness, supervisor=_StrongPlanner(_strong_patch(state)),
            supervisor_policy=SupervisorPolicy(mode="static"), max_transitions=transition_budget,
        )
>       final = controller.run(state.run_id).state
                ^^^^^^^^^^^^^^^^^^^^^^^^^^^^

tests/test_role_trace_inputs.py:172: 
_ _ _ _ _ _ _ _ _ _ _ _ _ _ _ _ _ _ _ _ _ _ _ _ _ _ _ _ _ _ _ _ _ _ _ _ _ _ _ _ 
rwkv_lh/stateful_goal_loop.py:1863: in run
    audit = self._run_pending_audit_boundary(state, pending_audit)
            ^^^^^^^^^^^^^^^^^^^^^^^^^^^^^^^^^^^^^^^^^^^^^^^^^^^^^^
rwkv_lh/stateful_goal_loop.py:1035: in _run_pending_audit_boundary
    return self.model.audit_goal_boundary(
rwkv_lh/model.py:988: in audit_goal_boundary
    self._record_role_fact(state, event, persist)
rwkv_lh/model.py:1840: in _record_role_fact
    persist(state, "role_fact_recorded", {"model_event": event.to_dict(),
rwkv_lh/controller.py:5497: in _persist_callback
    self._persist(state, event_type, event)
rwkv_lh/controller.py:5675: in _persist
    draft = CausalEventDraft.create(
_ _ _ _ _ _ _ _ _ _ _ _ _ _ _ _ _ _ _ _ _ _ _ _ _ _ _ _ _ _ _ _ _ _ _ _ _ _ _ _ 

cls = <class 'rwkv_lh.schema.CausalEventDraft'>
event_type = 'role_fact_recorded'
payload = {'model_event': {'event_type': 'action_result', 'event_version': 'rwkv-lh.event.v2', 'event_id': 'EV-ACTION-A00001', '...: 'LANE:ACTION', ...}, 'event_id': 'EV-ACTION-A00001', 'event_type': 'action_result', 'executor_cache_required': False}
subject_id = 'ROLE-INPUT-CONTROLLER-FIXTURE', cause_id = 'CE-000013'

    @classmethod
    def create(
        cls,
        event_type: str,
        payload: Mapping[str, Any],
        *,
        subject_id: str,
        cause_id: str | None = None,
    ) -> "CausalEventDraft":
        name = str(event_type or "")
        payload_schema = CAUSAL_EVENT_PAYLOAD_SCHEMAS.get(name)
        if payload_schema is None:
>           raise ValueError(f"unregistered causal event type: {name}")
E           ValueError: unregistered causal event type: role_fact_recorded

rwkv_lh/schema.py:852: ValueError
_ ERROR at setup of test_every_role_matches_actual_controller_checkpoint[True-auditor_final-goal_auditor_session_started] _

tmp_path = PosixPath('/home/chase/GitHub/RWKV-LH/data/test_runs/pytest/test_every_role_matches_actual7')
monkeypatch = <_pytest.monkeypatch.MonkeyPatch object at 0x7af709dcdbe0>
request = <SubRequest 'controller_role_snapshots' for <Function test_every_role_matches_actual_controller_checkpoint[True-auditor_final-goal_auditor_session_started]>>

    @pytest.fixture
    def controller_role_snapshots(tmp_path: Path, monkeypatch, request):
        # Reuse the existing Controller mock transport fixtures. Harness I/O is real;
        # Planner, Selector and audits are explicitly mock decisions, not labels.
        import json
        from test_stateful_goal_loop import (
            _QueueClient, _StrongPlanner, _audit_call, _goal, _selector, _settings,
            _strong_patch,
        )
        from rwkv_lh.model import LongHorizonModel
        from rwkv_lh.model_session import ModelSession
        from rwkv_lh.schema import RunState
        from rwkv_lh.supervisor import SupervisorPolicy
    
        store = LongHorizonStore(tmp_path / "state", checkpoint_retention=1000)
        state = store.create_run(_goal(tmp_path), "ROLE-INPUT-CONTROLLER-FIXTURE")
        snapshots = []
        original_save = store.save
    
        def capture(*args, **kwargs):
            saved = original_save(*args, **kwargs)
            snapshots.append(RunState.from_dict(saved.to_dict()))
            return saved
    
        monkeypatch.setattr(store, "save", capture)
        outputs = [
            json.dumps({"function": "write_file", "params": {"path": "result.txt", "content": "verified content"}}),
            json.dumps(_audit_call("continue", step_id="S1", step_complete=True, evidence_refs=["A00001"], gaps=[], reason="Fixture write observed")),
            json.dumps({"function": "final_answer", "params": {"text": "Created result.txt."}}),
            json.dumps(_audit_call("ready_for_final", step_id="", step_complete=False, evidence_refs=["A00001"], gaps=[], reason="Fixture final evidence present")),
        ]
        exercise_feedback = getattr(request, "param", None) == "feedback"
        if exercise_feedback:
            from rwkv_lh.goal_state_protocols import auditor_step_v6
            gap = next(item["code"] for item in auditor_step_v6.build_gap_catalog(
                _strong_patch(state).add_steps[0].to_dict(), ()
            ) if item["code"].startswith("phase_evidence_unproved:"))
            outputs = [
                outputs[0], "{}",
                json.dumps(_audit_call("repair", step_id="S1", step_complete=False, evidence_refs=["A00001"], gaps=[gap], reason="Fixture semantic gap")),
                json.dumps({"function": "write_file", "params": {"path": "result.txt", "content": "verified revised content"}}),
                json.dumps(_audit_call("continue", step_id="S1", step_complete=True, evidence_refs=["A00002"], gaps=[], reason="Fixture revision observed")),
                outputs[2], "{}",
                json.dumps(_audit_call("repair", step_id="", step_complete=False, evidence_refs=["A00002"], gaps=["candidate_omits_required_result"], reason="Fixture answer gap")),
                "{}",
                json.dumps({"function": "final_answer", "params": {"text": "Created and revised result.txt."}}),
                json.dumps(_audit_call("ready_for_final", step_id="", step_complete=False, evidence_refs=["A00002"], gaps=[], reason="Fixture final evidence present")),
            ]
        queue = _QueueClient(outputs)
        model = LongHorizonModel(ModelSession(queue, settings=_settings(progressive=True)), tool_selector=_selector(["write_file"] * (2 if exercise_feedback else 1)))
        monkeypatch.setattr(StatefulGoalLoopController, "_validate_contract_patch_semantics", staticmethod(lambda *args, **kwargs: None))
        transition_budget = 30 if exercise_feedback else getattr(request, "param", 20)
        controller = StatefulGoalLoopController(
            store, model=model, harness=model.harness, supervisor=_StrongPlanner(_strong_patch(state)),
            supervisor_policy=SupervisorPolicy(mode="static"), max_transitions=transition_budget,
        )
>       final = controller.run(state.run_id).state
                ^^^^^^^^^^^^^^^^^^^^^^^^^^^^

tests/test_role_trace_inputs.py:172: 
_ _ _ _ _ _ _ _ _ _ _ _ _ _ _ _ _ _ _ _ _ _ _ _ _ _ _ _ _ _ _ _ _ _ _ _ _ _ _ _ 
rwkv_lh/stateful_goal_loop.py:1863: in run
    audit = self._run_pending_audit_boundary(state, pending_audit)
            ^^^^^^^^^^^^^^^^^^^^^^^^^^^^^^^^^^^^^^^^^^^^^^^^^^^^^^
rwkv_lh/stateful_goal_loop.py:1035: in _run_pending_audit_boundary
    return self.model.audit_goal_boundary(
rwkv_lh/model.py:988: in audit_goal_boundary
    self._record_role_fact(state, event, persist)
rwkv_lh/model.py:1840: in _record_role_fact
    persist(state, "role_fact_recorded", {"model_event": event.to_dict(),
rwkv_lh/controller.py:5497: in _persist_callback
    self._persist(state, event_type, event)
rwkv_lh/controller.py:5675: in _persist
    draft = CausalEventDraft.create(
_ _ _ _ _ _ _ _ _ _ _ _ _ _ _ _ _ _ _ _ _ _ _ _ _ _ _ _ _ _ _ _ _ _ _ _ _ _ _ _ 

cls = <class 'rwkv_lh.schema.CausalEventDraft'>
event_type = 'role_fact_recorded'
payload = {'model_event': {'event_type': 'action_result', 'event_version': 'rwkv-lh.event.v2', 'event_id': 'EV-ACTION-A00001', '...: 'LANE:ACTION', ...}, 'event_id': 'EV-ACTION-A00001', 'event_type': 'action_result', 'executor_cache_required': False}
subject_id = 'ROLE-INPUT-CONTROLLER-FIXTURE', cause_id = 'CE-000013'

    @classmethod
    def create(
        cls,
        event_type: str,
        payload: Mapping[str, Any],
        *,
        subject_id: str,
        cause_id: str | None = None,
    ) -> "CausalEventDraft":
        name = str(event_type or "")
        payload_schema = CAUSAL_EVENT_PAYLOAD_SCHEMAS.get(name)
        if payload_schema is None:
>           raise ValueError(f"unregistered causal event type: {name}")
E           ValueError: unregistered causal event type: role_fact_recorded

rwkv_lh/schema.py:852: ValueError
______ ERROR at setup of test_selector_snapshot_matches_production_votes _______

tmp_path = PosixPath('/home/chase/GitHub/RWKV-LH/data/test_runs/pytest/test_selector_snapshot_matches0')
monkeypatch = <_pytest.monkeypatch.MonkeyPatch object at 0x7af7099ee970>
request = <SubRequest 'controller_role_snapshots' for <Function test_selector_snapshot_matches_production_votes>>

    @pytest.fixture
    def controller_role_snapshots(tmp_path: Path, monkeypatch, request):
        # Reuse the existing Controller mock transport fixtures. Harness I/O is real;
        # Planner, Selector and audits are explicitly mock decisions, not labels.
        import json
        from test_stateful_goal_loop import (
            _QueueClient, _StrongPlanner, _audit_call, _goal, _selector, _settings,
            _strong_patch,
        )
        from rwkv_lh.model import LongHorizonModel
        from rwkv_lh.model_session import ModelSession
        from rwkv_lh.schema import RunState
        from rwkv_lh.supervisor import SupervisorPolicy
    
        store = LongHorizonStore(tmp_path / "state", checkpoint_retention=1000)
        state = store.create_run(_goal(tmp_path), "ROLE-INPUT-CONTROLLER-FIXTURE")
        snapshots = []
        original_save = store.save
    
        def capture(*args, **kwargs):
            saved = original_save(*args, **kwargs)
            snapshots.append(RunState.from_dict(saved.to_dict()))
            return saved
    
        monkeypatch.setattr(store, "save", capture)
        outputs = [
            json.dumps({"function": "write_file", "params": {"path": "result.txt", "content": "verified content"}}),
            json.dumps(_audit_call("continue", step_id="S1", step_complete=True, evidence_refs=["A00001"], gaps=[], reason="Fixture write observed")),
            json.dumps({"function": "final_answer", "params": {"text": "Created result.txt."}}),
            json.dumps(_audit_call("ready_for_final", step_id="", step_complete=False, evidence_refs=["A00001"], gaps=[], reason="Fixture final evidence present")),
        ]
        exercise_feedback = getattr(request, "param", None) == "feedback"
        if exercise_feedback:
            from rwkv_lh.goal_state_protocols import auditor_step_v6
            gap = next(item["code"] for item in auditor_step_v6.build_gap_catalog(
                _strong_patch(state).add_steps[0].to_dict(), ()
            ) if item["code"].startswith("phase_evidence_unproved:"))
            outputs = [
                outputs[0], "{}",
                json.dumps(_audit_call("repair", step_id="S1", step_complete=False, evidence_refs=["A00001"], gaps=[gap], reason="Fixture semantic gap")),
                json.dumps({"function": "write_file", "params": {"path": "result.txt", "content": "verified revised content"}}),
                json.dumps(_audit_call("continue", step_id="S1", step_complete=True, evidence_refs=["A00002"], gaps=[], reason="Fixture revision observed")),
                outputs[2], "{}",
                json.dumps(_audit_call("repair", step_id="", step_complete=False, evidence_refs=["A00002"], gaps=["candidate_omits_required_result"], reason="Fixture answer gap")),
                "{}",
                json.dumps({"function": "final_answer", "params": {"text": "Created and revised result.txt."}}),
                json.dumps(_audit_call("ready_for_final", step_id="", step_complete=False, evidence_refs=["A00002"], gaps=[], reason="Fixture final evidence present")),
            ]
        queue = _QueueClient(outputs)
        model = LongHorizonModel(ModelSession(queue, settings=_settings(progressive=True)), tool_selector=_selector(["write_file"] * (2 if exercise_feedback else 1)))
        monkeypatch.setattr(StatefulGoalLoopController, "_validate_contract_patch_semantics", staticmethod(lambda *args, **kwargs: None))
        transition_budget = 30 if exercise_feedback else getattr(request, "param", 20)
        controller = StatefulGoalLoopController(
            store, model=model, harness=model.harness, supervisor=_StrongPlanner(_strong_patch(state)),
            supervisor_policy=SupervisorPolicy(mode="static"), max_transitions=transition_budget,
        )
>       final = controller.run(state.run_id).state
                ^^^^^^^^^^^^^^^^^^^^^^^^^^^^

tests/test_role_trace_inputs.py:172: 
_ _ _ _ _ _ _ _ _ _ _ _ _ _ _ _ _ _ _ _ _ _ _ _ _ _ _ _ _ _ _ _ _ _ _ _ _ _ _ _ 
rwkv_lh/stateful_goal_loop.py:1863: in run
    audit = self._run_pending_audit_boundary(state, pending_audit)
            ^^^^^^^^^^^^^^^^^^^^^^^^^^^^^^^^^^^^^^^^^^^^^^^^^^^^^^
rwkv_lh/stateful_goal_loop.py:1035: in _run_pending_audit_boundary
    return self.model.audit_goal_boundary(
rwkv_lh/model.py:988: in audit_goal_boundary
    self._record_role_fact(state, event, persist)
rwkv_lh/model.py:1840: in _record_role_fact
    persist(state, "role_fact_recorded", {"model_event": event.to_dict(),
rwkv_lh/controller.py:5497: in _persist_callback
    self._persist(state, event_type, event)
rwkv_lh/controller.py:5675: in _persist
    draft = CausalEventDraft.create(
_ _ _ _ _ _ _ _ _ _ _ _ _ _ _ _ _ _ _ _ _ _ _ _ _ _ _ _ _ _ _ _ _ _ _ _ _ _ _ _ 

cls = <class 'rwkv_lh.schema.CausalEventDraft'>
event_type = 'role_fact_recorded'
payload = {'model_event': {'event_type': 'action_result', 'event_version': 'rwkv-lh.event.v2', 'event_id': 'EV-ACTION-A00001', '...: 'LANE:ACTION', ...}, 'event_id': 'EV-ACTION-A00001', 'event_type': 'action_result', 'executor_cache_required': False}
subject_id = 'ROLE-INPUT-CONTROLLER-FIXTURE', cause_id = 'CE-000013'

    @classmethod
    def create(
        cls,
        event_type: str,
        payload: Mapping[str, Any],
        *,
        subject_id: str,
        cause_id: str | None = None,
    ) -> "CausalEventDraft":
        name = str(event_type or "")
        payload_schema = CAUSAL_EVENT_PAYLOAD_SCHEMAS.get(name)
        if payload_schema is None:
>           raise ValueError(f"unregistered causal event type: {name}")
E           ValueError: unregistered causal event type: role_fact_recorded

rwkv_lh/schema.py:852: ValueError
_____ ERROR at setup of test_audit_coverage_excludes_unreferenced_actions ______

tmp_path = PosixPath('/home/chase/GitHub/RWKV-LH/data/test_runs/pytest/test_audit_coverage_excludes_u0')
monkeypatch = <_pytest.monkeypatch.MonkeyPatch object at 0x7af708e97e00>
request = <SubRequest 'controller_role_snapshots' for <Function test_audit_coverage_excludes_unreferenced_actions>>

    @pytest.fixture
    def controller_role_snapshots(tmp_path: Path, monkeypatch, request):
        # Reuse the existing Controller mock transport fixtures. Harness I/O is real;
        # Planner, Selector and audits are explicitly mock decisions, not labels.
        import json
        from test_stateful_goal_loop import (
            _QueueClient, _StrongPlanner, _audit_call, _goal, _selector, _settings,
            _strong_patch,
        )
        from rwkv_lh.model import LongHorizonModel
        from rwkv_lh.model_session import ModelSession
        from rwkv_lh.schema import RunState
        from rwkv_lh.supervisor import SupervisorPolicy
    
        store = LongHorizonStore(tmp_path / "state", checkpoint_retention=1000)
        state = store.create_run(_goal(tmp_path), "ROLE-INPUT-CONTROLLER-FIXTURE")
        snapshots = []
        original_save = store.save
    
        def capture(*args, **kwargs):
            saved = original_save(*args, **kwargs)
            snapshots.append(RunState.from_dict(saved.to_dict()))
            return saved
    
        monkeypatch.setattr(store, "save", capture)
        outputs = [
            json.dumps({"function": "write_file", "params": {"path": "result.txt", "content": "verified content"}}),
            json.dumps(_audit_call("continue", step_id="S1", step_complete=True, evidence_refs=["A00001"], gaps=[], reason="Fixture write observed")),
            json.dumps({"function": "final_answer", "params": {"text": "Created result.txt."}}),
            json.dumps(_audit_call("ready_for_final", step_id="", step_complete=False, evidence_refs=["A00001"], gaps=[], reason="Fixture final evidence present")),
        ]
        exercise_feedback = getattr(request, "param", None) == "feedback"
        if exercise_feedback:
            from rwkv_lh.goal_state_protocols import auditor_step_v6
            gap = next(item["code"] for item in auditor_step_v6.build_gap_catalog(
                _strong_patch(state).add_steps[0].to_dict(), ()
            ) if item["code"].startswith("phase_evidence_unproved:"))
            outputs = [
                outputs[0], "{}",
                json.dumps(_audit_call("repair", step_id="S1", step_complete=False, evidence_refs=["A00001"], gaps=[gap], reason="Fixture semantic gap")),
                json.dumps({"function": "write_file", "params": {"path": "result.txt", "content": "verified revised content"}}),
                json.dumps(_audit_call("continue", step_id="S1", step_complete=True, evidence_refs=["A00002"], gaps=[], reason="Fixture revision observed")),
                outputs[2], "{}",
                json.dumps(_audit_call("repair", step_id="", step_complete=False, evidence_refs=["A00002"], gaps=["candidate_omits_required_result"], reason="Fixture answer gap")),
                "{}",
                json.dumps({"function": "final_answer", "params": {"text": "Created and revised result.txt."}}),
                json.dumps(_audit_call("ready_for_final", step_id="", step_complete=False, evidence_refs=["A00002"], gaps=[], reason="Fixture final evidence present")),
            ]
        queue = _QueueClient(outputs)
        model = LongHorizonModel(ModelSession(queue, settings=_settings(progressive=True)), tool_selector=_selector(["write_file"] * (2 if exercise_feedback else 1)))
        monkeypatch.setattr(StatefulGoalLoopController, "_validate_contract_patch_semantics", staticmethod(lambda *args, **kwargs: None))
        transition_budget = 30 if exercise_feedback else getattr(request, "param", 20)
        controller = StatefulGoalLoopController(
            store, model=model, harness=model.harness, supervisor=_StrongPlanner(_strong_patch(state)),
            supervisor_policy=SupervisorPolicy(mode="static"), max_transitions=transition_budget,
        )
>       final = controller.run(state.run_id).state
                ^^^^^^^^^^^^^^^^^^^^^^^^^^^^

tests/test_role_trace_inputs.py:172: 
_ _ _ _ _ _ _ _ _ _ _ _ _ _ _ _ _ _ _ _ _ _ _ _ _ _ _ _ _ _ _ _ _ _ _ _ _ _ _ _ 
rwkv_lh/stateful_goal_loop.py:1863: in run
    audit = self._run_pending_audit_boundary(state, pending_audit)
            ^^^^^^^^^^^^^^^^^^^^^^^^^^^^^^^^^^^^^^^^^^^^^^^^^^^^^^
rwkv_lh/stateful_goal_loop.py:1035: in _run_pending_audit_boundary
    return self.model.audit_goal_boundary(
rwkv_lh/model.py:988: in audit_goal_boundary
    self._record_role_fact(state, event, persist)
rwkv_lh/model.py:1840: in _record_role_fact
    persist(state, "role_fact_recorded", {"model_event": event.to_dict(),
rwkv_lh/controller.py:5497: in _persist_callback
    self._persist(state, event_type, event)
rwkv_lh/controller.py:5675: in _persist
    draft = CausalEventDraft.create(
_ _ _ _ _ _ _ _ _ _ _ _ _ _ _ _ _ _ _ _ _ _ _ _ _ _ _ _ _ _ _ _ _ _ _ _ _ _ _ _ 

cls = <class 'rwkv_lh.schema.CausalEventDraft'>
event_type = 'role_fact_recorded'
payload = {'model_event': {'event_type': 'action_result', 'event_version': 'rwkv-lh.event.v2', 'event_id': 'EV-ACTION-A00001', '...: 'LANE:ACTION', ...}, 'event_id': 'EV-ACTION-A00001', 'event_type': 'action_result', 'executor_cache_required': False}
subject_id = 'ROLE-INPUT-CONTROLLER-FIXTURE', cause_id = 'CE-000013'

    @classmethod
    def create(
        cls,
        event_type: str,
        payload: Mapping[str, Any],
        *,
        subject_id: str,
        cause_id: str | None = None,
    ) -> "CausalEventDraft":
        name = str(event_type or "")
        payload_schema = CAUSAL_EVENT_PAYLOAD_SCHEMAS.get(name)
        if payload_schema is None:
>           raise ValueError(f"unregistered causal event type: {name}")
E           ValueError: unregistered causal event type: role_fact_recorded

rwkv_lh/schema.py:852: ValueError
____ ERROR at setup of test_audit_coverage_ignores_later_unseen_assignment _____

tmp_path = PosixPath('/home/chase/GitHub/RWKV-LH/data/test_runs/pytest/test_audit_coverage_ignores_la0')
monkeypatch = <_pytest.monkeypatch.MonkeyPatch object at 0x7af7095bae40>
request = <SubRequest 'controller_role_snapshots' for <Function test_audit_coverage_ignores_later_unseen_assignment>>

    @pytest.fixture
    def controller_role_snapshots(tmp_path: Path, monkeypatch, request):
        # Reuse the existing Controller mock transport fixtures. Harness I/O is real;
        # Planner, Selector and audits are explicitly mock decisions, not labels.
        import json
        from test_stateful_goal_loop import (
            _QueueClient, _StrongPlanner, _audit_call, _goal, _selector, _settings,
            _strong_patch,
        )
        from rwkv_lh.model import LongHorizonModel
        from rwkv_lh.model_session import ModelSession
        from rwkv_lh.schema import RunState
        from rwkv_lh.supervisor import SupervisorPolicy
    
        store = LongHorizonStore(tmp_path / "state", checkpoint_retention=1000)
        state = store.create_run(_goal(tmp_path), "ROLE-INPUT-CONTROLLER-FIXTURE")
        snapshots = []
        original_save = store.save
    
        def capture(*args, **kwargs):
            saved = original_save(*args, **kwargs)
            snapshots.append(RunState.from_dict(saved.to_dict()))
            return saved
    
        monkeypatch.setattr(store, "save", capture)
        outputs = [
            json.dumps({"function": "write_file", "params": {"path": "result.txt", "content": "verified content"}}),
            json.dumps(_audit_call("continue", step_id="S1", step_complete=True, evidence_refs=["A00001"], gaps=[], reason="Fixture write observed")),
            json.dumps({"function": "final_answer", "params": {"text": "Created result.txt."}}),
            json.dumps(_audit_call("ready_for_final", step_id="", step_complete=False, evidence_refs=["A00001"], gaps=[], reason="Fixture final evidence present")),
        ]
        exercise_feedback = getattr(request, "param", None) == "feedback"
        if exercise_feedback:
            from rwkv_lh.goal_state_protocols import auditor_step_v6
            gap = next(item["code"] for item in auditor_step_v6.build_gap_catalog(
                _strong_patch(state).add_steps[0].to_dict(), ()
            ) if item["code"].startswith("phase_evidence_unproved:"))
            outputs = [
                outputs[0], "{}",
                json.dumps(_audit_call("repair", step_id="S1", step_complete=False, evidence_refs=["A00001"], gaps=[gap], reason="Fixture semantic gap")),
                json.dumps({"function": "write_file", "params": {"path": "result.txt", "content": "verified revised content"}}),
                json.dumps(_audit_call("continue", step_id="S1", step_complete=True, evidence_refs=["A00002"], gaps=[], reason="Fixture revision observed")),
                outputs[2], "{}",
                json.dumps(_audit_call("repair", step_id="", step_complete=False, evidence_refs=["A00002"], gaps=["candidate_omits_required_result"], reason="Fixture answer gap")),
                "{}",
                json.dumps({"function": "final_answer", "params": {"text": "Created and revised result.txt."}}),
                json.dumps(_audit_call("ready_for_final", step_id="", step_complete=False, evidence_refs=["A00002"], gaps=[], reason="Fixture final evidence present")),
            ]
        queue = _QueueClient(outputs)
        model = LongHorizonModel(ModelSession(queue, settings=_settings(progressive=True)), tool_selector=_selector(["write_file"] * (2 if exercise_feedback else 1)))
        monkeypatch.setattr(StatefulGoalLoopController, "_validate_contract_patch_semantics", staticmethod(lambda *args, **kwargs: None))
        transition_budget = 30 if exercise_feedback else getattr(request, "param", 20)
        controller = StatefulGoalLoopController(
            store, model=model, harness=model.harness, supervisor=_StrongPlanner(_strong_patch(state)),
            supervisor_policy=SupervisorPolicy(mode="static"), max_transitions=transition_budget,
        )
>       final = controller.run(state.run_id).state
                ^^^^^^^^^^^^^^^^^^^^^^^^^^^^

tests/test_role_trace_inputs.py:172: 
_ _ _ _ _ _ _ _ _ _ _ _ _ _ _ _ _ _ _ _ _ _ _ _ _ _ _ _ _ _ _ _ _ _ _ _ _ _ _ _ 
rwkv_lh/stateful_goal_loop.py:1863: in run
    audit = self._run_pending_audit_boundary(state, pending_audit)
            ^^^^^^^^^^^^^^^^^^^^^^^^^^^^^^^^^^^^^^^^^^^^^^^^^^^^^^
rwkv_lh/stateful_goal_loop.py:1035: in _run_pending_audit_boundary
    return self.model.audit_goal_boundary(
rwkv_lh/model.py:988: in audit_goal_boundary
    self._record_role_fact(state, event, persist)
rwkv_lh/model.py:1840: in _record_role_fact
    persist(state, "role_fact_recorded", {"model_event": event.to_dict(),
rwkv_lh/controller.py:5497: in _persist_callback
    self._persist(state, event_type, event)
rwkv_lh/controller.py:5675: in _persist
    draft = CausalEventDraft.create(
_ _ _ _ _ _ _ _ _ _ _ _ _ _ _ _ _ _ _ _ _ _ _ _ _ _ _ _ _ _ _ _ _ _ _ _ _ _ _ _ 

cls = <class 'rwkv_lh.schema.CausalEventDraft'>
event_type = 'role_fact_recorded'
payload = {'model_event': {'event_type': 'action_result', 'event_version': 'rwkv-lh.event.v2', 'event_id': 'EV-ACTION-A00001', '...: 'LANE:ACTION', ...}, 'event_id': 'EV-ACTION-A00001', 'event_type': 'action_result', 'executor_cache_required': False}
subject_id = 'ROLE-INPUT-CONTROLLER-FIXTURE', cause_id = 'CE-000013'

    @classmethod
    def create(
        cls,
        event_type: str,
        payload: Mapping[str, Any],
        *,
        subject_id: str,
        cause_id: str | None = None,
    ) -> "CausalEventDraft":
        name = str(event_type or "")
        payload_schema = CAUSAL_EVENT_PAYLOAD_SCHEMAS.get(name)
        if payload_schema is None:
>           raise ValueError(f"unregistered causal event type: {name}")
E           ValueError: unregistered causal event type: role_fact_recorded

rwkv_lh/schema.py:852: ValueError
=================================== FAILURES ===================================
______ test_selector_handoff_is_durable_before_native_executor_allocation ______

tmp_path = PosixPath('/home/chase/GitHub/RWKV-LH/data/test_runs/pytest/test_selector_handoff_is_durab0')
monkeypatch = <_pytest.monkeypatch.MonkeyPatch object at 0x7af70d902d50>

    def test_selector_handoff_is_durable_before_native_executor_allocation(tmp_path, monkeypatch):
        from test_model_session import FakeNativeStateClient, settings
        from test_stateful_goal_loop import _strong_patch
        from rwkv_lh.model_session import NativeRWKVModelSession
        from rwkv_lh.runtime.protocol import RWKVHTTPError
        client = FakeNativeStateClient([])
        native = NativeRWKVModelSession(client, settings=settings(state_transport="native_rwkv",
            state_profile_id="zero", state_profile_sha256="0" * 64, model_sha256="a" * 64))
        selector = _selector(["write_file"])
>       model = LongHorizonModel(native, tool_selector=selector)
                ^^^^^^^^^^^^^^^^^^^^^^^^^^^^^^^^^^^^^^^^^^^^^^^^

tests/test_role_chain_contracts.py:102: 
_ _ _ _ _ _ _ _ _ _ _ _ _ _ _ _ _ _ _ _ _ _ _ _ _ _ _ _ _ _ _ _ _ _ _ _ _ _ _ _ 

self = <rwkv_lh.model.LongHorizonModel object at 0x7af70da38710>
session = <rwkv_lh.model_session.NativeRWKVModelSession object at 0x7af70d911400>
harness = None
tool_selector = <rwkv_lh.exact_tool_selector.native_network_client.NativeNetworkSelectorClient object at 0x7af70da38830>
auditor_session = None, step_auditor_session = None, finalizer_session = None
final_auditor_session = None

    def __init__(
        self,
        session: ModelSession | None = None,
        *,
        harness: ActionHarness | None = None,
        tool_selector: NativeNetworkSelectorClient | None = None,
        auditor_session: ModelSession | None = None,
        step_auditor_session: ModelSession | None = None,
        finalizer_session: ModelSession | None = None,
        final_auditor_session: ModelSession | None = None,
    ) -> None:
        self.harness = harness or ActionHarness()
        self.session = session or create_model_session()
    
        def isolated_copy(source: ModelSession) -> ModelSession:
            role_settings = replace(
                source.settings,
                state_profile_id="",
                state_profile_sha256="",
            )
            if type(source) is ModelSession:
                return ModelSession(
                    source.client,
                    settings=role_settings,
                    audit_hook=source.audit_hook,
                )
            return create_model_session(
                settings=role_settings,
                audit_hook=source.audit_hook,
            )
    
        self.step_auditor_session = (
            step_auditor_session
            or auditor_session
            or isolated_copy(self.session)
        )
        self.finalizer_session = finalizer_session or isolated_copy(self.session)
        self.final_auditor_session = final_auditor_session or isolated_copy(
            self.step_auditor_session
        )
        # Compatibility for read-only callers. Goal mode uses the explicit
        # boundary roles and rejects shared instances during construction.
        self.auditor_session = self.step_auditor_session
        self.tool_selector = tool_selector
        operation_definitions = {
            str(item["name"]): dict(item)
            for item in self.harness.g1i_tool_definitions()
        }
        preferred_order = (
            "list_directory",
            "search_text",
            "read_file",
            "read_json",
            "file_digest",
            "write_file",
            "write_json",
            "patch_json",
            "replace_text",
            "remove_line",
            "append_file",
            "make_directory",
            "copy_file",
            "move_file",
            "delete_file",
            "bind_evidence",
            "check_command",
            "run_command",
        )
        if getattr(self.harness, "operation_order_authority", ""):
            ordered = list(operation_definitions.values())
        else:
            ordered = [
                operation_definitions.pop(name)
                for name in preferred_order
                if name in operation_definitions
            ]
            ordered.extend(operation_definitions.values())
        self._action_definitions = ordered
        self._definition_names = {str(item["name"]) for item in ordered}
        self._all_definitions = [*ordered, deepcopy(FINAL_ANSWER_DEFINITION)]
        self._definitions_by_name = {
            str(item["name"]): deepcopy(item) for item in self._all_definitions
        }
        self._menu_definitions = [
            {
                "name": str(item["name"]),
                "description": str(item["description"]),
            }
            for item in self._all_definitions
        ]
        self._progressive_tool_disclosure = (
            self.session.settings.tool_disclosure_mode == "progressive"
        )
        if self.tool_selector is not None:
            if not self._progressive_tool_disclosure:
>               raise ValueError(
                    "independent tool Selector requires progressive disclosure"
                )
E               ValueError: independent tool Selector requires progressive disclosure

rwkv_lh/model.py:283: ValueError
_ test_accepted_audit_is_committed_without_regeneration_after_process_loss[auditor_step] _

tmp_path = PosixPath('/home/chase/GitHub/RWKV-LH/data/test_runs/pytest/test_accepted_audit_is_committ0')
monkeypatch = <_pytest.monkeypatch.MonkeyPatch object at 0x7af70da9aeb0>
accepted_role = 'auditor_step'

    @pytest.mark.parametrize("accepted_role", ["auditor_step", "auditor_final"])
    def test_accepted_audit_is_committed_without_regeneration_after_process_loss(
        tmp_path: Path, monkeypatch: pytest.MonkeyPatch, accepted_role: str,
    ) -> None:
        class ProcessLoss(BaseException):
            pass
    
        store = LongHorizonStore(tmp_path / "state")
        state = store.create_run(_goal(tmp_path), "AUDIT-COMMIT-RECOVERY")
        queue = _QueueClient([
            ModelCommand("write_file", {"path": "result.txt", "content": "verified"}).canonical,
            json.dumps(_audit_call("continue", step_id="S1", step_complete=True,
                evidence_refs=["A00001"], gaps=[], reason="written")),
            ModelCommand("final_answer", {"text": "Created result.txt."}).canonical,
            json.dumps(_audit_call("ready_for_final", step_id="", step_complete=False,
                evidence_refs=["A00001"], gaps=[], reason="complete")),
        ])
        model = LongHorizonModel(ModelSession(queue, settings=_settings(progressive=True)),
            tool_selector=_selector(["write_file"]))
        controller = StatefulGoalLoopController(store, model=model, harness=model.harness,
            supervisor=_StrongPlanner(_strong_patch(state)),
            supervisor_policy=SupervisorPolicy(mode="static"), max_transitions=20)
        monkeypatch.setattr(StatefulGoalLoopController, "_validate_contract_patch_semantics",
            staticmethod(lambda *a, **kw: None))
        original_save = store.save
        interrupted = False
    
        def lose_process_after_durable_accept(*args, **kwargs):
            nonlocal interrupted
            saved = original_save(*args, **kwargs)
            event = saved.causal_records[saved.causal_order[-1]]
            if event.event_type == "goal_audit_accepted":
                role = "auditor_step" if event.payload["audit"]["step_id"] else "auditor_final"
                if role == accepted_role and not interrupted:
                    interrupted = True
                    raise ProcessLoss()
            return saved
    
        monkeypatch.setattr(store, "save", lose_process_after_durable_accept)
        with pytest.raises(ProcessLoss):
>           controller.run(state.run_id)

tests/test_stateful_goal_loop.py:137: 
_ _ _ _ _ _ _ _ _ _ _ _ _ _ _ _ _ _ _ _ _ _ _ _ _ _ _ _ _ _ _ _ _ _ _ _ _ _ _ _ 
rwkv_lh/stateful_goal_loop.py:1863: in run
    audit = self._run_pending_audit_boundary(state, pending_audit)
            ^^^^^^^^^^^^^^^^^^^^^^^^^^^^^^^^^^^^^^^^^^^^^^^^^^^^^^
rwkv_lh/stateful_goal_loop.py:1035: in _run_pending_audit_boundary
    return self.model.audit_goal_boundary(
rwkv_lh/model.py:988: in audit_goal_boundary
    self._record_role_fact(state, event, persist)
rwkv_lh/model.py:1840: in _record_role_fact
    persist(state, "role_fact_recorded", {"model_event": event.to_dict(),
rwkv_lh/controller.py:5497: in _persist_callback
    self._persist(state, event_type, event)
rwkv_lh/controller.py:5675: in _persist
    draft = CausalEventDraft.create(
_ _ _ _ _ _ _ _ _ _ _ _ _ _ _ _ _ _ _ _ _ _ _ _ _ _ _ _ _ _ _ _ _ _ _ _ _ _ _ _ 

cls = <class 'rwkv_lh.schema.CausalEventDraft'>
event_type = 'role_fact_recorded'
payload = {'model_event': {'event_type': 'action_result', 'event_version': 'rwkv-lh.event.v2', 'event_id': 'EV-ACTION-A00001', '...: 'LANE:ACTION', ...}, 'event_id': 'EV-ACTION-A00001', 'event_type': 'action_result', 'executor_cache_required': False}
subject_id = 'AUDIT-COMMIT-RECOVERY', cause_id = 'CE-000013'

    @classmethod
    def create(
        cls,
        event_type: str,
        payload: Mapping[str, Any],
        *,
        subject_id: str,
        cause_id: str | None = None,
    ) -> "CausalEventDraft":
        name = str(event_type or "")
        payload_schema = CAUSAL_EVENT_PAYLOAD_SCHEMAS.get(name)
        if payload_schema is None:
>           raise ValueError(f"unregistered causal event type: {name}")
E           ValueError: unregistered causal event type: role_fact_recorded

rwkv_lh/schema.py:852: ValueError
_ test_accepted_audit_is_committed_without_regeneration_after_process_loss[auditor_final] _

tmp_path = PosixPath('/home/chase/GitHub/RWKV-LH/data/test_runs/pytest/test_accepted_audit_is_committ1')
monkeypatch = <_pytest.monkeypatch.MonkeyPatch object at 0x7af70963c9f0>
accepted_role = 'auditor_final'

    @pytest.mark.parametrize("accepted_role", ["auditor_step", "auditor_final"])
    def test_accepted_audit_is_committed_without_regeneration_after_process_loss(
        tmp_path: Path, monkeypatch: pytest.MonkeyPatch, accepted_role: str,
    ) -> None:
        class ProcessLoss(BaseException):
            pass
    
        store = LongHorizonStore(tmp_path / "state")
        state = store.create_run(_goal(tmp_path), "AUDIT-COMMIT-RECOVERY")
        queue = _QueueClient([
            ModelCommand("write_file", {"path": "result.txt", "content": "verified"}).canonical,
            json.dumps(_audit_call("continue", step_id="S1", step_complete=True,
                evidence_refs=["A00001"], gaps=[], reason="written")),
            ModelCommand("final_answer", {"text": "Created result.txt."}).canonical,
            json.dumps(_audit_call("ready_for_final", step_id="", step_complete=False,
                evidence_refs=["A00001"], gaps=[], reason="complete")),
        ])
        model = LongHorizonModel(ModelSession(queue, settings=_settings(progressive=True)),
            tool_selector=_selector(["write_file"]))
        controller = StatefulGoalLoopController(store, model=model, harness=model.harness,
            supervisor=_StrongPlanner(_strong_patch(state)),
            supervisor_policy=SupervisorPolicy(mode="static"), max_transitions=20)
        monkeypatch.setattr(StatefulGoalLoopController, "_validate_contract_patch_semantics",
            staticmethod(lambda *a, **kw: None))
        original_save = store.save
        interrupted = False
    
        def lose_process_after_durable_accept(*args, **kwargs):
            nonlocal interrupted
            saved = original_save(*args, **kwargs)
            event = saved.causal_records[saved.causal_order[-1]]
            if event.event_type == "goal_audit_accepted":
                role = "auditor_step" if event.payload["audit"]["step_id"] else "auditor_final"
                if role == accepted_role and not interrupted:
                    interrupted = True
                    raise ProcessLoss()
            return saved
    
        monkeypatch.setattr(store, "save", lose_process_after_durable_accept)
        with pytest.raises(ProcessLoss):
>           controller.run(state.run_id)

tests/test_stateful_goal_loop.py:137: 
_ _ _ _ _ _ _ _ _ _ _ _ _ _ _ _ _ _ _ _ _ _ _ _ _ _ _ _ _ _ _ _ _ _ _ _ _ _ _ _ 
rwkv_lh/stateful_goal_loop.py:1863: in run
    audit = self._run_pending_audit_boundary(state, pending_audit)
            ^^^^^^^^^^^^^^^^^^^^^^^^^^^^^^^^^^^^^^^^^^^^^^^^^^^^^^
rwkv_lh/stateful_goal_loop.py:1035: in _run_pending_audit_boundary
    return self.model.audit_goal_boundary(
rwkv_lh/model.py:988: in audit_goal_boundary
    self._record_role_fact(state, event, persist)
rwkv_lh/model.py:1840: in _record_role_fact
    persist(state, "role_fact_recorded", {"model_event": event.to_dict(),
rwkv_lh/controller.py:5497: in _persist_callback
    self._persist(state, event_type, event)
rwkv_lh/controller.py:5675: in _persist
    draft = CausalEventDraft.create(
_ _ _ _ _ _ _ _ _ _ _ _ _ _ _ _ _ _ _ _ _ _ _ _ _ _ _ _ _ _ _ _ _ _ _ _ _ _ _ _ 

cls = <class 'rwkv_lh.schema.CausalEventDraft'>
event_type = 'role_fact_recorded'
payload = {'model_event': {'event_type': 'action_result', 'event_version': 'rwkv-lh.event.v2', 'event_id': 'EV-ACTION-A00001', '...: 'LANE:ACTION', ...}, 'event_id': 'EV-ACTION-A00001', 'event_type': 'action_result', 'executor_cache_required': False}
subject_id = 'AUDIT-COMMIT-RECOVERY', cause_id = 'CE-000013'

    @classmethod
    def create(
        cls,
        event_type: str,
        payload: Mapping[str, Any],
        *,
        subject_id: str,
        cause_id: str | None = None,
    ) -> "CausalEventDraft":
        name = str(event_type or "")
        payload_schema = CAUSAL_EVENT_PAYLOAD_SCHEMAS.get(name)
        if payload_schema is None:
>           raise ValueError(f"unregistered causal event type: {name}")
E           ValueError: unregistered causal event type: role_fact_recorded

rwkv_lh/schema.py:852: ValueError
_____ test_final_evidence_gap_reopens_execution_with_bound_feedback[False] _____

tmp_path = PosixPath('/home/chase/GitHub/RWKV-LH/data/test_runs/pytest/test_final_evidence_gap_reopen0')
monkeypatch = <_pytest.monkeypatch.MonkeyPatch object at 0x7af709c7ce50>
resume_after_repair = False

    @pytest.mark.parametrize("resume_after_repair", [False, True])
    def test_final_evidence_gap_reopens_execution_with_bound_feedback(
        tmp_path: Path, monkeypatch: pytest.MonkeyPatch, resume_after_repair: bool,
    ) -> None:
        store = LongHorizonStore(tmp_path / "state")
        state = store.create_run(_goal(tmp_path), "FINAL-EVIDENCE-REPAIR")
        gap = next(item["code"] for item in auditor_final.build_gap_catalog(state.goal.request, (), ())
            if item["code"].startswith("goal_requirement_unproved:"))
        queue = _QueueClient([
            ModelCommand("write_file", {"path": "result.txt", "content": "verified"}).canonical,
            json.dumps(_audit_call("continue", step_id="S1", step_complete=True, evidence_refs=["A00001"], gaps=[], reason="written")),
            ModelCommand("final_answer", {"text": "Initial candidate."}).canonical,
            json.dumps(_audit_call("repair", step_id="", step_complete=False, evidence_refs=["A00001"], gaps=[gap], reason="needs readback")),
            ModelCommand("read_file", {"path": "result.txt"}).canonical,
            json.dumps(_audit_call("continue", step_id="S2", step_complete=True, evidence_refs=["A00002"], gaps=[], reason="observed")),
            ModelCommand("final_answer", {"text": "Written and read back."}).canonical,
            json.dumps(_audit_call("ready_for_final", step_id="", step_complete=False, evidence_refs=["A00001", "A00002"], gaps=[], reason="all proved")),
        ])
        model = LongHorizonModel(ModelSession(queue, settings=_settings(progressive=True)), tool_selector=_selector(["write_file", "read_file"]))
        repair = GoalPlanPatch(patch_id="GPP-final-evidence", base_revision=1,
            add_steps=(GoalPlanStep(step_id="S2", objective="Read back the committed result", phase="observe", stage=2,
                depends_on=("S1",), read_roots=("result.txt",), success_evidence=("result bytes read back",)),),
            replace_steps=(), discard_step_ids=(), reason="Close the final evidence gap")
        planner = _StrongPlanner((_strong_patch(state), repair))
        monkeypatch.setattr(StatefulGoalLoopController, "_validate_contract_patch_semantics", staticmethod(lambda *a, **kw: None))
        controller = StatefulGoalLoopController(store, model=model, harness=model.harness,
            supervisor=planner, supervisor_policy=SupervisorPolicy(mode="static"), max_transitions=5 if resume_after_repair else 20)
>       result = controller.run(state.run_id)
                 ^^^^^^^^^^^^^^^^^^^^^^^^^^^^

tests/test_stateful_goal_loop.py:210: 
_ _ _ _ _ _ _ _ _ _ _ _ _ _ _ _ _ _ _ _ _ _ _ _ _ _ _ _ _ _ _ _ _ _ _ _ _ _ _ _ 
rwkv_lh/stateful_goal_loop.py:1863: in run
    audit = self._run_pending_audit_boundary(state, pending_audit)
            ^^^^^^^^^^^^^^^^^^^^^^^^^^^^^^^^^^^^^^^^^^^^^^^^^^^^^^
rwkv_lh/stateful_goal_loop.py:1035: in _run_pending_audit_boundary
    return self.model.audit_goal_boundary(
rwkv_lh/model.py:988: in audit_goal_boundary
    self._record_role_fact(state, event, persist)
rwkv_lh/model.py:1840: in _record_role_fact
    persist(state, "role_fact_recorded", {"model_event": event.to_dict(),
rwkv_lh/controller.py:5497: in _persist_callback
    self._persist(state, event_type, event)
rwkv_lh/controller.py:5675: in _persist
    draft = CausalEventDraft.create(
_ _ _ _ _ _ _ _ _ _ _ _ _ _ _ _ _ _ _ _ _ _ _ _ _ _ _ _ _ _ _ _ _ _ _ _ _ _ _ _ 

cls = <class 'rwkv_lh.schema.CausalEventDraft'>
event_type = 'role_fact_recorded'
payload = {'model_event': {'event_type': 'action_result', 'event_version': 'rwkv-lh.event.v2', 'event_id': 'EV-ACTION-A00001', '...: 'LANE:ACTION', ...}, 'event_id': 'EV-ACTION-A00001', 'event_type': 'action_result', 'executor_cache_required': False}
subject_id = 'FINAL-EVIDENCE-REPAIR', cause_id = 'CE-000013'

    @classmethod
    def create(
        cls,
        event_type: str,
        payload: Mapping[str, Any],
        *,
        subject_id: str,
        cause_id: str | None = None,
    ) -> "CausalEventDraft":
        name = str(event_type or "")
        payload_schema = CAUSAL_EVENT_PAYLOAD_SCHEMAS.get(name)
        if payload_schema is None:
>           raise ValueError(f"unregistered causal event type: {name}")
E           ValueError: unregistered causal event type: role_fact_recorded

rwkv_lh/schema.py:852: ValueError
_____ test_final_evidence_gap_reopens_execution_with_bound_feedback[True] ______

tmp_path = PosixPath('/home/chase/GitHub/RWKV-LH/data/test_runs/pytest/test_final_evidence_gap_reopen1')
monkeypatch = <_pytest.monkeypatch.MonkeyPatch object at 0x7af709c7f1c0>
resume_after_repair = True

    @pytest.mark.parametrize("resume_after_repair", [False, True])
    def test_final_evidence_gap_reopens_execution_with_bound_feedback(
        tmp_path: Path, monkeypatch: pytest.MonkeyPatch, resume_after_repair: bool,
    ) -> None:
        store = LongHorizonStore(tmp_path / "state")
        state = store.create_run(_goal(tmp_path), "FINAL-EVIDENCE-REPAIR")
        gap = next(item["code"] for item in auditor_final.build_gap_catalog(state.goal.request, (), ())
            if item["code"].startswith("goal_requirement_unproved:"))
        queue = _QueueClient([
            ModelCommand("write_file", {"path": "result.txt", "content": "verified"}).canonical,
            json.dumps(_audit_call("continue", step_id="S1", step_complete=True, evidence_refs=["A00001"], gaps=[], reason="written")),
            ModelCommand("final_answer", {"text": "Initial candidate."}).canonical,
            json.dumps(_audit_call("repair", step_id="", step_complete=False, evidence_refs=["A00001"], gaps=[gap], reason="needs readback")),
            ModelCommand("read_file", {"path": "result.txt"}).canonical,
            json.dumps(_audit_call("continue", step_id="S2", step_complete=True, evidence_refs=["A00002"], gaps=[], reason="observed")),
            ModelCommand("final_answer", {"text": "Written and read back."}).canonical,
            json.dumps(_audit_call("ready_for_final", step_id="", step_complete=False, evidence_refs=["A00001", "A00002"], gaps=[], reason="all proved")),
        ])
        model = LongHorizonModel(ModelSession(queue, settings=_settings(progressive=True)), tool_selector=_selector(["write_file", "read_file"]))
        repair = GoalPlanPatch(patch_id="GPP-final-evidence", base_revision=1,
            add_steps=(GoalPlanStep(step_id="S2", objective="Read back the committed result", phase="observe", stage=2,
                depends_on=("S1",), read_roots=("result.txt",), success_evidence=("result bytes read back",)),),
            replace_steps=(), discard_step_ids=(), reason="Close the final evidence gap")
        planner = _StrongPlanner((_strong_patch(state), repair))
        monkeypatch.setattr(StatefulGoalLoopController, "_validate_contract_patch_semantics", staticmethod(lambda *a, **kw: None))
        controller = StatefulGoalLoopController(store, model=model, harness=model.harness,
            supervisor=planner, supervisor_policy=SupervisorPolicy(mode="static"), max_transitions=5 if resume_after_repair else 20)
>       result = controller.run(state.run_id)
                 ^^^^^^^^^^^^^^^^^^^^^^^^^^^^

tests/test_stateful_goal_loop.py:210: 
_ _ _ _ _ _ _ _ _ _ _ _ _ _ _ _ _ _ _ _ _ _ _ _ _ _ _ _ _ _ _ _ _ _ _ _ _ _ _ _ 
rwkv_lh/stateful_goal_loop.py:1863: in run
    audit = self._run_pending_audit_boundary(state, pending_audit)
            ^^^^^^^^^^^^^^^^^^^^^^^^^^^^^^^^^^^^^^^^^^^^^^^^^^^^^^
rwkv_lh/stateful_goal_loop.py:1035: in _run_pending_audit_boundary
    return self.model.audit_goal_boundary(
rwkv_lh/model.py:988: in audit_goal_boundary
    self._record_role_fact(state, event, persist)
rwkv_lh/model.py:1840: in _record_role_fact
    persist(state, "role_fact_recorded", {"model_event": event.to_dict(),
rwkv_lh/controller.py:5497: in _persist_callback
    self._persist(state, event_type, event)
rwkv_lh/controller.py:5675: in _persist
    draft = CausalEventDraft.create(
_ _ _ _ _ _ _ _ _ _ _ _ _ _ _ _ _ _ _ _ _ _ _ _ _ _ _ _ _ _ _ _ _ _ _ _ _ _ _ _ 

cls = <class 'rwkv_lh.schema.CausalEventDraft'>
event_type = 'role_fact_recorded'
payload = {'model_event': {'event_type': 'action_result', 'event_version': 'rwkv-lh.event.v2', 'event_id': 'EV-ACTION-A00001', '...: 'LANE:ACTION', ...}, 'event_id': 'EV-ACTION-A00001', 'event_type': 'action_result', 'executor_cache_required': False}
subject_id = 'FINAL-EVIDENCE-REPAIR', cause_id = 'CE-000013'

    @classmethod
    def create(
        cls,
        event_type: str,
        payload: Mapping[str, Any],
        *,
        subject_id: str,
        cause_id: str | None = None,
    ) -> "CausalEventDraft":
        name = str(event_type or "")
        payload_schema = CAUSAL_EVENT_PAYLOAD_SCHEMAS.get(name)
        if payload_schema is None:
>           raise ValueError(f"unregistered causal event type: {name}")
E           ValueError: unregistered causal event type: role_fact_recorded

rwkv_lh/schema.py:852: ValueError
_ test_target_contract_excludes_mechanically_completed_roots[mutate-missing_reads2-missing_writes2-mutate] _

tmp_path = PosixPath('/home/chase/GitHub/RWKV-LH/data/test_runs/pytest/test_target_contract_excludes_2')
declared_phase = 'mutate', missing_reads = ()
missing_writes = ('verify_project.py',), expected_phase = 'mutate'

    @pytest.mark.parametrize(
        ("declared_phase", "missing_reads", "missing_writes", "expected_phase"),
        (
            ("observe", ("verify_project.py",), (), "observe"),
            ("mutate", ("verify_project.py",), ("pricing.py",), "observe"),
            ("mutate", (), ("verify_project.py",), "mutate"),
        ),
    )
    def test_target_contract_excludes_mechanically_completed_roots(
        tmp_path: Path,
        declared_phase: str,
        missing_reads: tuple[str, ...],
        missing_writes: tuple[str, ...],
        expected_phase: str,
    ) -> None:
        store = LongHorizonStore(tmp_path / "state")
        state = store.create_run(_goal(tmp_path), "REMAINING-TARGET-CONTRACT")
        workspace = Path(state.goal.workspace_root)
        (workspace / "pricing.py").write_text("PRICE = 1\n", encoding="utf-8")
        (workspace / "verify_project.py").write_text(
            "print('ok')\n", encoding="utf-8"
        )
        model = LongHorizonModel(
            ModelSession(_QueueClient([]), settings=_settings(progressive=True)),
            tool_selector=_selector([]),
        )
        controller = StatefulGoalLoopController(
            store,
            model=model,
            harness=model.harness,
            supervisor=_StrongPlanner(),
            supervisor_policy=SupervisorPolicy(mode="static"),
            max_transitions=1,
        )
        step = GoalPlanStep(
            step_id="MULTI",
            objective="Inspect and update the relevant implementation files",
            phase=declared_phase,
            success_evidence=("both roots have the required evidence",),
            read_roots=("pricing.py", "verify_project.py"),
            write_roots=(
                ("pricing.py", "verify_project.py")
                if declared_phase == "mutate"
                else ()
            ),
        )
    
        _operations, contract = controller._goal_step_operation_contract(
            state,
            step,
            mechanical_evidence={
                "missing_read_roots": list(missing_reads),
                "missing_write_roots": list(missing_writes),
            },
        )
    
        assert contract["phase"] == expected_phase
        assert contract["roots"] == ["verify_project.py"]
>       assert {item["path"] for item in contract["target_descriptors"]} == {
            "verify_project.py"
        }
E       AssertionError: assert {'.', 'pricin...y_project.py'} == {'verify_project.py'}
E         
E         Extra items in the left set:
E         'pricing.py'
E         '.'
E         Use -v to get more diff

tests/test_stateful_goal_loop.py:1249: AssertionError
_ test_operation_target_mismatch_is_repaired_before_harness[read_json-.-config.json] _

tmp_path = PosixPath('/home/chase/GitHub/RWKV-LH/data/test_runs/pytest/test_operation_target_mismatch0')
monkeypatch = <_pytest.monkeypatch.MonkeyPatch object at 0x7af709c7f7e0>
operation = 'read_json', invalid_path = '.', valid_path = 'config.json'

    @pytest.mark.parametrize(
        ("operation", "invalid_path", "valid_path"),
        (
            ("read_json", ".", "config.json"),
            ("read_file", ".", "tool.py"),
            ("list_directory", "tool.py", "."),
        ),
    )
    def test_operation_target_mismatch_is_repaired_before_harness(
        tmp_path: Path,
        monkeypatch: pytest.MonkeyPatch,
        operation: str,
        invalid_path: str,
        valid_path: str,
    ) -> None:
        store = LongHorizonStore(tmp_path / "state")
        state = store.create_run(_goal(tmp_path), f"TARGET-PREFLIGHT-{operation}")
        workspace = Path(state.goal.workspace_root)
        (workspace / "tool.py").write_text("print('ok')\n", encoding="utf-8")
        (workspace / "config.json").write_text('{"ok": true}\n', encoding="utf-8")
        queue = _QueueClient(
            [
                json.dumps({"function": operation, "params": {"path": invalid_path}}),
                json.dumps({"function": operation, "params": {"path": valid_path}}),
                json.dumps(
                    _audit_call(
                        "continue",
                        step_id="S1",
                        step_complete=True,
                        evidence_refs=["A00001"],
                        gaps=[],
                        reason="the compatible observation succeeded",
                    )
                ),
                json.dumps(
                    {"function": "final_answer", "params": {"text": "Observed."}}
                ),
                json.dumps(
                    _audit_call(
                        "ready_for_final",
                        step_id="",
                        step_complete=False,
                        evidence_refs=["A00001"],
                        gaps=[],
                        reason="the completed plan has accepted evidence",
                    )
                ),
            ]
        )
        session = ModelSession(queue, settings=_settings(progressive=True))
        model = LongHorizonModel(session, tool_selector=_selector([operation]))
        monkeypatch.setattr(
            StatefulGoalLoopController,
            "_validate_contract_patch_semantics",
            staticmethod(lambda *args, **kwargs: None),
        )
    
        result = StatefulGoalLoopController(
            store,
            model=model,
            harness=model.harness,
            supervisor=_StrongPlanner(_strong_observe_patch(state, ".")),
            supervisor_policy=SupervisorPolicy(mode="static"),
            max_transitions=16,
>       ).run(state.run_id)
          ^^^^^^^^^^^^^^^^^

tests/test_stateful_goal_loop.py:1330: 
_ _ _ _ _ _ _ _ _ _ _ _ _ _ _ _ _ _ _ _ _ _ _ _ _ _ _ _ _ _ _ _ _ _ _ _ _ _ _ _ 
rwkv_lh/stateful_goal_loop.py:1863: in run
    audit = self._run_pending_audit_boundary(state, pending_audit)
            ^^^^^^^^^^^^^^^^^^^^^^^^^^^^^^^^^^^^^^^^^^^^^^^^^^^^^^
rwkv_lh/stateful_goal_loop.py:1035: in _run_pending_audit_boundary
    return self.model.audit_goal_boundary(
rwkv_lh/model.py:988: in audit_goal_boundary
    self._record_role_fact(state, event, persist)
rwkv_lh/model.py:1840: in _record_role_fact
    persist(state, "role_fact_recorded", {"model_event": event.to_dict(),
rwkv_lh/controller.py:5497: in _persist_callback
    self._persist(state, event_type, event)
rwkv_lh/controller.py:5675: in _persist
    draft = CausalEventDraft.create(
_ _ _ _ _ _ _ _ _ _ _ _ _ _ _ _ _ _ _ _ _ _ _ _ _ _ _ _ _ _ _ _ _ _ _ _ _ _ _ _ 

cls = <class 'rwkv_lh.schema.CausalEventDraft'>
event_type = 'role_fact_recorded'
payload = {'model_event': {'event_type': 'action_result', 'event_version': 'rwkv-lh.event.v2', 'event_id': 'EV-ACTION-A00001', '...: 'LANE:ACTION', ...}, 'event_id': 'EV-ACTION-A00001', 'event_type': 'action_result', 'executor_cache_required': False}
subject_id = 'TARGET-PREFLIGHT-read_json', cause_id = 'CE-000018'

    @classmethod
    def create(
        cls,
        event_type: str,
        payload: Mapping[str, Any],
        *,
        subject_id: str,
        cause_id: str | None = None,
    ) -> "CausalEventDraft":
        name = str(event_type or "")
        payload_schema = CAUSAL_EVENT_PAYLOAD_SCHEMAS.get(name)
        if payload_schema is None:
>           raise ValueError(f"unregistered causal event type: {name}")
E           ValueError: unregistered causal event type: role_fact_recorded

rwkv_lh/schema.py:852: ValueError
_ test_operation_target_mismatch_is_repaired_before_harness[read_file-.-tool.py] _

tmp_path = PosixPath('/home/chase/GitHub/RWKV-LH/data/test_runs/pytest/test_operation_target_mismatch1')
monkeypatch = <_pytest.monkeypatch.MonkeyPatch object at 0x7af70968def0>
operation = 'read_file', invalid_path = '.', valid_path = 'tool.py'

    @pytest.mark.parametrize(
        ("operation", "invalid_path", "valid_path"),
        (
            ("read_json", ".", "config.json"),
            ("read_file", ".", "tool.py"),
            ("list_directory", "tool.py", "."),
        ),
    )
    def test_operation_target_mismatch_is_repaired_before_harness(
        tmp_path: Path,
        monkeypatch: pytest.MonkeyPatch,
        operation: str,
        invalid_path: str,
        valid_path: str,
    ) -> None:
        store = LongHorizonStore(tmp_path / "state")
        state = store.create_run(_goal(tmp_path), f"TARGET-PREFLIGHT-{operation}")
        workspace = Path(state.goal.workspace_root)
        (workspace / "tool.py").write_text("print('ok')\n", encoding="utf-8")
        (workspace / "config.json").write_text('{"ok": true}\n', encoding="utf-8")
        queue = _QueueClient(
            [
                json.dumps({"function": operation, "params": {"path": invalid_path}}),
                json.dumps({"function": operation, "params": {"path": valid_path}}),
                json.dumps(
                    _audit_call(
                        "continue",
                        step_id="S1",
                        step_complete=True,
                        evidence_refs=["A00001"],
                        gaps=[],
                        reason="the compatible observation succeeded",
                    )
                ),
                json.dumps(
                    {"function": "final_answer", "params": {"text": "Observed."}}
                ),
                json.dumps(
                    _audit_call(
                        "ready_for_final",
                        step_id="",
                        step_complete=False,
                        evidence_refs=["A00001"],
                        gaps=[],
                        reason="the completed plan has accepted evidence",
                    )
                ),
            ]
        )
        session = ModelSession(queue, settings=_settings(progressive=True))
        model = LongHorizonModel(session, tool_selector=_selector([operation]))
        monkeypatch.setattr(
            StatefulGoalLoopController,
            "_validate_contract_patch_semantics",
            staticmethod(lambda *args, **kwargs: None),
        )
    
        result = StatefulGoalLoopController(
            store,
            model=model,
            harness=model.harness,
            supervisor=_StrongPlanner(_strong_observe_patch(state, ".")),
            supervisor_policy=SupervisorPolicy(mode="static"),
            max_transitions=16,
>       ).run(state.run_id)
          ^^^^^^^^^^^^^^^^^

tests/test_stateful_goal_loop.py:1330: 
_ _ _ _ _ _ _ _ _ _ _ _ _ _ _ _ _ _ _ _ _ _ _ _ _ _ _ _ _ _ _ _ _ _ _ _ _ _ _ _ 
rwkv_lh/stateful_goal_loop.py:1863: in run
    audit = self._run_pending_audit_boundary(state, pending_audit)
            ^^^^^^^^^^^^^^^^^^^^^^^^^^^^^^^^^^^^^^^^^^^^^^^^^^^^^^
rwkv_lh/stateful_goal_loop.py:1035: in _run_pending_audit_boundary
    return self.model.audit_goal_boundary(
rwkv_lh/model.py:988: in audit_goal_boundary
    self._record_role_fact(state, event, persist)
rwkv_lh/model.py:1840: in _record_role_fact
    persist(state, "role_fact_recorded", {"model_event": event.to_dict(),
rwkv_lh/controller.py:5497: in _persist_callback
    self._persist(state, event_type, event)
rwkv_lh/controller.py:5675: in _persist
    draft = CausalEventDraft.create(
_ _ _ _ _ _ _ _ _ _ _ _ _ _ _ _ _ _ _ _ _ _ _ _ _ _ _ _ _ _ _ _ _ _ _ _ _ _ _ _ 

cls = <class 'rwkv_lh.schema.CausalEventDraft'>
event_type = 'role_fact_recorded'
payload = {'model_event': {'event_type': 'action_result', 'event_version': 'rwkv-lh.event.v2', 'event_id': 'EV-ACTION-A00001', '...: 'LANE:ACTION', ...}, 'event_id': 'EV-ACTION-A00001', 'event_type': 'action_result', 'executor_cache_required': False}
subject_id = 'TARGET-PREFLIGHT-read_file', cause_id = 'CE-000018'

    @classmethod
    def create(
        cls,
        event_type: str,
        payload: Mapping[str, Any],
        *,
        subject_id: str,
        cause_id: str | None = None,
    ) -> "CausalEventDraft":
        name = str(event_type or "")
        payload_schema = CAUSAL_EVENT_PAYLOAD_SCHEMAS.get(name)
        if payload_schema is None:
>           raise ValueError(f"unregistered causal event type: {name}")
E           ValueError: unregistered causal event type: role_fact_recorded

rwkv_lh/schema.py:852: ValueError
_ test_operation_target_mismatch_is_repaired_before_harness[list_directory-tool.py-.] _

tmp_path = PosixPath('/home/chase/GitHub/RWKV-LH/data/test_runs/pytest/test_operation_target_mismatch2')
monkeypatch = <_pytest.monkeypatch.MonkeyPatch object at 0x7af70963d390>
operation = 'list_directory', invalid_path = 'tool.py', valid_path = '.'

    @pytest.mark.parametrize(
        ("operation", "invalid_path", "valid_path"),
        (
            ("read_json", ".", "config.json"),
            ("read_file", ".", "tool.py"),
            ("list_directory", "tool.py", "."),
        ),
    )
    def test_operation_target_mismatch_is_repaired_before_harness(
        tmp_path: Path,
        monkeypatch: pytest.MonkeyPatch,
        operation: str,
        invalid_path: str,
        valid_path: str,
    ) -> None:
        store = LongHorizonStore(tmp_path / "state")
        state = store.create_run(_goal(tmp_path), f"TARGET-PREFLIGHT-{operation}")
        workspace = Path(state.goal.workspace_root)
        (workspace / "tool.py").write_text("print('ok')\n", encoding="utf-8")
        (workspace / "config.json").write_text('{"ok": true}\n', encoding="utf-8")
        queue = _QueueClient(
            [
                json.dumps({"function": operation, "params": {"path": invalid_path}}),
                json.dumps({"function": operation, "params": {"path": valid_path}}),
                json.dumps(
                    _audit_call(
                        "continue",
                        step_id="S1",
                        step_complete=True,
                        evidence_refs=["A00001"],
                        gaps=[],
                        reason="the compatible observation succeeded",
                    )
                ),
                json.dumps(
                    {"function": "final_answer", "params": {"text": "Observed."}}
                ),
                json.dumps(
                    _audit_call(
                        "ready_for_final",
                        step_id="",
                        step_complete=False,
                        evidence_refs=["A00001"],
                        gaps=[],
                        reason="the completed plan has accepted evidence",
                    )
                ),
            ]
        )
        session = ModelSession(queue, settings=_settings(progressive=True))
        model = LongHorizonModel(session, tool_selector=_selector([operation]))
        monkeypatch.setattr(
            StatefulGoalLoopController,
            "_validate_contract_patch_semantics",
            staticmethod(lambda *args, **kwargs: None),
        )
    
        result = StatefulGoalLoopController(
            store,
            model=model,
            harness=model.harness,
            supervisor=_StrongPlanner(_strong_observe_patch(state, ".")),
            supervisor_policy=SupervisorPolicy(mode="static"),
            max_transitions=16,
>       ).run(state.run_id)
          ^^^^^^^^^^^^^^^^^

tests/test_stateful_goal_loop.py:1330: 
_ _ _ _ _ _ _ _ _ _ _ _ _ _ _ _ _ _ _ _ _ _ _ _ _ _ _ _ _ _ _ _ _ _ _ _ _ _ _ _ 
rwkv_lh/stateful_goal_loop.py:1863: in run
    audit = self._run_pending_audit_boundary(state, pending_audit)
            ^^^^^^^^^^^^^^^^^^^^^^^^^^^^^^^^^^^^^^^^^^^^^^^^^^^^^^
rwkv_lh/stateful_goal_loop.py:1035: in _run_pending_audit_boundary
    return self.model.audit_goal_boundary(
rwkv_lh/model.py:988: in audit_goal_boundary
    self._record_role_fact(state, event, persist)
rwkv_lh/model.py:1840: in _record_role_fact
    persist(state, "role_fact_recorded", {"model_event": event.to_dict(),
rwkv_lh/controller.py:5497: in _persist_callback
    self._persist(state, event_type, event)
rwkv_lh/controller.py:5675: in _persist
    draft = CausalEventDraft.create(
_ _ _ _ _ _ _ _ _ _ _ _ _ _ _ _ _ _ _ _ _ _ _ _ _ _ _ _ _ _ _ _ _ _ _ _ _ _ _ _ 

cls = <class 'rwkv_lh.schema.CausalEventDraft'>
event_type = 'role_fact_recorded'
payload = {'model_event': {'event_type': 'action_result', 'event_version': 'rwkv-lh.event.v2', 'event_id': 'EV-ACTION-A00001', '...: 'LANE:ACTION', ...}, 'event_id': 'EV-ACTION-A00001', 'event_type': 'action_result', 'executor_cache_required': False}
subject_id = 'TARGET-PREFLIGHT-list_directory', cause_id = 'CE-000018'

    @classmethod
    def create(
        cls,
        event_type: str,
        payload: Mapping[str, Any],
        *,
        subject_id: str,
        cause_id: str | None = None,
    ) -> "CausalEventDraft":
        name = str(event_type or "")
        payload_schema = CAUSAL_EVENT_PAYLOAD_SCHEMAS.get(name)
        if payload_schema is None:
>           raise ValueError(f"unregistered causal event type: {name}")
E           ValueError: unregistered causal event type: role_fact_recorded

rwkv_lh/schema.py:852: ValueError
______ test_stateful_mutating_command_completes_from_observed_path_delta _______

tmp_path = PosixPath('/home/chase/GitHub/RWKV-LH/data/test_runs/pytest/test_stateful_mutating_command0')
monkeypatch = <_pytest.monkeypatch.MonkeyPatch object at 0x7af70da9b9a0>

    def test_stateful_mutating_command_completes_from_observed_path_delta(
        tmp_path: Path,
        monkeypatch: pytest.MonkeyPatch,
    ) -> None:
        store = LongHorizonStore(tmp_path / "state")
        state = store.create_run(_goal(tmp_path), "STATEFUL-RUN-COMMAND-DELTA")
        patch = GoalPlanPatch(
            patch_id="GPP-command-delta",
            base_revision=0,
            add_steps=(
                GoalPlanStep(
                    step_id="S1",
                    objective="Generate generated.txt with a local command",
                    phase="execute",
                    success_evidence=("generated.txt contains generated",),
                    write_roots=("generated.txt",),
                ),
            ),
            replace_steps=(),
            discard_step_ids=(),
            reason="Exercise a declared mutating command boundary",
        )
        queue = _QueueClient(
            [
                json.dumps(
                    {
                        "function": "run_command",
                        "params": {
                            "argv": [
                                "python",
                                "-c",
                                "from pathlib import Path; Path('generated.txt').write_text('generated\\n')",
                            ],
                            "expected_exit_code": 0,
                        },
                    }
                ),
                json.dumps(
                    _audit_call(
                        "continue",
                        step_id="S1",
                        step_complete=True,
                        evidence_refs=["A00001"],
                        gaps=[],
                        reason="the command created the declared artifact",
                    )
                ),
                json.dumps(
                    {
                        "function": "final_answer",
                        "params": {"text": "generated.txt was created."},
                    }
                ),
                json.dumps(
                    _audit_call(
                        "ready_for_final",
                        step_id="",
                        step_complete=False,
                        evidence_refs=["A00001"],
                        gaps=[],
                        reason="the completed step has exact command mutation evidence",
                    )
                ),
            ]
        )
        session = ModelSession(queue, settings=_settings(progressive=True))
        harness = ActionHarness(sandbox_commands=False)
        model = LongHorizonModel(
            session,
            harness=harness,
            tool_selector=_selector(["run_command"]),
        )
        monkeypatch.setattr(
            StatefulGoalLoopController,
            "_validate_contract_patch_semantics",
            staticmethod(lambda *args, **kwargs: None),
        )
    
        result = StatefulGoalLoopController(
            store,
            model=model,
            harness=harness,
            supervisor=_StrongPlanner(patch),
            supervisor_policy=SupervisorPolicy(mode="static"),
            max_transitions=12,
>       ).run(state.run_id)
          ^^^^^^^^^^^^^^^^^

tests/test_stateful_goal_loop.py:1822: 
_ _ _ _ _ _ _ _ _ _ _ _ _ _ _ _ _ _ _ _ _ _ _ _ _ _ _ _ _ _ _ _ _ _ _ _ _ _ _ _ 
rwkv_lh/stateful_goal_loop.py:1863: in run
    audit = self._run_pending_audit_boundary(state, pending_audit)
            ^^^^^^^^^^^^^^^^^^^^^^^^^^^^^^^^^^^^^^^^^^^^^^^^^^^^^^
rwkv_lh/stateful_goal_loop.py:1035: in _run_pending_audit_boundary
    return self.model.audit_goal_boundary(
rwkv_lh/model.py:988: in audit_goal_boundary
    self._record_role_fact(state, event, persist)
rwkv_lh/model.py:1840: in _record_role_fact
    persist(state, "role_fact_recorded", {"model_event": event.to_dict(),
rwkv_lh/controller.py:5497: in _persist_callback
    self._persist(state, event_type, event)
rwkv_lh/controller.py:5675: in _persist
    draft = CausalEventDraft.create(
_ _ _ _ _ _ _ _ _ _ _ _ _ _ _ _ _ _ _ _ _ _ _ _ _ _ _ _ _ _ _ _ _ _ _ _ _ _ _ _ 

cls = <class 'rwkv_lh.schema.CausalEventDraft'>
event_type = 'role_fact_recorded'
payload = {'model_event': {'event_type': 'action_result', 'event_version': 'rwkv-lh.event.v2', 'event_id': 'EV-ACTION-A00001', '...: 'LANE:ACTION', ...}, 'event_id': 'EV-ACTION-A00001', 'event_type': 'action_result', 'executor_cache_required': False}
subject_id = 'STATEFUL-RUN-COMMAND-DELTA', cause_id = 'CE-000013'

    @classmethod
    def create(
        cls,
        event_type: str,
        payload: Mapping[str, Any],
        *,
        subject_id: str,
        cause_id: str | None = None,
    ) -> "CausalEventDraft":
        name = str(event_type or "")
        payload_schema = CAUSAL_EVENT_PAYLOAD_SCHEMAS.get(name)
        if payload_schema is None:
>           raise ValueError(f"unregistered causal event type: {name}")
E           ValueError: unregistered causal event type: role_fact_recorded

rwkv_lh/schema.py:852: ValueError
___ test_goal_selector_uses_three_fresh_evaluations_for_executable_frontier ____

tmp_path = PosixPath('/home/chase/GitHub/RWKV-LH/data/test_runs/pytest/test_goal_selector_uses_three_0')
monkeypatch = <_pytest.monkeypatch.MonkeyPatch object at 0x7af709bf2ba0>

    def test_goal_selector_uses_three_fresh_evaluations_for_executable_frontier(
        tmp_path: Path,
        monkeypatch: pytest.MonkeyPatch,
    ) -> None:
        store = LongHorizonStore(tmp_path / "state")
        state = store.create_run(_goal(tmp_path), "STATEFUL-SELECTOR-ABSTAIN")
        session = ModelSession(
            _QueueClient(
                [
                    json.dumps(
                        {
                            "function": "write_file",
                            "params": {"path": "result.txt", "content": "verified"},
                        }
                    ),
                    json.dumps(
                        _audit_call(
                            "continue",
                            step_id="S1",
                            step_complete=True,
                            evidence_refs=["A00001"],
                            gaps=[],
                            reason="the mutation action succeeded",
                        )
                    ),
                    json.dumps(
                        {"function": "final_answer", "params": {"text": "done"}}
                    ),
                    json.dumps(
                        _audit_call(
                            "ready_for_final",
                            step_id="",
                            step_complete=False,
                            evidence_refs=["A00001"],
                            gaps=[],
                            reason="the plan has accepted evidence",
                        )
                    ),
                ]
            ),
            settings=_settings(progressive=True),
        )
        selector = _selector(["write_file"])
        model = LongHorizonModel(session, tool_selector=selector)
        monkeypatch.setattr(
            StatefulGoalLoopController,
            "_validate_contract_patch_semantics",
            staticmethod(lambda *args, **kwargs: None),
        )
        controller = StatefulGoalLoopController(
            store,
            model=model,
            harness=model.harness,
            supervisor=_StrongPlanner(_strong_patch(state)),
            supervisor_policy=SupervisorPolicy(mode="static"),
            max_transitions=10,
        )
    
>       result = controller.run(state.run_id)
                 ^^^^^^^^^^^^^^^^^^^^^^^^^^^^

tests/test_stateful_goal_loop.py:1980: 
_ _ _ _ _ _ _ _ _ _ _ _ _ _ _ _ _ _ _ _ _ _ _ _ _ _ _ _ _ _ _ _ _ _ _ _ _ _ _ _ 
rwkv_lh/stateful_goal_loop.py:1863: in run
    audit = self._run_pending_audit_boundary(state, pending_audit)
            ^^^^^^^^^^^^^^^^^^^^^^^^^^^^^^^^^^^^^^^^^^^^^^^^^^^^^^
rwkv_lh/stateful_goal_loop.py:1035: in _run_pending_audit_boundary
    return self.model.audit_goal_boundary(
rwkv_lh/model.py:988: in audit_goal_boundary
    self._record_role_fact(state, event, persist)
rwkv_lh/model.py:1840: in _record_role_fact
    persist(state, "role_fact_recorded", {"model_event": event.to_dict(),
rwkv_lh/controller.py:5497: in _persist_callback
    self._persist(state, event_type, event)
rwkv_lh/controller.py:5675: in _persist
    draft = CausalEventDraft.create(
_ _ _ _ _ _ _ _ _ _ _ _ _ _ _ _ _ _ _ _ _ _ _ _ _ _ _ _ _ _ _ _ _ _ _ _ _ _ _ _ 

cls = <class 'rwkv_lh.schema.CausalEventDraft'>
event_type = 'role_fact_recorded'
payload = {'model_event': {'event_type': 'action_result', 'event_version': 'rwkv-lh.event.v2', 'event_id': 'EV-ACTION-A00001', '...: 'LANE:ACTION', ...}, 'event_id': 'EV-ACTION-A00001', 'event_type': 'action_result', 'executor_cache_required': False}
subject_id = 'STATEFUL-SELECTOR-ABSTAIN', cause_id = 'CE-000013'

    @classmethod
    def create(
        cls,
        event_type: str,
        payload: Mapping[str, Any],
        *,
        subject_id: str,
        cause_id: str | None = None,
    ) -> "CausalEventDraft":
        name = str(event_type or "")
        payload_schema = CAUSAL_EVENT_PAYLOAD_SCHEMAS.get(name)
        if payload_schema is None:
>           raise ValueError(f"unregistered causal event type: {name}")
E           ValueError: unregistered causal event type: role_fact_recorded

rwkv_lh/schema.py:852: ValueError
____ test_incomplete_goal_obligation_coverage_requests_a_continuation_patch ____

tmp_path = PosixPath('/home/chase/GitHub/RWKV-LH/data/test_runs/pytest/test_incomplete_goal_obligatio0')
monkeypatch = <_pytest.monkeypatch.MonkeyPatch object at 0x7af709c25d30>

    def test_incomplete_goal_obligation_coverage_requests_a_continuation_patch(
        tmp_path: Path,
        monkeypatch: pytest.MonkeyPatch,
    ) -> None:
        store = LongHorizonStore(tmp_path / "state")
        state = store.create_run(_goal(tmp_path), "GOAL-COVERAGE-CONTINUATION")
        workspace = Path(state.goal.workspace_root)
        (workspace / "source.txt").write_text("ground truth\n", encoding="utf-8")
        obligation = GoalObligation(
            obligation_id="O1",
            predicate="source.txt is observed and report.md is written",
            required_phases=("observe", "mutate"),
        )
        initial = GoalPlanPatch(
            patch_id="GPP-coverage-initial",
            base_revision=0,
            goal_obligations=(obligation,),
            add_steps=(
                GoalPlanStep(
                    step_id="S1",
                    objective="Read source.txt",
                    phase="observe",
                    obligation_ids=("O1",),
                    success_evidence=("source.txt observed",),
                    read_roots=("source.txt",),
                ),
            ),
            replace_steps=(),
            discard_step_ids=(),
            reason="Start with grounded observation",
        )
        continuation = GoalPlanPatch(
            patch_id="GPP-coverage-continuation",
            base_revision=1,
            add_steps=(
                GoalPlanStep(
                    step_id="S2",
                    objective="Write report.md with the observed result",
                    phase="mutate",
                    stage=2,
                    depends_on=("S1",),
                    obligation_ids=("O1",),
                    success_evidence=("report.md written",),
                    write_roots=("report.md",),
                ),
            ),
            replace_steps=(),
            discard_step_ids=(),
            reason="Cover the remaining mutation obligation",
        )
        queue = _QueueClient(
            [
                json.dumps({"function": "read_file", "params": {"path": "source.txt"}}),
                json.dumps(
                    _audit_call(
                        "continue",
                        step_id="S1",
                        step_complete=True,
                        evidence_refs=["A00001"],
                        gaps=[],
                        reason="source observed",
                    )
                ),
                json.dumps(
                    {
                        "function": "write_file",
                        "params": {"path": "report.md", "content": "ground truth\n"},
                    }
                ),
                json.dumps(
                    _audit_call(
                        "continue",
                        step_id="S2",
                        step_complete=True,
                        evidence_refs=["A00002"],
                        gaps=[],
                        reason="report written",
                    )
                ),
                json.dumps(
                    {"function": "final_answer", "params": {"text": "Report written."}}
                ),
                json.dumps(
                    _audit_call(
                        "ready_for_final",
                        step_id="",
                        step_complete=False,
                        evidence_refs=["A00001", "A00002"],
                        gaps=[],
                        reason="every obligation phase has accepted evidence",
                    )
                ),
            ]
        )
        session = ModelSession(queue, settings=_settings(progressive=True))
        model = LongHorizonModel(
            session,
            tool_selector=_selector(["read_file", "write_file"]),
        )
        planner = _StrongPlanner((initial, continuation))
        monkeypatch.setattr(
            StatefulGoalLoopController,
            "_validate_contract_patch_semantics",
            staticmethod(lambda *args, **kwargs: None),
        )
    
        result = StatefulGoalLoopController(
            store,
            model=model,
            harness=model.harness,
            supervisor=planner,
            supervisor_policy=SupervisorPolicy(mode="static"),
            max_transitions=24,
>       ).run(state.run_id)
          ^^^^^^^^^^^^^^^^^

tests/test_stateful_goal_loop.py:2118: 
_ _ _ _ _ _ _ _ _ _ _ _ _ _ _ _ _ _ _ _ _ _ _ _ _ _ _ _ _ _ _ _ _ _ _ _ _ _ _ _ 
rwkv_lh/stateful_goal_loop.py:1863: in run
    audit = self._run_pending_audit_boundary(state, pending_audit)
            ^^^^^^^^^^^^^^^^^^^^^^^^^^^^^^^^^^^^^^^^^^^^^^^^^^^^^^
rwkv_lh/stateful_goal_loop.py:1035: in _run_pending_audit_boundary
    return self.model.audit_goal_boundary(
rwkv_lh/model.py:988: in audit_goal_boundary
    self._record_role_fact(state, event, persist)
rwkv_lh/model.py:1840: in _record_role_fact
    persist(state, "role_fact_recorded", {"model_event": event.to_dict(),
rwkv_lh/controller.py:5497: in _persist_callback
    self._persist(state, event_type, event)
rwkv_lh/controller.py:5675: in _persist
    draft = CausalEventDraft.create(
_ _ _ _ _ _ _ _ _ _ _ _ _ _ _ _ _ _ _ _ _ _ _ _ _ _ _ _ _ _ _ _ _ _ _ _ _ _ _ _ 

cls = <class 'rwkv_lh.schema.CausalEventDraft'>
event_type = 'role_fact_recorded'
payload = {'model_event': {'event_type': 'action_result', 'event_version': 'rwkv-lh.event.v2', 'event_id': 'EV-ACTION-A00001', '...: 'LANE:ACTION', ...}, 'event_id': 'EV-ACTION-A00001', 'event_type': 'action_result', 'executor_cache_required': False}
subject_id = 'GOAL-COVERAGE-CONTINUATION', cause_id = 'CE-000013'

    @classmethod
    def create(
        cls,
        event_type: str,
        payload: Mapping[str, Any],
        *,
        subject_id: str,
        cause_id: str | None = None,
    ) -> "CausalEventDraft":
        name = str(event_type or "")
        payload_schema = CAUSAL_EVENT_PAYLOAD_SCHEMAS.get(name)
        if payload_schema is None:
>           raise ValueError(f"unregistered causal event type: {name}")
E           ValueError: unregistered causal event type: role_fact_recorded

rwkv_lh/schema.py:852: ValueError
_______ test_planner_separates_mutation_and_readback_into_stateful_steps _______

tmp_path = PosixPath('/home/chase/GitHub/RWKV-LH/data/test_runs/pytest/test_planner_separates_mutatio0')
monkeypatch = <_pytest.monkeypatch.MonkeyPatch object at 0x7af709bf31c0>

    def test_planner_separates_mutation_and_readback_into_stateful_steps(
        tmp_path: Path,
        monkeypatch: pytest.MonkeyPatch,
    ) -> None:
        store = LongHorizonStore(tmp_path / "state")
        state = store.create_run(_goal(tmp_path), "AUDIT-DURABLE")
        queue = _QueueClient(
            [
                    json.dumps(
                        {
                            "function": "write_file",
                            "params": {"path": "result.txt", "content": "verified"},
                        }
                    ),
                    json.dumps(
                        _audit_call(
                            "continue",
                            step_id="S1",
                            step_complete=True,
                            evidence_refs=["A00001"],
                            gaps=[],
                            reason="the mutation succeeded",
                        )
                    ),
                    json.dumps(
                        {
                            "function": "read_file",
                            "params": {"path": "result.txt"},
                        }
                    ),
                    json.dumps(
                        _audit_call(
                            "continue",
                            step_id="S2",
                            step_complete=True,
                            evidence_refs=["A00002"],
                            gaps=[],
                            reason="the readback succeeded",
                        )
                    ),
                    json.dumps(
                        {
                            "function": "final_answer",
                            "params": {"text": "Created and read back result.txt."},
                        }
                    ),
                    json.dumps(
                        _audit_call(
                            "ready_for_final",
                            step_id="",
                            step_complete=False,
                            evidence_refs=["A00001", "A00002"],
                            gaps=[],
                            reason="the completed plan has mutation and readback evidence",
                        )
                    ),
                ]
        )
        session = ModelSession(
            queue,
            settings=_settings(progressive=True),
        )
        selector = _selector(["write_file", "read_file"])
        model = LongHorizonModel(session, tool_selector=selector)
        monkeypatch.setattr(
            StatefulGoalLoopController,
            "_validate_contract_patch_semantics",
            staticmethod(lambda *args, **kwargs: None),
        )
        controller = StatefulGoalLoopController(
            store,
            model=model,
            harness=model.harness,
            supervisor=_StrongPlanner(_strong_write_and_readback_patch(state)),
            supervisor_policy=SupervisorPolicy(mode="static"),
            max_transitions=20,
        )
    
>       result = controller.run(state.run_id)
                 ^^^^^^^^^^^^^^^^^^^^^^^^^^^^

tests/test_stateful_goal_loop.py:2373: 
_ _ _ _ _ _ _ _ _ _ _ _ _ _ _ _ _ _ _ _ _ _ _ _ _ _ _ _ _ _ _ _ _ _ _ _ _ _ _ _ 
rwkv_lh/stateful_goal_loop.py:1863: in run
    audit = self._run_pending_audit_boundary(state, pending_audit)
            ^^^^^^^^^^^^^^^^^^^^^^^^^^^^^^^^^^^^^^^^^^^^^^^^^^^^^^
rwkv_lh/stateful_goal_loop.py:1035: in _run_pending_audit_boundary
    return self.model.audit_goal_boundary(
rwkv_lh/model.py:988: in audit_goal_boundary
    self._record_role_fact(state, event, persist)
rwkv_lh/model.py:1840: in _record_role_fact
    persist(state, "role_fact_recorded", {"model_event": event.to_dict(),
rwkv_lh/controller.py:5497: in _persist_callback
    self._persist(state, event_type, event)
rwkv_lh/controller.py:5675: in _persist
    draft = CausalEventDraft.create(
_ _ _ _ _ _ _ _ _ _ _ _ _ _ _ _ _ _ _ _ _ _ _ _ _ _ _ _ _ _ _ _ _ _ _ _ _ _ _ _ 

cls = <class 'rwkv_lh.schema.CausalEventDraft'>
event_type = 'role_fact_recorded'
payload = {'model_event': {'event_type': 'action_result', 'event_version': 'rwkv-lh.event.v2', 'event_id': 'EV-ACTION-A00001', '...: 'LANE:ACTION', ...}, 'event_id': 'EV-ACTION-A00001', 'event_type': 'action_result', 'executor_cache_required': False}
subject_id = 'AUDIT-DURABLE', cause_id = 'CE-000013'

    @classmethod
    def create(
        cls,
        event_type: str,
        payload: Mapping[str, Any],
        *,
        subject_id: str,
        cause_id: str | None = None,
    ) -> "CausalEventDraft":
        name = str(event_type or "")
        payload_schema = CAUSAL_EVENT_PAYLOAD_SCHEMAS.get(name)
        if payload_schema is None:
>           raise ValueError(f"unregistered causal event type: {name}")
E           ValueError: unregistered causal event type: role_fact_recorded

rwkv_lh/schema.py:852: ValueError
_____ test_repeated_goal_io_failures_keep_step_until_actual_failure_budget _____

tmp_path = PosixPath('/home/chase/GitHub/RWKV-LH/data/test_runs/pytest/test_repeated_goal_io_failures0')
monkeypatch = <_pytest.monkeypatch.MonkeyPatch object at 0x7af709c27e00>

    def test_repeated_goal_io_failures_keep_step_until_actual_failure_budget(
        tmp_path: Path,
        monkeypatch: pytest.MonkeyPatch,
    ) -> None:
        store = LongHorizonStore(tmp_path / "state")
        state = store.create_run(_goal(tmp_path), "STATEFUL-IDENTICAL-FAILURE")
        (Path(state.goal.workspace_root) / "invalid.json").write_text("{}\n", encoding="utf-8")
        failed_command = json.dumps(
            {
                "function": "read_json",
                "params": {"path": "invalid.json"},
            }
        )
        session = ModelSession(
            _QueueClient([failed_command] * 5),
            settings=_settings(progressive=True),
        )
        selector = _selector(["read_json"] * 5)
        model = LongHorizonModel(session, tool_selector=selector)
    
        def injected_read_failure(*_args, **_kwargs):
            raise OSError("injected persistent read failure")
    
        model.harness._handlers["read_json"] = injected_read_failure
        monkeypatch.setattr(
            StatefulGoalLoopController,
            "_validate_contract_patch_semantics",
            staticmethod(lambda *args, **kwargs: None),
        )
        controller = StatefulGoalLoopController(
            store,
            model=model,
            harness=model.harness,
            supervisor=_StrongPlanner(_strong_observe_patch(state, "invalid.json")),
            supervisor_policy=SupervisorPolicy(mode="static"),
            max_transitions=30,
        )
    
>       result = controller.run(state.run_id)
                 ^^^^^^^^^^^^^^^^^^^^^^^^^^^^

tests/test_stateful_goal_loop.py:2592: 
_ _ _ _ _ _ _ _ _ _ _ _ _ _ _ _ _ _ _ _ _ _ _ _ _ _ _ _ _ _ _ _ _ _ _ _ _ _ _ _ 
rwkv_lh/stateful_goal_loop.py:1850: in run
    self.model.append_action_observation(
_ _ _ _ _ _ _ _ _ _ _ _ _ _ _ _ _ _ _ _ _ _ _ _ _ _ _ _ _ _ _ _ _ _ _ _ _ _ _ _ 

self = <rwkv_lh.model.LongHorizonModel object at 0x7af70969f4d0>
state = RunState(run_id='STATEFUL-IDENTICAL-FAILURE', goal=GoalState(goal_id='G1', request='Inspect the project and report ver..._at='2026-09-09T17:46:42.414+00:00', updated_at='2026-09-09T17:46:42.724+00:00', schema_version='long-horizon.run.v18')
persist = <bound method LongHorizonController._persist_callback of <rwkv_lh.stateful_goal_loop.StatefulGoalLoopController object at 0x7af709bdc230>>
event = ModelEvent(event_type='action_result', event_id='EV-ACTION-A00001', scope_id='LANE:ACTION', payload={'action_id': 'A00...bf', 'identical_result_count': 1}, content_refs=(), complete=True, continuation=None, event_version='rwkv-lh.event.v2')

    def append_action_observation(
        self,
        state: RunState,
        persist: PersistCallback,
        event: ModelEvent,
    ) -> ModelCheckpoint:
        """Commit one Harness result to the recurrent Executor lane.
    
        Mechanical evidence gating can reject a step without spending an
        Auditor generation. The Harness result must still enter the Executor
        State exactly once; otherwise a later controller slice rediscovers the
        finished action as crash-recovery work and the next Executor call lacks
        the failure details.
        """
    
        if event.event_type != "action_result":
            raise ModelProtocolError(
                "only a Harness action_result may enter the Executor observation lane"
            )
        if event.scope_id != self.ACTION_LANE_ID:
            raise ModelProtocolError(
                "Harness action_result must target the Executor action lane"
            )
        executor_checkpoint_id = state.lane_head("executor")
>       return self._append_event(state, checkpoint, event, persist)
                                         ^^^^^^^^^^
E       NameError: name 'checkpoint' is not defined

rwkv_lh/model.py:1320: NameError
___________ test_transient_tool_failures_recover_on_same_step[False] ___________

tmp_path = PosixPath('/home/chase/GitHub/RWKV-LH/data/test_runs/pytest/test_transient_tool_failures_r0')
monkeypatch = <_pytest.monkeypatch.MonkeyPatch object at 0x7af709c267b0>
resume_at_boundary = False

    @pytest.mark.parametrize("resume_at_boundary", [False, True])
    def test_transient_tool_failures_recover_on_same_step(
        tmp_path: Path,
        monkeypatch: pytest.MonkeyPatch,
        resume_at_boundary: bool,
    ) -> None:
        store = LongHorizonStore(tmp_path / "state")
        state = store.create_run(_goal(tmp_path), "TRANSIENT-FAILURE-RECOVERY")
        (Path(state.goal.workspace_root) / "result.txt").write_text("verified\n")
        command = json.dumps({"function": "read_file", "params": {"path": "result.txt"}})
        queue = _QueueClient([command] * 3 + [
            json.dumps(_audit_call(
                "continue", step_id="S1", step_complete=True,
                evidence_refs=["A00003"], gaps=[], reason="the source was finally observed",
            )),
            json.dumps({"function": "final_answer", "params": {"text": "Recovered."}}),
            json.dumps(_audit_call(
                "ready_for_final", step_id="", step_complete=False,
                evidence_refs=["A00003"], gaps=[], reason="the successful read supports the answer",
            )),
        ])
        model = LongHorizonModel(
            ModelSession(queue, settings=_settings(progressive=True)),
            tool_selector=_selector(["read_file"] * 3),
        )
        original_handler = model.harness._handlers["read_file"]
        calls = 0
    
        def read_after_two_failures(*args, **kwargs):
            nonlocal calls
            calls += 1
            if calls <= 2:
                raise OSError("injected transient read failure")
            return original_handler(*args, **kwargs)
    
        model.harness._handlers["read_file"] = read_after_two_failures
        monkeypatch.setattr(
            StatefulGoalLoopController,
            "_validate_contract_patch_semantics",
            staticmethod(lambda *args, **kwargs: None),
        )
        planner = _StrongPlanner(_strong_observe_patch(state, "result.txt"))
        controller = StatefulGoalLoopController(
            store, model=model, harness=model.harness, supervisor=planner,
            supervisor_policy=SupervisorPolicy(mode="static"),
            max_transitions=5 if resume_at_boundary else 20,
        )
>       result = controller.run(state.run_id)
                 ^^^^^^^^^^^^^^^^^^^^^^^^^^^^

tests/test_stateful_goal_loop.py:2657: 
_ _ _ _ _ _ _ _ _ _ _ _ _ _ _ _ _ _ _ _ _ _ _ _ _ _ _ _ _ _ _ _ _ _ _ _ _ _ _ _ 
rwkv_lh/stateful_goal_loop.py:1850: in run
    self.model.append_action_observation(
_ _ _ _ _ _ _ _ _ _ _ _ _ _ _ _ _ _ _ _ _ _ _ _ _ _ _ _ _ _ _ _ _ _ _ _ _ _ _ _ 

self = <rwkv_lh.model.LongHorizonModel object at 0x7af70969e810>
state = RunState(run_id='TRANSIENT-FAILURE-RECOVERY', goal=GoalState(goal_id='G1', request='Inspect the project and report ver..._at='2026-09-09T17:46:42.923+00:00', updated_at='2026-09-09T17:46:43.058+00:00', schema_version='long-horizon.run.v18')
persist = <bound method LongHorizonController._persist_callback of <rwkv_lh.stateful_goal_loop.StatefulGoalLoopController object at 0x7af709bdd590>>
event = ModelEvent(event_type='action_result', event_id='EV-ACTION-A00001', scope_id='LANE:ACTION', payload={'action_id': 'A00...41', 'identical_result_count': 1}, content_refs=(), complete=True, continuation=None, event_version='rwkv-lh.event.v2')

    def append_action_observation(
        self,
        state: RunState,
        persist: PersistCallback,
        event: ModelEvent,
    ) -> ModelCheckpoint:
        """Commit one Harness result to the recurrent Executor lane.
    
        Mechanical evidence gating can reject a step without spending an
        Auditor generation. The Harness result must still enter the Executor
        State exactly once; otherwise a later controller slice rediscovers the
        finished action as crash-recovery work and the next Executor call lacks
        the failure details.
        """
    
        if event.event_type != "action_result":
            raise ModelProtocolError(
                "only a Harness action_result may enter the Executor observation lane"
            )
        if event.scope_id != self.ACTION_LANE_ID:
            raise ModelProtocolError(
                "Harness action_result must target the Executor action lane"
            )
        executor_checkpoint_id = state.lane_head("executor")
>       return self._append_event(state, checkpoint, event, persist)
                                         ^^^^^^^^^^
E       NameError: name 'checkpoint' is not defined

rwkv_lh/model.py:1320: NameError
___________ test_transient_tool_failures_recover_on_same_step[True] ____________

tmp_path = PosixPath('/home/chase/GitHub/RWKV-LH/data/test_runs/pytest/test_transient_tool_failures_r1')
monkeypatch = <_pytest.monkeypatch.MonkeyPatch object at 0x7af709ac90f0>
resume_at_boundary = True

    @pytest.mark.parametrize("resume_at_boundary", [False, True])
    def test_transient_tool_failures_recover_on_same_step(
        tmp_path: Path,
        monkeypatch: pytest.MonkeyPatch,
        resume_at_boundary: bool,
    ) -> None:
        store = LongHorizonStore(tmp_path / "state")
        state = store.create_run(_goal(tmp_path), "TRANSIENT-FAILURE-RECOVERY")
        (Path(state.goal.workspace_root) / "result.txt").write_text("verified\n")
        command = json.dumps({"function": "read_file", "params": {"path": "result.txt"}})
        queue = _QueueClient([command] * 3 + [
            json.dumps(_audit_call(
                "continue", step_id="S1", step_complete=True,
                evidence_refs=["A00003"], gaps=[], reason="the source was finally observed",
            )),
            json.dumps({"function": "final_answer", "params": {"text": "Recovered."}}),
            json.dumps(_audit_call(
                "ready_for_final", step_id="", step_complete=False,
                evidence_refs=["A00003"], gaps=[], reason="the successful read supports the answer",
            )),
        ])
        model = LongHorizonModel(
            ModelSession(queue, settings=_settings(progressive=True)),
            tool_selector=_selector(["read_file"] * 3),
        )
        original_handler = model.harness._handlers["read_file"]
        calls = 0
    
        def read_after_two_failures(*args, **kwargs):
            nonlocal calls
            calls += 1
            if calls <= 2:
                raise OSError("injected transient read failure")
            return original_handler(*args, **kwargs)
    
        model.harness._handlers["read_file"] = read_after_two_failures
        monkeypatch.setattr(
            StatefulGoalLoopController,
            "_validate_contract_patch_semantics",
            staticmethod(lambda *args, **kwargs: None),
        )
        planner = _StrongPlanner(_strong_observe_patch(state, "result.txt"))
        controller = StatefulGoalLoopController(
            store, model=model, harness=model.harness, supervisor=planner,
            supervisor_policy=SupervisorPolicy(mode="static"),
            max_transitions=5 if resume_at_boundary else 20,
        )
>       result = controller.run(state.run_id)
                 ^^^^^^^^^^^^^^^^^^^^^^^^^^^^

tests/test_stateful_goal_loop.py:2657: 
_ _ _ _ _ _ _ _ _ _ _ _ _ _ _ _ _ _ _ _ _ _ _ _ _ _ _ _ _ _ _ _ _ _ _ _ _ _ _ _ 
rwkv_lh/stateful_goal_loop.py:1850: in run
    self.model.append_action_observation(
_ _ _ _ _ _ _ _ _ _ _ _ _ _ _ _ _ _ _ _ _ _ _ _ _ _ _ _ _ _ _ _ _ _ _ _ _ _ _ _ 

self = <rwkv_lh.model.LongHorizonModel object at 0x7af70969fad0>
state = RunState(run_id='TRANSIENT-FAILURE-RECOVERY', goal=GoalState(goal_id='G1', request='Inspect the project and report ver..._at='2026-09-09T17:46:43.262+00:00', updated_at='2026-09-09T17:46:43.395+00:00', schema_version='long-horizon.run.v18')
persist = <bound method LongHorizonController._persist_callback of <rwkv_lh.stateful_goal_loop.StatefulGoalLoopController object at 0x7af709bdca50>>
event = ModelEvent(event_type='action_result', event_id='EV-ACTION-A00001', scope_id='LANE:ACTION', payload={'action_id': 'A00...41', 'identical_result_count': 1}, content_refs=(), complete=True, continuation=None, event_version='rwkv-lh.event.v2')

    def append_action_observation(
        self,
        state: RunState,
        persist: PersistCallback,
        event: ModelEvent,
    ) -> ModelCheckpoint:
        """Commit one Harness result to the recurrent Executor lane.
    
        Mechanical evidence gating can reject a step without spending an
        Auditor generation. The Harness result must still enter the Executor
        State exactly once; otherwise a later controller slice rediscovers the
        finished action as crash-recovery work and the next Executor call lacks
        the failure details.
        """
    
        if event.event_type != "action_result":
            raise ModelProtocolError(
                "only a Harness action_result may enter the Executor observation lane"
            )
        if event.scope_id != self.ACTION_LANE_ID:
            raise ModelProtocolError(
                "Harness action_result must target the Executor action lane"
            )
        executor_checkpoint_id = state.lane_head("executor")
>       return self._append_event(state, checkpoint, event, persist)
                                         ^^^^^^^^^^
E       NameError: name 'checkpoint' is not defined

rwkv_lh/model.py:1320: NameError
___ test_read_only_step_repair_keeps_same_step_and_bounds_identical_repeats ____

tmp_path = PosixPath('/home/chase/GitHub/RWKV-LH/data/test_runs/pytest/test_read_only_step_repair_kee0')
monkeypatch = <_pytest.monkeypatch.MonkeyPatch object at 0x7af709acbd90>

    def test_read_only_step_repair_keeps_same_step_and_bounds_identical_repeats(
        tmp_path: Path,
        monkeypatch: pytest.MonkeyPatch,
    ) -> None:
        store = LongHorizonStore(tmp_path / "state")
        state = store.create_run(_goal(tmp_path), "STATEFUL-IDENTICAL-SUCCESS")
        (Path(state.goal.workspace_root) / "other.txt").write_text(
            "unrelated\n", encoding="utf-8"
        )
        zero_progress_command = json.dumps(
            {
                "function": "read_file",
                "params": {"path": "other.txt"},
            }
        )
        session = ModelSession(
            _QueueClient(
                [
                    zero_progress_command,
                    json.dumps(
                        _audit_call(
                            "repair",
                            step_id="S1",
                            step_complete=False,
                            evidence_refs=["A00001"],
                            gaps=["phase_evidence_unproved:observe"],
                            reason="more evidence is required",
                        )
                    ),
                    zero_progress_command,
                    json.dumps(
                        _audit_call(
                            "repair",
                            step_id="S1",
                            step_complete=False,
                            evidence_refs=["A00002"],
                            gaps=["phase_evidence_unproved:observe"],
                            reason="more evidence is required",
                        )
                    ),
                    zero_progress_command,
                ]
            ),
            settings=_settings(progressive=True),
        )
        selector = _selector(["read_file"] * 3)
        model = LongHorizonModel(session, tool_selector=selector)
        monkeypatch.setattr(
            StatefulGoalLoopController,
            "_validate_contract_patch_semantics",
            staticmethod(lambda *args, **kwargs: None),
        )
        controller = StatefulGoalLoopController(
            store,
            model=model,
            harness=model.harness,
            supervisor=_StrongPlanner(_strong_observe_patch(state, "other.txt")),
            supervisor_policy=SupervisorPolicy(mode="static"),
            max_transitions=20,
        )
    
>       result = controller.run(state.run_id)
                 ^^^^^^^^^^^^^^^^^^^^^^^^^^^^

tests/test_stateful_goal_loop.py:2738: 
_ _ _ _ _ _ _ _ _ _ _ _ _ _ _ _ _ _ _ _ _ _ _ _ _ _ _ _ _ _ _ _ _ _ _ _ _ _ _ _ 
rwkv_lh/stateful_goal_loop.py:1863: in run
    audit = self._run_pending_audit_boundary(state, pending_audit)
            ^^^^^^^^^^^^^^^^^^^^^^^^^^^^^^^^^^^^^^^^^^^^^^^^^^^^^^
rwkv_lh/stateful_goal_loop.py:1035: in _run_pending_audit_boundary
    return self.model.audit_goal_boundary(
rwkv_lh/model.py:988: in audit_goal_boundary
    self._record_role_fact(state, event, persist)
rwkv_lh/model.py:1840: in _record_role_fact
    persist(state, "role_fact_recorded", {"model_event": event.to_dict(),
rwkv_lh/controller.py:5497: in _persist_callback
    self._persist(state, event_type, event)
rwkv_lh/controller.py:5675: in _persist
    draft = CausalEventDraft.create(
_ _ _ _ _ _ _ _ _ _ _ _ _ _ _ _ _ _ _ _ _ _ _ _ _ _ _ _ _ _ _ _ _ _ _ _ _ _ _ _ 

cls = <class 'rwkv_lh.schema.CausalEventDraft'>
event_type = 'role_fact_recorded'
payload = {'model_event': {'event_type': 'action_result', 'event_version': 'rwkv-lh.event.v2', 'event_id': 'EV-ACTION-A00001', '...: 'LANE:ACTION', ...}, 'event_id': 'EV-ACTION-A00001', 'event_type': 'action_result', 'executor_cache_required': False}
subject_id = 'STATEFUL-IDENTICAL-SUCCESS', cause_id = 'CE-000013'

    @classmethod
    def create(
        cls,
        event_type: str,
        payload: Mapping[str, Any],
        *,
        subject_id: str,
        cause_id: str | None = None,
    ) -> "CausalEventDraft":
        name = str(event_type or "")
        payload_schema = CAUSAL_EVENT_PAYLOAD_SCHEMAS.get(name)
        if payload_schema is None:
>           raise ValueError(f"unregistered causal event type: {name}")
E           ValueError: unregistered causal event type: role_fact_recorded

rwkv_lh/schema.py:852: ValueError
____ test_mutation_noop_repair_keeps_same_step_and_bounds_identical_repeats ____

tmp_path = PosixPath('/home/chase/GitHub/RWKV-LH/data/test_runs/pytest/test_mutation_noop_repair_keep0')
monkeypatch = <_pytest.monkeypatch.MonkeyPatch object at 0x7af709bf3cb0>

    def test_mutation_noop_repair_keeps_same_step_and_bounds_identical_repeats(
        tmp_path: Path,
        monkeypatch: pytest.MonkeyPatch,
    ) -> None:
        store = LongHorizonStore(tmp_path / "state")
        state = store.create_run(_goal(tmp_path), "STATEFUL-IDENTICAL-MUTATION-NOOP")
        (Path(state.goal.workspace_root) / "result.txt").write_text(
            "unchanged\n", encoding="utf-8"
        )
        zero_progress_command = json.dumps(
            {
                "function": "write_file",
                "params": {
                    "path": "result.txt",
                    "content": "unchanged\n",
                    "overwrite": True,
                    "create_parents": True,
                },
            }
        )
        session = ModelSession(
            _QueueClient(
                [
                    zero_progress_command,
                    json.dumps(
                        _audit_call(
                            "repair",
                            step_id="S1",
                            step_complete=False,
                            evidence_refs=[],
                            gaps=["phase_evidence_unproved:mutate"],
                            reason="the workspace did not change",
                        )
                    ),
                    zero_progress_command,
                    json.dumps(
                        _audit_call(
                            "repair",
                            step_id="S1",
                            step_complete=False,
                            evidence_refs=[],
                            gaps=["phase_evidence_unproved:mutate"],
                            reason="the workspace did not change",
                        )
                    ),
                    zero_progress_command,
                ]
            ),
            settings=_settings(progressive=True),
        )
        selector = _selector(["write_file"] * 3)
        model = LongHorizonModel(session, tool_selector=selector)
        monkeypatch.setattr(
            StatefulGoalLoopController,
            "_validate_contract_patch_semantics",
            staticmethod(lambda *args, **kwargs: None),
        )
        controller = StatefulGoalLoopController(
            store,
            model=model,
            harness=model.harness,
            supervisor=_StrongPlanner(_strong_patch(state)),
            supervisor_policy=SupervisorPolicy(mode="static"),
            max_transitions=20,
        )
    
>       result = controller.run(state.run_id)
                 ^^^^^^^^^^^^^^^^^^^^^^^^^^^^

tests/test_stateful_goal_loop.py:2822: 
_ _ _ _ _ _ _ _ _ _ _ _ _ _ _ _ _ _ _ _ _ _ _ _ _ _ _ _ _ _ _ _ _ _ _ _ _ _ _ _ 
rwkv_lh/stateful_goal_loop.py:1863: in run
    audit = self._run_pending_audit_boundary(state, pending_audit)
            ^^^^^^^^^^^^^^^^^^^^^^^^^^^^^^^^^^^^^^^^^^^^^^^^^^^^^^
rwkv_lh/stateful_goal_loop.py:1035: in _run_pending_audit_boundary
    return self.model.audit_goal_boundary(
rwkv_lh/model.py:988: in audit_goal_boundary
    self._record_role_fact(state, event, persist)
rwkv_lh/model.py:1840: in _record_role_fact
    persist(state, "role_fact_recorded", {"model_event": event.to_dict(),
rwkv_lh/controller.py:5497: in _persist_callback
    self._persist(state, event_type, event)
rwkv_lh/controller.py:5675: in _persist
    draft = CausalEventDraft.create(
_ _ _ _ _ _ _ _ _ _ _ _ _ _ _ _ _ _ _ _ _ _ _ _ _ _ _ _ _ _ _ _ _ _ _ _ _ _ _ _ 

cls = <class 'rwkv_lh.schema.CausalEventDraft'>
event_type = 'role_fact_recorded'
payload = {'model_event': {'event_type': 'action_result', 'event_version': 'rwkv-lh.event.v2', 'event_id': 'EV-ACTION-A00001', '...: 'LANE:ACTION', ...}, 'event_id': 'EV-ACTION-A00001', 'event_type': 'action_result', 'executor_cache_required': False}
subject_id = 'STATEFUL-IDENTICAL-MUTATION-NOOP', cause_id = 'CE-000013'

    @classmethod
    def create(
        cls,
        event_type: str,
        payload: Mapping[str, Any],
        *,
        subject_id: str,
        cause_id: str | None = None,
    ) -> "CausalEventDraft":
        name = str(event_type or "")
        payload_schema = CAUSAL_EVENT_PAYLOAD_SCHEMAS.get(name)
        if payload_schema is None:
>           raise ValueError(f"unregistered causal event type: {name}")
E           ValueError: unregistered causal event type: role_fact_recorded

rwkv_lh/schema.py:852: ValueError
_ test_successful_directory_observation_repair_can_read_next_without_replanning _

tmp_path = PosixPath('/home/chase/GitHub/RWKV-LH/data/test_runs/pytest/test_successful_directory_obse0')
monkeypatch = <_pytest.monkeypatch.MonkeyPatch object at 0x7af709935240>

    def test_successful_directory_observation_repair_can_read_next_without_replanning(
        tmp_path: Path,
        monkeypatch: pytest.MonkeyPatch,
    ) -> None:
        store = LongHorizonStore(tmp_path / "state")
        state = store.create_run(_goal(tmp_path), "ACTION-REPAIR-RECOVERY")
        (Path(state.goal.workspace_root) / "result.txt").write_text("verified content", encoding="utf-8")
        queue = _QueueClient(
            [
                json.dumps(
                    {
                        "function": "list_directory",
                        "params": {"path": "."},
                    }
                ),
                json.dumps(
                    _audit_call(
                        "repair",
                        step_id="S1",
                        step_complete=False,
                        evidence_refs=["A00001"],
                        gaps=["phase_evidence_unproved:observe"],
                        reason="readback is required",
                    )
                ),
                json.dumps(
                    {"function": "read_file", "params": {"path": "result.txt"}}
                ),
                json.dumps(
                    _audit_call(
                        "continue",
                        step_id="S1",
                        step_complete=True,
                        evidence_refs=["A00002"],
                        gaps=[],
                        reason="the current bytes were observed",
                    )
                ),
                json.dumps(
                    {"function": "final_answer", "params": {"text": "Recovered."}}
                ),
                json.dumps(
                    _audit_call(
                        "ready_for_final",
                        step_id="",
                        step_complete=False,
                        evidence_refs=["A00002"],
                        gaps=[],
                        reason="the repaired plan is complete",
                    )
                ),
            ]
        )
        session = ModelSession(queue, settings=_settings(progressive=True))
        selector = _selector(["list_directory", "read_file"])
        model = LongHorizonModel(session, tool_selector=selector)
        planner = _StrongPlanner(_strong_observe_patch(state))
        monkeypatch.setattr(
            StatefulGoalLoopController,
            "_validate_contract_patch_semantics",
            staticmethod(lambda *args, **kwargs: None),
        )
    
        result = StatefulGoalLoopController(
            store,
            model=model,
            harness=model.harness,
            supervisor=planner,
            supervisor_policy=SupervisorPolicy(mode="static"),
            max_transitions=20,
>       ).run(state.run_id)
          ^^^^^^^^^^^^^^^^^

tests/test_stateful_goal_loop.py:2910: 
_ _ _ _ _ _ _ _ _ _ _ _ _ _ _ _ _ _ _ _ _ _ _ _ _ _ _ _ _ _ _ _ _ _ _ _ _ _ _ _ 
rwkv_lh/stateful_goal_loop.py:1863: in run
    audit = self._run_pending_audit_boundary(state, pending_audit)
            ^^^^^^^^^^^^^^^^^^^^^^^^^^^^^^^^^^^^^^^^^^^^^^^^^^^^^^
rwkv_lh/stateful_goal_loop.py:1035: in _run_pending_audit_boundary
    return self.model.audit_goal_boundary(
rwkv_lh/model.py:988: in audit_goal_boundary
    self._record_role_fact(state, event, persist)
rwkv_lh/model.py:1840: in _record_role_fact
    persist(state, "role_fact_recorded", {"model_event": event.to_dict(),
rwkv_lh/controller.py:5497: in _persist_callback
    self._persist(state, event_type, event)
rwkv_lh/controller.py:5675: in _persist
    draft = CausalEventDraft.create(
_ _ _ _ _ _ _ _ _ _ _ _ _ _ _ _ _ _ _ _ _ _ _ _ _ _ _ _ _ _ _ _ _ _ _ _ _ _ _ _ 

cls = <class 'rwkv_lh.schema.CausalEventDraft'>
event_type = 'role_fact_recorded'
payload = {'model_event': {'event_type': 'action_result', 'event_version': 'rwkv-lh.event.v2', 'event_id': 'EV-ACTION-A00001', '...: 'LANE:ACTION', ...}, 'event_id': 'EV-ACTION-A00001', 'event_type': 'action_result', 'executor_cache_required': False}
subject_id = 'ACTION-REPAIR-RECOVERY', cause_id = 'CE-000013'

    @classmethod
    def create(
        cls,
        event_type: str,
        payload: Mapping[str, Any],
        *,
        subject_id: str,
        cause_id: str | None = None,
    ) -> "CausalEventDraft":
        name = str(event_type or "")
        payload_schema = CAUSAL_EVENT_PAYLOAD_SCHEMAS.get(name)
        if payload_schema is None:
>           raise ValueError(f"unregistered causal event type: {name}")
E           ValueError: unregistered causal event type: role_fact_recorded

rwkv_lh/schema.py:852: ValueError
_______ test_protocol_invalid_step_audit_keeps_plan_and_recovers[False] ________

tmp_path = PosixPath('/home/chase/GitHub/RWKV-LH/data/test_runs/pytest/test_protocol_invalid_step_aud0')
monkeypatch = <_pytest.monkeypatch.MonkeyPatch object at 0x7af709afc9f0>
resume_at_boundary = False

    @pytest.mark.parametrize("resume_at_boundary", [False, True])
    def test_protocol_invalid_step_audit_keeps_plan_and_recovers(
        tmp_path: Path,
        monkeypatch: pytest.MonkeyPatch,
        resume_at_boundary: bool,
    ) -> None:
        store = LongHorizonStore(tmp_path / "state")
        state = store.create_run(_goal(tmp_path), "AUDIT-PROTOCOL-REPAIR-RECOVERY")
        (Path(state.goal.workspace_root) / "result.txt").write_text(
            "verified\n", encoding="utf-8"
        )
        queue = _QueueClient(
            [
                json.dumps(
                    {"function": "read_file", "params": {"path": "result.txt"}}
                ),
                "{}",
                json.dumps(
                    _audit_call(
                        "continue",
                        step_id="S1",
                        step_complete=True,
                        evidence_refs=["A00001"],
                        gaps=[],
                        reason="the exact bytes were observed",
                    )
                ),
                json.dumps(
                    {"function": "final_answer", "params": {"text": "Recovered."}}
                ),
                json.dumps(
                    _audit_call(
                        "ready_for_final",
                        step_id="",
                        step_complete=False,
                        evidence_refs=["A00001"],
                        gaps=[],
                        reason="the repaired audit path is complete",
                    )
                ),
            ]
        )
        model = LongHorizonModel(
            ModelSession(queue, settings=_settings(progressive=True)),
            tool_selector=_selector(["read_file"]),
        )
        planner = _StrongPlanner(_strong_observe_patch(state, "result.txt"))
        monkeypatch.setattr(
            StatefulGoalLoopController,
            "_validate_contract_patch_semantics",
            staticmethod(lambda *args, **kwargs: None),
        )
    
        controller = StatefulGoalLoopController(
            store,
            model=model,
            harness=model.harness,
            supervisor=planner,
            supervisor_policy=SupervisorPolicy(mode="static"),
            max_transitions=3 if resume_at_boundary else 20,
        )
>       result = controller.run(state.run_id)
                 ^^^^^^^^^^^^^^^^^^^^^^^^^^^^

tests/test_stateful_goal_loop.py:2994: 
_ _ _ _ _ _ _ _ _ _ _ _ _ _ _ _ _ _ _ _ _ _ _ _ _ _ _ _ _ _ _ _ _ _ _ _ _ _ _ _ 
rwkv_lh/stateful_goal_loop.py:1863: in run
    audit = self._run_pending_audit_boundary(state, pending_audit)
            ^^^^^^^^^^^^^^^^^^^^^^^^^^^^^^^^^^^^^^^^^^^^^^^^^^^^^^
rwkv_lh/stateful_goal_loop.py:1035: in _run_pending_audit_boundary
    return self.model.audit_goal_boundary(
rwkv_lh/model.py:988: in audit_goal_boundary
    self._record_role_fact(state, event, persist)
rwkv_lh/model.py:1840: in _record_role_fact
    persist(state, "role_fact_recorded", {"model_event": event.to_dict(),
rwkv_lh/controller.py:5497: in _persist_callback
    self._persist(state, event_type, event)
rwkv_lh/controller.py:5675: in _persist
    draft = CausalEventDraft.create(
_ _ _ _ _ _ _ _ _ _ _ _ _ _ _ _ _ _ _ _ _ _ _ _ _ _ _ _ _ _ _ _ _ _ _ _ _ _ _ _ 

cls = <class 'rwkv_lh.schema.CausalEventDraft'>
event_type = 'role_fact_recorded'
payload = {'model_event': {'event_type': 'action_result', 'event_version': 'rwkv-lh.event.v2', 'event_id': 'EV-ACTION-A00001', '...: 'LANE:ACTION', ...}, 'event_id': 'EV-ACTION-A00001', 'event_type': 'action_result', 'executor_cache_required': False}
subject_id = 'AUDIT-PROTOCOL-REPAIR-RECOVERY', cause_id = 'CE-000013'

    @classmethod
    def create(
        cls,
        event_type: str,
        payload: Mapping[str, Any],
        *,
        subject_id: str,
        cause_id: str | None = None,
    ) -> "CausalEventDraft":
        name = str(event_type or "")
        payload_schema = CAUSAL_EVENT_PAYLOAD_SCHEMAS.get(name)
        if payload_schema is None:
>           raise ValueError(f"unregistered causal event type: {name}")
E           ValueError: unregistered causal event type: role_fact_recorded

rwkv_lh/schema.py:852: ValueError
________ test_protocol_invalid_step_audit_keeps_plan_and_recovers[True] ________

tmp_path = PosixPath('/home/chase/GitHub/RWKV-LH/data/test_runs/pytest/test_protocol_invalid_step_aud1')
monkeypatch = <_pytest.monkeypatch.MonkeyPatch object at 0x7af709aca040>
resume_at_boundary = True

    @pytest.mark.parametrize("resume_at_boundary", [False, True])
    def test_protocol_invalid_step_audit_keeps_plan_and_recovers(
        tmp_path: Path,
        monkeypatch: pytest.MonkeyPatch,
        resume_at_boundary: bool,
    ) -> None:
        store = LongHorizonStore(tmp_path / "state")
        state = store.create_run(_goal(tmp_path), "AUDIT-PROTOCOL-REPAIR-RECOVERY")
        (Path(state.goal.workspace_root) / "result.txt").write_text(
            "verified\n", encoding="utf-8"
        )
        queue = _QueueClient(
            [
                json.dumps(
                    {"function": "read_file", "params": {"path": "result.txt"}}
                ),
                "{}",
                json.dumps(
                    _audit_call(
                        "continue",
                        step_id="S1",
                        step_complete=True,
                        evidence_refs=["A00001"],
                        gaps=[],
                        reason="the exact bytes were observed",
                    )
                ),
                json.dumps(
                    {"function": "final_answer", "params": {"text": "Recovered."}}
                ),
                json.dumps(
                    _audit_call(
                        "ready_for_final",
                        step_id="",
                        step_complete=False,
                        evidence_refs=["A00001"],
                        gaps=[],
                        reason="the repaired audit path is complete",
                    )
                ),
            ]
        )
        model = LongHorizonModel(
            ModelSession(queue, settings=_settings(progressive=True)),
            tool_selector=_selector(["read_file"]),
        )
        planner = _StrongPlanner(_strong_observe_patch(state, "result.txt"))
        monkeypatch.setattr(
            StatefulGoalLoopController,
            "_validate_contract_patch_semantics",
            staticmethod(lambda *args, **kwargs: None),
        )
    
        controller = StatefulGoalLoopController(
            store,
            model=model,
            harness=model.harness,
            supervisor=planner,
            supervisor_policy=SupervisorPolicy(mode="static"),
            max_transitions=3 if resume_at_boundary else 20,
        )
>       result = controller.run(state.run_id)
                 ^^^^^^^^^^^^^^^^^^^^^^^^^^^^

tests/test_stateful_goal_loop.py:2994: 
_ _ _ _ _ _ _ _ _ _ _ _ _ _ _ _ _ _ _ _ _ _ _ _ _ _ _ _ _ _ _ _ _ _ _ _ _ _ _ _ 
rwkv_lh/stateful_goal_loop.py:1863: in run
    audit = self._run_pending_audit_boundary(state, pending_audit)
            ^^^^^^^^^^^^^^^^^^^^^^^^^^^^^^^^^^^^^^^^^^^^^^^^^^^^^^
rwkv_lh/stateful_goal_loop.py:1035: in _run_pending_audit_boundary
    return self.model.audit_goal_boundary(
rwkv_lh/model.py:988: in audit_goal_boundary
    self._record_role_fact(state, event, persist)
rwkv_lh/model.py:1840: in _record_role_fact
    persist(state, "role_fact_recorded", {"model_event": event.to_dict(),
rwkv_lh/controller.py:5497: in _persist_callback
    self._persist(state, event_type, event)
rwkv_lh/controller.py:5675: in _persist
    draft = CausalEventDraft.create(
_ _ _ _ _ _ _ _ _ _ _ _ _ _ _ _ _ _ _ _ _ _ _ _ _ _ _ _ _ _ _ _ _ _ _ _ _ _ _ _ 

cls = <class 'rwkv_lh.schema.CausalEventDraft'>
event_type = 'role_fact_recorded'
payload = {'model_event': {'event_type': 'action_result', 'event_version': 'rwkv-lh.event.v2', 'event_id': 'EV-ACTION-A00001', '...: 'LANE:ACTION', ...}, 'event_id': 'EV-ACTION-A00001', 'event_type': 'action_result', 'executor_cache_required': False}
subject_id = 'AUDIT-PROTOCOL-REPAIR-RECOVERY', cause_id = 'CE-000013'

    @classmethod
    def create(
        cls,
        event_type: str,
        payload: Mapping[str, Any],
        *,
        subject_id: str,
        cause_id: str | None = None,
    ) -> "CausalEventDraft":
        name = str(event_type or "")
        payload_schema = CAUSAL_EVENT_PAYLOAD_SCHEMAS.get(name)
        if payload_schema is None:
>           raise ValueError(f"unregistered causal event type: {name}")
E           ValueError: unregistered causal event type: role_fact_recorded

rwkv_lh/schema.py:852: ValueError
___ test_repeated_executor_provenance_rejection_recovers_without_replanning ____

tmp_path = PosixPath('/home/chase/GitHub/RWKV-LH/data/test_runs/pytest/test_repeated_executor_provena0')
monkeypatch = <_pytest.monkeypatch.MonkeyPatch object at 0x7af709945b00>

    def test_repeated_executor_provenance_rejection_recovers_without_replanning(
        tmp_path: Path,
        monkeypatch: pytest.MonkeyPatch,
    ) -> None:
        store = LongHorizonStore(tmp_path / "state")
        state = store.create_run(_goal(tmp_path), "PROVENANCE-REPAIR-ROUTING")
        source = "VALUE = 'old'\n"
        (Path(state.goal.workspace_root) / "result.txt").write_text(
            source, encoding="utf-8"
        )
        base_sha256 = hashlib.sha256(source.encode("utf-8")).hexdigest()
        initial = GoalPlanPatch(
            patch_id="GPP-provenance-initial",
            base_revision=0,
            add_steps=(
                GoalPlanStep(
                    step_id="S1",
                    objective="Inspect result.txt",
                    phase="observe",
                    stage=1,
                    success_evidence=("result.txt exact bytes are observed",),
                    read_roots=("result.txt",),
                ),
                GoalPlanStep(
                    step_id="S2",
                    objective="Update result.txt from the observed exact bytes",
                    phase="mutate",
                    stage=2,
                    depends_on=("S1",),
                    success_evidence=("result.txt is updated",),
                    write_roots=("result.txt",),
                ),
            ),
            replace_steps=(),
            discard_step_ids=(),
            reason="Inspect before exact read-modify-write",
        )
        invalid_replace = json.dumps(
            {
                "function": "replace_text",
                "params": {
                    "path": "result.txt",
                    "old": "VALUE = 'invented'",
                    "new": "VALUE = 'new'",
                    "base_sha256": base_sha256,
                },
            }
        )
        queue = _QueueClient(
            [
                json.dumps(
                    {"function": "read_file", "params": {"path": "result.txt"}}
                ),
                json.dumps(
                    _audit_call(
                        "continue",
                        step_id="S1",
                        step_complete=True,
                        evidence_refs=["A00001"],
                        gaps=[],
                        reason="the exact source bytes were observed",
                    )
                ),
                invalid_replace,
                invalid_replace,
                json.dumps(
                    {
                        "function": "replace_text",
                        "params": {
                            "path": "result.txt",
                            "old": "VALUE = 'old'",
                            "new": "VALUE = 'new'",
                            "base_sha256": base_sha256,
                        },
                    }
                ),
                json.dumps(_audit_call(
                    "continue", step_id="S2", step_complete=True,
                    evidence_refs=["A00002"], gaps=[], reason="the requested bytes changed",
                )),
                json.dumps({"function": "final_answer", "params": {"text": "Updated."}}),
                json.dumps(_audit_call(
                    "ready_for_final", step_id="", step_complete=False,
                    evidence_refs=["A00001", "A00002"], gaps=[], reason="verified update",
                )),
            ]
        )
        model = LongHorizonModel(
            ModelSession(queue, settings=_settings(progressive=True)),
            tool_selector=_selector(["read_file", "replace_text", "replace_text"]),
        )
        planner = _StrongPlanner(initial)
        monkeypatch.setattr(
            StatefulGoalLoopController,
            "_validate_contract_patch_semantics",
            staticmethod(lambda *args, **kwargs: None),
        )
        controller = StatefulGoalLoopController(
            store,
            model=model,
            harness=model.harness,
            supervisor=planner,
            supervisor_policy=SupervisorPolicy(mode="static"),
            max_transitions=20,
        )
    
>       result = controller.run(state.run_id)
                 ^^^^^^^^^^^^^^^^^^^^^^^^^^^^

tests/test_stateful_goal_loop.py:3132: 
_ _ _ _ _ _ _ _ _ _ _ _ _ _ _ _ _ _ _ _ _ _ _ _ _ _ _ _ _ _ _ _ _ _ _ _ _ _ _ _ 
rwkv_lh/stateful_goal_loop.py:1863: in run
    audit = self._run_pending_audit_boundary(state, pending_audit)
            ^^^^^^^^^^^^^^^^^^^^^^^^^^^^^^^^^^^^^^^^^^^^^^^^^^^^^^
rwkv_lh/stateful_goal_loop.py:1035: in _run_pending_audit_boundary
    return self.model.audit_goal_boundary(
rwkv_lh/model.py:988: in audit_goal_boundary
    self._record_role_fact(state, event, persist)
rwkv_lh/model.py:1840: in _record_role_fact
    persist(state, "role_fact_recorded", {"model_event": event.to_dict(),
rwkv_lh/controller.py:5497: in _persist_callback
    self._persist(state, event_type, event)
rwkv_lh/controller.py:5675: in _persist
    draft = CausalEventDraft.create(
_ _ _ _ _ _ _ _ _ _ _ _ _ _ _ _ _ _ _ _ _ _ _ _ _ _ _ _ _ _ _ _ _ _ _ _ _ _ _ _ 

cls = <class 'rwkv_lh.schema.CausalEventDraft'>
event_type = 'role_fact_recorded'
payload = {'model_event': {'event_type': 'action_result', 'event_version': 'rwkv-lh.event.v2', 'event_id': 'EV-ACTION-A00001', '...: 'LANE:ACTION', ...}, 'event_id': 'EV-ACTION-A00001', 'event_type': 'action_result', 'executor_cache_required': False}
subject_id = 'PROVENANCE-REPAIR-ROUTING', cause_id = 'CE-000013'

    @classmethod
    def create(
        cls,
        event_type: str,
        payload: Mapping[str, Any],
        *,
        subject_id: str,
        cause_id: str | None = None,
    ) -> "CausalEventDraft":
        name = str(event_type or "")
        payload_schema = CAUSAL_EVENT_PAYLOAD_SCHEMAS.get(name)
        if payload_schema is None:
>           raise ValueError(f"unregistered causal event type: {name}")
E           ValueError: unregistered causal event type: role_fact_recorded

rwkv_lh/schema.py:852: ValueError
_____________ test_invalid_pre_final_audit_retries_same_candidate ______________

tmp_path = PosixPath('/home/chase/GitHub/RWKV-LH/data/test_runs/pytest/test_invalid_pre_final_audit_r0')
monkeypatch = <_pytest.monkeypatch.MonkeyPatch object at 0x7af709936f20>

    def test_invalid_pre_final_audit_retries_same_candidate(
        tmp_path: Path,
        monkeypatch: pytest.MonkeyPatch,
    ) -> None:
        store = LongHorizonStore(tmp_path / "state")
        state = store.create_run(_goal(tmp_path), "PRE-FINAL-PROTOCOL-INVALID")
        queue = _QueueClient(
            [
                    json.dumps(
                        {
                            "function": "write_file",
                            "params": {"path": "result.txt", "content": "verified"},
                        }
                    ),
                    json.dumps(
                        _audit_call(
                            "continue",
                            step_id="S1",
                            step_complete=True,
                            evidence_refs=["A00001"],
                            gaps=[],
                            reason="the mutation action succeeded",
                        )
                    ),
                    json.dumps(
                        {
                            "function": "final_answer",
                            "params": {"text": "First unaudited candidate."},
                        }
                    ),
                        "{}",
                    json.dumps(
                        _audit_call(
                            "ready_for_final",
                            step_id="",
                            step_complete=False,
                            evidence_refs=["A00001"],
                            gaps=[],
                            reason="all plan steps have accepted evidence",
                        )
                    ),
                ]
        )
        session = ModelSession(
            queue,
            settings=_settings(progressive=True),
        )
        selector = _selector(["write_file"])
        model = LongHorizonModel(session, tool_selector=selector)
        monkeypatch.setattr(
            StatefulGoalLoopController,
            "_validate_contract_patch_semantics",
            staticmethod(lambda *args, **kwargs: None),
        )
        controller = StatefulGoalLoopController(
            store,
            model=model,
            harness=model.harness,
            supervisor=_StrongPlanner(_strong_patch(state)),
            supervisor_policy=SupervisorPolicy(mode="static"),
            max_transitions=20,
        )
    
>       result = controller.run(state.run_id)
                 ^^^^^^^^^^^^^^^^^^^^^^^^^^^^

tests/test_stateful_goal_loop.py:3205: 
_ _ _ _ _ _ _ _ _ _ _ _ _ _ _ _ _ _ _ _ _ _ _ _ _ _ _ _ _ _ _ _ _ _ _ _ _ _ _ _ 
rwkv_lh/stateful_goal_loop.py:1863: in run
    audit = self._run_pending_audit_boundary(state, pending_audit)
            ^^^^^^^^^^^^^^^^^^^^^^^^^^^^^^^^^^^^^^^^^^^^^^^^^^^^^^
rwkv_lh/stateful_goal_loop.py:1035: in _run_pending_audit_boundary
    return self.model.audit_goal_boundary(
rwkv_lh/model.py:988: in audit_goal_boundary
    self._record_role_fact(state, event, persist)
rwkv_lh/model.py:1840: in _record_role_fact
    persist(state, "role_fact_recorded", {"model_event": event.to_dict(),
rwkv_lh/controller.py:5497: in _persist_callback
    self._persist(state, event_type, event)
rwkv_lh/controller.py:5675: in _persist
    draft = CausalEventDraft.create(
_ _ _ _ _ _ _ _ _ _ _ _ _ _ _ _ _ _ _ _ _ _ _ _ _ _ _ _ _ _ _ _ _ _ _ _ _ _ _ _ 

cls = <class 'rwkv_lh.schema.CausalEventDraft'>
event_type = 'role_fact_recorded'
payload = {'model_event': {'event_type': 'action_result', 'event_version': 'rwkv-lh.event.v2', 'event_id': 'EV-ACTION-A00001', '...: 'LANE:ACTION', ...}, 'event_id': 'EV-ACTION-A00001', 'event_type': 'action_result', 'executor_cache_required': False}
subject_id = 'PRE-FINAL-PROTOCOL-INVALID', cause_id = 'CE-000013'

    @classmethod
    def create(
        cls,
        event_type: str,
        payload: Mapping[str, Any],
        *,
        subject_id: str,
        cause_id: str | None = None,
    ) -> "CausalEventDraft":
        name = str(event_type or "")
        payload_schema = CAUSAL_EVENT_PAYLOAD_SCHEMAS.get(name)
        if payload_schema is None:
>           raise ValueError(f"unregistered causal event type: {name}")
E           ValueError: unregistered causal event type: role_fact_recorded

rwkv_lh/schema.py:852: ValueError
_ test_contradictory_step_audit_retries_same_boundary_without_repeating_action _

tmp_path = PosixPath('/home/chase/GitHub/RWKV-LH/data/test_runs/pytest/test_contradictory_step_audit_0')
monkeypatch = <_pytest.monkeypatch.MonkeyPatch object at 0x7af709afc0c0>

    def test_contradictory_step_audit_retries_same_boundary_without_repeating_action(
        tmp_path: Path, monkeypatch: pytest.MonkeyPatch,
    ) -> None:
        store = LongHorizonStore(tmp_path / "state")
        state = store.create_run(_goal(tmp_path), "AUDIT-FACT-CONTRADICTION")
        queue = _QueueClient([
            ModelCommand("write_file", {"path": "result.txt", "content": "verified"}).canonical,
            json.dumps(_audit_call("repair", step_id="S1", step_complete=False,
                evidence_refs=["A00001"], gaps=["write_root_unproved:result.txt"], reason="missing")),
            json.dumps(_audit_call("continue", step_id="S1", step_complete=True,
                evidence_refs=["A00001"], gaps=[], reason="written")),
            ModelCommand("final_answer", {"text": "Created result.txt."}).canonical,
            json.dumps(_audit_call("ready_for_final", step_id="", step_complete=False,
                evidence_refs=["A00001"], gaps=[], reason="complete")),
        ])
        model = LongHorizonModel(ModelSession(queue, settings=_settings(progressive=True)),
            tool_selector=_selector(["write_file"]))
        planner = _StrongPlanner(_strong_patch(state))
        monkeypatch.setattr(StatefulGoalLoopController, "_validate_contract_patch_semantics",
            staticmethod(lambda *args, **kwargs: None))
        controller = StatefulGoalLoopController(store, model=model, harness=model.harness,
            supervisor=planner, supervisor_policy=SupervisorPolicy(mode="static"), max_transitions=20)
>       result = controller.run(state.run_id)
                 ^^^^^^^^^^^^^^^^^^^^^^^^^^^^

tests/test_stateful_goal_loop.py:3249: 
_ _ _ _ _ _ _ _ _ _ _ _ _ _ _ _ _ _ _ _ _ _ _ _ _ _ _ _ _ _ _ _ _ _ _ _ _ _ _ _ 
rwkv_lh/stateful_goal_loop.py:1863: in run
    audit = self._run_pending_audit_boundary(state, pending_audit)
            ^^^^^^^^^^^^^^^^^^^^^^^^^^^^^^^^^^^^^^^^^^^^^^^^^^^^^^
rwkv_lh/stateful_goal_loop.py:1035: in _run_pending_audit_boundary
    return self.model.audit_goal_boundary(
rwkv_lh/model.py:988: in audit_goal_boundary
    self._record_role_fact(state, event, persist)
rwkv_lh/model.py:1840: in _record_role_fact
    persist(state, "role_fact_recorded", {"model_event": event.to_dict(),
rwkv_lh/controller.py:5497: in _persist_callback
    self._persist(state, event_type, event)
rwkv_lh/controller.py:5675: in _persist
    draft = CausalEventDraft.create(
_ _ _ _ _ _ _ _ _ _ _ _ _ _ _ _ _ _ _ _ _ _ _ _ _ _ _ _ _ _ _ _ _ _ _ _ _ _ _ _ 

cls = <class 'rwkv_lh.schema.CausalEventDraft'>
event_type = 'role_fact_recorded'
payload = {'model_event': {'event_type': 'action_result', 'event_version': 'rwkv-lh.event.v2', 'event_id': 'EV-ACTION-A00001', '...: 'LANE:ACTION', ...}, 'event_id': 'EV-ACTION-A00001', 'event_type': 'action_result', 'executor_cache_required': False}
subject_id = 'AUDIT-FACT-CONTRADICTION', cause_id = 'CE-000013'

    @classmethod
    def create(
        cls,
        event_type: str,
        payload: Mapping[str, Any],
        *,
        subject_id: str,
        cause_id: str | None = None,
    ) -> "CausalEventDraft":
        name = str(event_type or "")
        payload_schema = CAUSAL_EVENT_PAYLOAD_SCHEMAS.get(name)
        if payload_schema is None:
>           raise ValueError(f"unregistered causal event type: {name}")
E           ValueError: unregistered causal event type: role_fact_recorded

rwkv_lh/schema.py:852: ValueError
____ test_rwkv_audit_uses_clean_role_state_and_never_contaminates_executor _____

tmp_path = PosixPath('/home/chase/GitHub/RWKV-LH/data/test_runs/pytest/test_rwkv_audit_uses_clean_rol0')

    def test_rwkv_audit_uses_clean_role_state_and_never_contaminates_executor(
        tmp_path: Path,
    ) -> None:
        store = LongHorizonStore(tmp_path / "state")
        state = store.create_run(_goal(tmp_path), "STATEFUL-MODEL")
        patch = _strong_patch(state)
        audit_output = _audit_call(
            "continue",
            step_id="S1",
            step_complete=True,
            evidence_refs=["A00001"],
            gaps=[],
            reason="evidence is present",
        )
        rejected_audit_output = {
            "function": "audit_decision",
            "params": {
                "audit_id": "MODEL-MUST-NOT-BIND",
                "verdict": "ready_for_final",
                "step_id": "S1",
                "step_complete": True,
                "evidence_refs": ["A00001"],
                "gaps": [],
                "reason": "premature final",
                "repair": [],
            },
        }
        audits: list[dict] = []
        session = ModelSession(
            _QueueClient(
                [json.dumps(
                    {
                        "function": "write_file",
                        "params": {"path": "result.txt", "content": "verified"},
                    }
                )]
            ),
            settings=_settings(),
            audit_hook=audits.append,
        )
        auditor_settings = RuntimeSettings(
            **{**_settings().__dict__, "model": "test-rwkv-7.2b-auditor"}
        )
        auditor_session = ModelSession(
            _QueueClient(
                [json.dumps(audit_output)],
                model_name="test-rwkv-7.2b-auditor",
            ),
            settings=auditor_settings,
            audit_hook=audits.append,
        )
        model = LongHorizonModel(session, auditor_session=auditor_session)
        controller = LongHorizonController(store, model=model, harness=model.harness)
    
        controller._persist(
            state,
            "goal_plan_patch_committed",
            {
                "patch_id": patch.patch_id,
                "patch": patch.to_dict(),
                "plan_revision": 1,
                "request_digest": state.goal.digest,
                "supervisor": {"provider": "test", "model": "test-planner"},
                "planner_can_accept": False,
                "supervisor_action_executed": False,
                "rwkv_action_authority": True,
            },
            subject_id=patch.patch_id,
        )
        action_decision = model.next_command(
            state,
            controller._persist_callback,
            eligible_operations=("write_file",),
        )
        action = controller._execute_decision(state, action_decision)
        controller._persist(
            state,
            "goal_action_plan_step_assigned",
            {
                "action_id": action.action_id,
                "step_id": "S1",
                "step_revision": 1,
                "strong_planner_patch_ids": [patch.patch_id],
                "assignment_source": "test_committed_frontier",
                "completion_authority": False,
            },
            subject_id=action.action_id,
        )
>       decision = model.audit_goal_boundary(
            state,
            controller._persist_callback,
            boundary="observation_complete",
            event=controller._action_observation_event(state, action),
            active_step_id="S1",
            relevant_evidence_refs=(action.action_id,),
        )

tests/test_stateful_goal_loop.py:3350: 
_ _ _ _ _ _ _ _ _ _ _ _ _ _ _ _ _ _ _ _ _ _ _ _ _ _ _ _ _ _ _ _ _ _ _ _ _ _ _ _ 
rwkv_lh/model.py:988: in audit_goal_boundary
    self._record_role_fact(state, event, persist)
rwkv_lh/model.py:1840: in _record_role_fact
    persist(state, "role_fact_recorded", {"model_event": event.to_dict(),
rwkv_lh/controller.py:5497: in _persist_callback
    self._persist(state, event_type, event)
rwkv_lh/controller.py:5675: in _persist
    draft = CausalEventDraft.create(
_ _ _ _ _ _ _ _ _ _ _ _ _ _ _ _ _ _ _ _ _ _ _ _ _ _ _ _ _ _ _ _ _ _ _ _ _ _ _ _ 

cls = <class 'rwkv_lh.schema.CausalEventDraft'>
event_type = 'role_fact_recorded'
payload = {'model_event': {'event_type': 'action_result', 'event_version': 'rwkv-lh.event.v2', 'event_id': 'EV-ACTION-A00001', '...: 'LANE:ACTION', ...}, 'event_id': 'EV-ACTION-A00001', 'event_type': 'action_result', 'executor_cache_required': False}
subject_id = 'STATEFUL-MODEL', cause_id = 'CE-000007'

    @classmethod
    def create(
        cls,
        event_type: str,
        payload: Mapping[str, Any],
        *,
        subject_id: str,
        cause_id: str | None = None,
    ) -> "CausalEventDraft":
        name = str(event_type or "")
        payload_schema = CAUSAL_EVENT_PAYLOAD_SCHEMAS.get(name)
        if payload_schema is None:
>           raise ValueError(f"unregistered causal event type: {name}")
E           ValueError: unregistered causal event type: role_fact_recorded

rwkv_lh/schema.py:852: ValueError
___________ test_stateful_goal_loop_completes_only_after_rwkv_audit ____________

tmp_path = PosixPath('/home/chase/GitHub/RWKV-LH/data/test_runs/pytest/test_stateful_goal_loop_comple0')
monkeypatch = <_pytest.monkeypatch.MonkeyPatch object at 0x7af709c24280>

    def test_stateful_goal_loop_completes_only_after_rwkv_audit(
        tmp_path: Path,
        monkeypatch: pytest.MonkeyPatch,
    ) -> None:
        store = LongHorizonStore(tmp_path / "state")
        state = store.create_run(_goal(tmp_path), "STATEFUL-END-TO-END")
        first_audit = _audit_call(
            "continue",
            step_id="S1",
            step_complete=True,
            evidence_refs=["A00001"],
            gaps=[],
            reason="the mutation action succeeded",
        )
        final_audit = _audit_call(
            "ready_for_final",
            step_id="",
            step_complete=False,
            evidence_refs=["A00001"],
            gaps=[],
            reason="all plan steps have committed evidence",
        )
        queue = _QueueClient(
            [
                    json.dumps(
                        _native_tool_call(
                            "write_file",
                            {"path": "result.txt", "content": "verified"},
                            stringify_arguments=True,
                        )
                    ),
                    json.dumps(
                        _native_tool_call(
                            "audit_decision",
                            first_audit["params"],
                        )
                    ),
                    json.dumps(
                        _native_tool_call(
                            "final_answer",
                            {"text": "Created and verified result.txt."},
                            stringify_arguments=True,
                        )
                    ),
                    json.dumps(
                        _native_tool_call(
                            "audit_decision",
                            final_audit["params"],
                        )
                    ),
                ]
        )
        session = ModelSession(
            queue,
            settings=_settings(progressive=True),
        )
        model = LongHorizonModel(
            session,
            tool_selector=_selector(["write_file"]),
        )
        planner = _StrongPlanner(_strong_patch(state))
        monkeypatch.setattr(
            StatefulGoalLoopController,
            "_validate_contract_patch_semantics",
            staticmethod(lambda *args, **kwargs: None),
        )
        controller = StatefulGoalLoopController(
            store,
            model=model,
            harness=model.harness,
            supervisor=planner,
            supervisor_policy=SupervisorPolicy(mode="static"),
            max_transitions=10,
        )
    
>       result = controller.run(state.run_id)
                 ^^^^^^^^^^^^^^^^^^^^^^^^^^^^

tests/test_stateful_goal_loop.py:3620: 
_ _ _ _ _ _ _ _ _ _ _ _ _ _ _ _ _ _ _ _ _ _ _ _ _ _ _ _ _ _ _ _ _ _ _ _ _ _ _ _ 
rwkv_lh/stateful_goal_loop.py:1863: in run
    audit = self._run_pending_audit_boundary(state, pending_audit)
            ^^^^^^^^^^^^^^^^^^^^^^^^^^^^^^^^^^^^^^^^^^^^^^^^^^^^^^
rwkv_lh/stateful_goal_loop.py:1035: in _run_pending_audit_boundary
    return self.model.audit_goal_boundary(
rwkv_lh/model.py:988: in audit_goal_boundary
    self._record_role_fact(state, event, persist)
rwkv_lh/model.py:1840: in _record_role_fact
    persist(state, "role_fact_recorded", {"model_event": event.to_dict(),
rwkv_lh/controller.py:5497: in _persist_callback
    self._persist(state, event_type, event)
rwkv_lh/controller.py:5675: in _persist
    draft = CausalEventDraft.create(
_ _ _ _ _ _ _ _ _ _ _ _ _ _ _ _ _ _ _ _ _ _ _ _ _ _ _ _ _ _ _ _ _ _ _ _ _ _ _ _ 

cls = <class 'rwkv_lh.schema.CausalEventDraft'>
event_type = 'role_fact_recorded'
payload = {'model_event': {'event_type': 'action_result', 'event_version': 'rwkv-lh.event.v2', 'event_id': 'EV-ACTION-A00001', '...: 'LANE:ACTION', ...}, 'event_id': 'EV-ACTION-A00001', 'event_type': 'action_result', 'executor_cache_required': False}
subject_id = 'STATEFUL-END-TO-END', cause_id = 'CE-000013'

    @classmethod
    def create(
        cls,
        event_type: str,
        payload: Mapping[str, Any],
        *,
        subject_id: str,
        cause_id: str | None = None,
    ) -> "CausalEventDraft":
        name = str(event_type or "")
        payload_schema = CAUSAL_EVENT_PAYLOAD_SCHEMAS.get(name)
        if payload_schema is None:
>           raise ValueError(f"unregistered causal event type: {name}")
E           ValueError: unregistered causal event type: role_fact_recorded

rwkv_lh/schema.py:852: ValueError
_______ test_stateful_executor_protocol_retry_reuses_consumed_selection ________

tmp_path = PosixPath('/home/chase/GitHub/RWKV-LH/data/test_runs/pytest/test_stateful_executor_protoco0')
monkeypatch = <_pytest.monkeypatch.MonkeyPatch object at 0x7af709bf0b40>

    def test_stateful_executor_protocol_retry_reuses_consumed_selection(
        tmp_path: Path,
        monkeypatch: pytest.MonkeyPatch,
    ) -> None:
        store = LongHorizonStore(tmp_path / "state")
        state = store.create_run(_goal(tmp_path), "STATEFUL-SAME-TOOL-RETRY")
        queue = _QueueClient(
            [
                json.dumps(
                    _native_tool_call(
                        "write_file",
                        {"path": "result.txt"},
                        stringify_arguments=True,
                    )
                ),
                json.dumps(
                    _native_tool_call(
                        "write_file",
                        {"path": "result.txt", "content": "verified"},
                        stringify_arguments=True,
                    )
                ),
                json.dumps(
                    _native_tool_call(
                        "audit_decision",
                        _audit_call(
                            "continue",
                            step_id="S1",
                            step_complete=True,
                            evidence_refs=["A00001"],
                            gaps=[],
                            reason="the mutation action succeeded",
                        )["params"],
                    )
                ),
                json.dumps(
                    _native_tool_call(
                        "final_answer",
                        {"text": "Created and verified result.txt."},
                        stringify_arguments=True,
                    )
                ),
                json.dumps(
                    _native_tool_call(
                        "audit_decision",
                        _audit_call(
                            "ready_for_final",
                            step_id="",
                            step_complete=False,
                            evidence_refs=["A00001"],
                            gaps=[],
                            reason="all plan steps have committed evidence",
                        )["params"],
                    )
                ),
            ]
        )
        session = ModelSession(queue, settings=_settings(progressive=True))
        selector = _selector(["write_file"])
        model = LongHorizonModel(session, tool_selector=selector)
        monkeypatch.setattr(
            StatefulGoalLoopController,
            "_validate_contract_patch_semantics",
            staticmethod(lambda *args, **kwargs: None),
        )
        result = StatefulGoalLoopController(
            store,
            model=model,
            harness=model.harness,
            supervisor=_StrongPlanner(_strong_patch(state)),
            supervisor_policy=SupervisorPolicy(mode="static"),
            max_transitions=12,
>       ).run(state.run_id)
          ^^^^^^^^^^^^^^^^^

tests/test_stateful_goal_loop.py:3805: 
_ _ _ _ _ _ _ _ _ _ _ _ _ _ _ _ _ _ _ _ _ _ _ _ _ _ _ _ _ _ _ _ _ _ _ _ _ _ _ _ 
rwkv_lh/stateful_goal_loop.py:1863: in run
    audit = self._run_pending_audit_boundary(state, pending_audit)
            ^^^^^^^^^^^^^^^^^^^^^^^^^^^^^^^^^^^^^^^^^^^^^^^^^^^^^^
rwkv_lh/stateful_goal_loop.py:1035: in _run_pending_audit_boundary
    return self.model.audit_goal_boundary(
rwkv_lh/model.py:988: in audit_goal_boundary
    self._record_role_fact(state, event, persist)
rwkv_lh/model.py:1840: in _record_role_fact
    persist(state, "role_fact_recorded", {"model_event": event.to_dict(),
rwkv_lh/controller.py:5497: in _persist_callback
    self._persist(state, event_type, event)
rwkv_lh/controller.py:5675: in _persist
    draft = CausalEventDraft.create(
_ _ _ _ _ _ _ _ _ _ _ _ _ _ _ _ _ _ _ _ _ _ _ _ _ _ _ _ _ _ _ _ _ _ _ _ _ _ _ _ 

cls = <class 'rwkv_lh.schema.CausalEventDraft'>
event_type = 'role_fact_recorded'
payload = {'model_event': {'event_type': 'action_result', 'event_version': 'rwkv-lh.event.v2', 'event_id': 'EV-ACTION-A00001', '...: 'LANE:ACTION', ...}, 'event_id': 'EV-ACTION-A00001', 'event_type': 'action_result', 'executor_cache_required': False}
subject_id = 'STATEFUL-SAME-TOOL-RETRY', cause_id = 'CE-000018'

    @classmethod
    def create(
        cls,
        event_type: str,
        payload: Mapping[str, Any],
        *,
        subject_id: str,
        cause_id: str | None = None,
    ) -> "CausalEventDraft":
        name = str(event_type or "")
        payload_schema = CAUSAL_EVENT_PAYLOAD_SCHEMAS.get(name)
        if payload_schema is None:
>           raise ValueError(f"unregistered causal event type: {name}")
E           ValueError: unregistered causal event type: role_fact_recorded

rwkv_lh/schema.py:852: ValueError
______ test_stateful_executor_reselects_after_one_failed_same_tool_retry _______

tmp_path = PosixPath('/home/chase/GitHub/RWKV-LH/data/test_runs/pytest/test_stateful_executor_reselec0')
monkeypatch = <_pytest.monkeypatch.MonkeyPatch object at 0x7af709936430>

    def test_stateful_executor_reselects_after_one_failed_same_tool_retry(
        tmp_path: Path,
        monkeypatch: pytest.MonkeyPatch,
    ) -> None:
        store = LongHorizonStore(tmp_path / "state")
        state = store.create_run(_goal(tmp_path), "STATEFUL-BOUNDED-TOOL-RETRY")
        queue = _QueueClient(
            [
                json.dumps(
                    _native_tool_call(
                        "write_file",
                        {"path": "result.txt"},
                        stringify_arguments=True,
                    )
                ),
                json.dumps(
                    _native_tool_call(
                        "move_file",
                        {"source": "old.txt", "destination": "result.txt"},
                        stringify_arguments=True,
                    )
                ),
                json.dumps(
                    _native_tool_call(
                        "write_file",
                        {"path": "result.txt", "content": "verified"},
                        stringify_arguments=True,
                    )
                ),
                json.dumps(
                    _native_tool_call(
                        "audit_decision",
                        _audit_call(
                            "continue",
                            step_id="S1",
                            step_complete=True,
                            evidence_refs=["A00001"],
                            gaps=[],
                            reason="the mutation action succeeded",
                        )["params"],
                    )
                ),
                json.dumps(
                    _native_tool_call(
                        "final_answer",
                        {"text": "Created and verified result.txt."},
                        stringify_arguments=True,
                    )
                ),
                json.dumps(
                    _native_tool_call(
                        "audit_decision",
                        _audit_call(
                            "ready_for_final",
                            step_id="",
                            step_complete=False,
                            evidence_refs=["A00001"],
                            gaps=[],
                            reason="all plan steps have committed evidence",
                        )["params"],
                    )
                ),
            ]
        )
        session = ModelSession(queue, settings=_settings(progressive=True))
        selector = _selector(["write_file", "write_file"])
        model = LongHorizonModel(session, tool_selector=selector)
        monkeypatch.setattr(
            StatefulGoalLoopController,
            "_validate_contract_patch_semantics",
            staticmethod(lambda *args, **kwargs: None),
        )
    
        result = StatefulGoalLoopController(
            store,
            model=model,
            harness=model.harness,
            supervisor=_StrongPlanner(_strong_patch(state)),
            supervisor_policy=SupervisorPolicy(mode="static"),
            max_transitions=16,
>       ).run(state.run_id)
          ^^^^^^^^^^^^^^^^^

tests/test_stateful_goal_loop.py:3917: 
_ _ _ _ _ _ _ _ _ _ _ _ _ _ _ _ _ _ _ _ _ _ _ _ _ _ _ _ _ _ _ _ _ _ _ _ _ _ _ _ 
rwkv_lh/stateful_goal_loop.py:1863: in run
    audit = self._run_pending_audit_boundary(state, pending_audit)
            ^^^^^^^^^^^^^^^^^^^^^^^^^^^^^^^^^^^^^^^^^^^^^^^^^^^^^^
rwkv_lh/stateful_goal_loop.py:1035: in _run_pending_audit_boundary
    return self.model.audit_goal_boundary(
rwkv_lh/model.py:988: in audit_goal_boundary
    self._record_role_fact(state, event, persist)
rwkv_lh/model.py:1840: in _record_role_fact
    persist(state, "role_fact_recorded", {"model_event": event.to_dict(),
rwkv_lh/controller.py:5497: in _persist_callback
    self._persist(state, event_type, event)
rwkv_lh/controller.py:5675: in _persist
    draft = CausalEventDraft.create(
_ _ _ _ _ _ _ _ _ _ _ _ _ _ _ _ _ _ _ _ _ _ _ _ _ _ _ _ _ _ _ _ _ _ _ _ _ _ _ _ 

cls = <class 'rwkv_lh.schema.CausalEventDraft'>
event_type = 'role_fact_recorded'
payload = {'model_event': {'event_type': 'action_result', 'event_version': 'rwkv-lh.event.v2', 'event_id': 'EV-ACTION-A00001', '...: 'LANE:ACTION', ...}, 'event_id': 'EV-ACTION-A00001', 'event_type': 'action_result', 'executor_cache_required': False}
subject_id = 'STATEFUL-BOUNDED-TOOL-RETRY', cause_id = 'CE-000025'

    @classmethod
    def create(
        cls,
        event_type: str,
        payload: Mapping[str, Any],
        *,
        subject_id: str,
        cause_id: str | None = None,
    ) -> "CausalEventDraft":
        name = str(event_type or "")
        payload_schema = CAUSAL_EVENT_PAYLOAD_SCHEMAS.get(name)
        if payload_schema is None:
>           raise ValueError(f"unregistered causal event type: {name}")
E           ValueError: unregistered causal event type: role_fact_recorded

rwkv_lh/schema.py:852: ValueError
________ test_goal_audit_protocol_budget_stops_repeated_pre_final_cycle ________

tmp_path = PosixPath('/home/chase/GitHub/RWKV-LH/data/test_runs/pytest/test_goal_audit_protocol_budge0')
monkeypatch = <_pytest.monkeypatch.MonkeyPatch object at 0x7af709676c10>

    def test_goal_audit_protocol_budget_stops_repeated_pre_final_cycle(
        tmp_path: Path,
        monkeypatch: pytest.MonkeyPatch,
    ) -> None:
        store = LongHorizonStore(tmp_path / "state")
        state = store.create_run(_goal(tmp_path), "GOAL-AUDIT-PROTOCOL-BUDGET")
        invalid_final_audit = json.dumps(
            _audit_call(
                "continue",
                step_id="S1",
                step_complete=True,
                evidence_refs=["A00001"],
                gaps=[],
                reason="incorrectly tries to complete a step at pre-final",
            )
        )
        final_attempts = [
            ModelCommand("final_answer", {"text": "same durable candidate"}).canonical,
            invalid_final_audit, invalid_final_audit, invalid_final_audit,
        ]
        queue = _QueueClient(
            [
                json.dumps(
                    {
                        "function": "write_file",
                        "params": {"path": "result.txt", "content": "verified"},
                    }
                ),
                json.dumps(
                    _audit_call(
                        "continue",
                        step_id="S1",
                        step_complete=True,
                        evidence_refs=["A00001"],
                        gaps=[],
                        reason="the mutation action succeeded",
                    )
                ),
                *final_attempts,
            ]
        )
        session = ModelSession(queue, settings=_settings(progressive=True))
        model = LongHorizonModel(session, tool_selector=_selector(["write_file"]))
        monkeypatch.setattr(
            StatefulGoalLoopController,
            "_validate_contract_patch_semantics",
            staticmethod(lambda *args, **kwargs: None),
        )
    
        result = StatefulGoalLoopController(
            store,
            model=model,
            harness=model.harness,
            supervisor=_StrongPlanner(_strong_patch(state)),
            supervisor_policy=SupervisorPolicy(mode="static"),
            max_transitions=40,
>       ).run(state.run_id)
          ^^^^^^^^^^^^^^^^^

tests/test_stateful_goal_loop.py:4088: 
_ _ _ _ _ _ _ _ _ _ _ _ _ _ _ _ _ _ _ _ _ _ _ _ _ _ _ _ _ _ _ _ _ _ _ _ _ _ _ _ 
rwkv_lh/stateful_goal_loop.py:1863: in run
    audit = self._run_pending_audit_boundary(state, pending_audit)
            ^^^^^^^^^^^^^^^^^^^^^^^^^^^^^^^^^^^^^^^^^^^^^^^^^^^^^^
rwkv_lh/stateful_goal_loop.py:1035: in _run_pending_audit_boundary
    return self.model.audit_goal_boundary(
rwkv_lh/model.py:988: in audit_goal_boundary
    self._record_role_fact(state, event, persist)
rwkv_lh/model.py:1840: in _record_role_fact
    persist(state, "role_fact_recorded", {"model_event": event.to_dict(),
rwkv_lh/controller.py:5497: in _persist_callback
    self._persist(state, event_type, event)
rwkv_lh/controller.py:5675: in _persist
    draft = CausalEventDraft.create(
_ _ _ _ _ _ _ _ _ _ _ _ _ _ _ _ _ _ _ _ _ _ _ _ _ _ _ _ _ _ _ _ _ _ _ _ _ _ _ _ 

cls = <class 'rwkv_lh.schema.CausalEventDraft'>
event_type = 'role_fact_recorded'
payload = {'model_event': {'event_type': 'action_result', 'event_version': 'rwkv-lh.event.v2', 'event_id': 'EV-ACTION-A00001', '...: 'LANE:ACTION', ...}, 'event_id': 'EV-ACTION-A00001', 'event_type': 'action_result', 'executor_cache_required': False}
subject_id = 'GOAL-AUDIT-PROTOCOL-BUDGET', cause_id = 'CE-000013'

    @classmethod
    def create(
        cls,
        event_type: str,
        payload: Mapping[str, Any],
        *,
        subject_id: str,
        cause_id: str | None = None,
    ) -> "CausalEventDraft":
        name = str(event_type or "")
        payload_schema = CAUSAL_EVENT_PAYLOAD_SCHEMAS.get(name)
        if payload_schema is None:
>           raise ValueError(f"unregistered causal event type: {name}")
E           ValueError: unregistered causal event type: role_fact_recorded

rwkv_lh/schema.py:852: ValueError
______ test_semantic_final_audit_repair_has_a_fixed_identical_gap_budget _______

tmp_path = PosixPath('/home/chase/GitHub/RWKV-LH/data/test_runs/pytest/test_semantic_final_audit_repa0')
monkeypatch = <_pytest.monkeypatch.MonkeyPatch object at 0x7af7099470e0>

    def test_semantic_final_audit_repair_has_a_fixed_identical_gap_budget(
        tmp_path: Path,
        monkeypatch: pytest.MonkeyPatch,
    ) -> None:
        store = LongHorizonStore(tmp_path / "state")
        state = store.create_run(_goal(tmp_path), "FINAL-AUDIT-SEMANTIC-BUDGET")
        repeated_finals: list[str] = []
        for index in range(4):
            repeated_finals.extend(
                [
                    json.dumps(
                        {
                            "function": "final_answer",
                            "params": {"text": f"Verified candidate {index}."},
                        }
                    ),
                    json.dumps(
                        _audit_call(
                            "repair",
                            step_id="",
                            step_complete=False,
                            evidence_refs=["A00001"],
                            gaps=["candidate does not report the committed artifact"],
                            reason="the final candidate is not evidence-complete",
                        )
                    ),
                ]
            )
        queue = _QueueClient(
            [
                json.dumps(
                    {
                        "function": "write_file",
                        "params": {"path": "result.txt", "content": "verified"},
                    }
                ),
                json.dumps(
                    _audit_call(
                        "continue",
                        step_id="S1",
                        step_complete=True,
                        evidence_refs=["A00001"],
                        gaps=[],
                        reason="the mutation action succeeded",
                    )
                ),
                *repeated_finals,
            ]
        )
        model = LongHorizonModel(
            ModelSession(queue, settings=_settings(progressive=True)),
            tool_selector=_selector(["write_file"]),
        )
        monkeypatch.setattr(
            StatefulGoalLoopController,
            "_validate_contract_patch_semantics",
            staticmethod(lambda *args, **kwargs: None),
        )
    
        result = StatefulGoalLoopController(
            store,
            model=model,
            harness=model.harness,
            supervisor=_StrongPlanner(_strong_patch(state)),
            supervisor_policy=SupervisorPolicy(mode="static"),
            max_transitions=20,
>       ).run(state.run_id)
          ^^^^^^^^^^^^^^^^^

tests/test_stateful_goal_loop.py:4181: 
_ _ _ _ _ _ _ _ _ _ _ _ _ _ _ _ _ _ _ _ _ _ _ _ _ _ _ _ _ _ _ _ _ _ _ _ _ _ _ _ 
rwkv_lh/stateful_goal_loop.py:1863: in run
    audit = self._run_pending_audit_boundary(state, pending_audit)
            ^^^^^^^^^^^^^^^^^^^^^^^^^^^^^^^^^^^^^^^^^^^^^^^^^^^^^^
rwkv_lh/stateful_goal_loop.py:1035: in _run_pending_audit_boundary
    return self.model.audit_goal_boundary(
rwkv_lh/model.py:988: in audit_goal_boundary
    self._record_role_fact(state, event, persist)
rwkv_lh/model.py:1840: in _record_role_fact
    persist(state, "role_fact_recorded", {"model_event": event.to_dict(),
rwkv_lh/controller.py:5497: in _persist_callback
    self._persist(state, event_type, event)
rwkv_lh/controller.py:5675: in _persist
    draft = CausalEventDraft.create(
_ _ _ _ _ _ _ _ _ _ _ _ _ _ _ _ _ _ _ _ _ _ _ _ _ _ _ _ _ _ _ _ _ _ _ _ _ _ _ _ 

cls = <class 'rwkv_lh.schema.CausalEventDraft'>
event_type = 'role_fact_recorded'
payload = {'model_event': {'event_type': 'action_result', 'event_version': 'rwkv-lh.event.v2', 'event_id': 'EV-ACTION-A00001', '...: 'LANE:ACTION', ...}, 'event_id': 'EV-ACTION-A00001', 'event_type': 'action_result', 'executor_cache_required': False}
subject_id = 'FINAL-AUDIT-SEMANTIC-BUDGET', cause_id = 'CE-000013'

    @classmethod
    def create(
        cls,
        event_type: str,
        payload: Mapping[str, Any],
        *,
        subject_id: str,
        cause_id: str | None = None,
    ) -> "CausalEventDraft":
        name = str(event_type or "")
        payload_schema = CAUSAL_EVENT_PAYLOAD_SCHEMAS.get(name)
        if payload_schema is None:
>           raise ValueError(f"unregistered causal event type: {name}")
E           ValueError: unregistered causal event type: role_fact_recorded

rwkv_lh/schema.py:852: ValueError
_____ test_mechanical_repair_appends_failed_action_to_executor_state_once ______

tmp_path = PosixPath('/home/chase/GitHub/RWKV-LH/data/test_runs/pytest/test_mechanical_repair_appends0')
monkeypatch = <_pytest.monkeypatch.MonkeyPatch object at 0x7af7099eea50>

    def test_mechanical_repair_appends_failed_action_to_executor_state_once(
        tmp_path: Path,
        monkeypatch: pytest.MonkeyPatch,
    ) -> None:
        store = LongHorizonStore(tmp_path / "state")
        state = store.create_run(_goal(tmp_path), "FAILED-ACTION-OBSERVATION")
        patch = GoalPlanPatch(
            patch_id="GPP-failing-check",
            base_revision=0,
            add_steps=(
                GoalPlanStep(
                    step_id="S1",
                    objective="Run one observable command check",
                    phase="execute",
                    success_evidence=("the check exits with the expected code",),
                ),
            ),
            replace_steps=(),
            discard_step_ids=(),
            reason="Exercise the mechanical failure observation boundary",
        )
        model = LongHorizonModel(
            ModelSession(
                _QueueClient(
                    [
                        json.dumps(
                            {
                                "function": "check_command",
                                "params": {
                                    "argv": ["false"],
                                    "cwd": ".",
                                    "expected_exit_code": 0,
                                },
                            }
                        )
                    ]
                ),
                settings=_settings(progressive=True),
            ),
            tool_selector=_selector(["check_command"]),
        )
        monkeypatch.setattr(
            StatefulGoalLoopController,
            "_validate_contract_patch_semantics",
            staticmethod(lambda *args, **kwargs: None),
        )
        controller = StatefulGoalLoopController(
            store,
            model=model,
            harness=model.harness,
            supervisor=_StrongPlanner(patch),
            supervisor_policy=SupervisorPolicy(mode="static"),
            max_transitions=3,
        )
    
>       result = controller.run(state.run_id)
                 ^^^^^^^^^^^^^^^^^^^^^^^^^^^^

tests/test_stateful_goal_loop.py:4251: 
_ _ _ _ _ _ _ _ _ _ _ _ _ _ _ _ _ _ _ _ _ _ _ _ _ _ _ _ _ _ _ _ _ _ _ _ _ _ _ _ 
rwkv_lh/stateful_goal_loop.py:1850: in run
    self.model.append_action_observation(
_ _ _ _ _ _ _ _ _ _ _ _ _ _ _ _ _ _ _ _ _ _ _ _ _ _ _ _ _ _ _ _ _ _ _ _ _ _ _ _ 

self = <rwkv_lh.model.LongHorizonModel object at 0x7af70969d790>
state = RunState(run_id='FAILED-ACTION-OBSERVATION', goal=GoalState(goal_id='G1', request='Inspect the project and report veri..._at='2026-09-09T17:46:53.388+00:00', updated_at='2026-09-09T17:46:53.624+00:00', schema_version='long-horizon.run.v18')
persist = <bound method LongHorizonController._persist_callback of <rwkv_lh.stateful_goal_loop.StatefulGoalLoopController object at 0x7af709a92850>>
event = ModelEvent(event_type='action_result', event_id='EV-ACTION-A00001', scope_id='LANE:ACTION', payload={'action_id': 'A00...ee', 'identical_result_count': 1}, content_refs=(), complete=True, continuation=None, event_version='rwkv-lh.event.v2')

    def append_action_observation(
        self,
        state: RunState,
        persist: PersistCallback,
        event: ModelEvent,
    ) -> ModelCheckpoint:
        """Commit one Harness result to the recurrent Executor lane.
    
        Mechanical evidence gating can reject a step without spending an
        Auditor generation. The Harness result must still enter the Executor
        State exactly once; otherwise a later controller slice rediscovers the
        finished action as crash-recovery work and the next Executor call lacks
        the failure details.
        """
    
        if event.event_type != "action_result":
            raise ModelProtocolError(
                "only a Harness action_result may enter the Executor observation lane"
            )
        if event.scope_id != self.ACTION_LANE_ID:
            raise ModelProtocolError(
                "Harness action_result must target the Executor action lane"
            )
        executor_checkpoint_id = state.lane_head("executor")
>       return self._append_event(state, checkpoint, event, persist)
                                         ^^^^^^^^^^
E       NameError: name 'checkpoint' is not defined

rwkv_lh/model.py:1320: NameError
_______ test_final_auditor_repair_returns_to_goal_loop_before_completion _______

tmp_path = PosixPath('/home/chase/GitHub/RWKV-LH/data/test_runs/pytest/test_final_auditor_repair_retu0')
monkeypatch = <_pytest.monkeypatch.MonkeyPatch object at 0x7af7099ede10>

    def test_final_auditor_repair_returns_to_goal_loop_before_completion(
        tmp_path: Path,
        monkeypatch: pytest.MonkeyPatch,
    ) -> None:
        store = LongHorizonStore(tmp_path / "state")
        state = store.create_run(_goal(tmp_path), "FINAL-AUDIT-REPAIR")
        session = ModelSession(
            _QueueClient(
                [
                    json.dumps(
                        {
                            "function": "write_file",
                            "params": {"path": "result.txt", "content": "verified"},
                        }
                    ),
                    json.dumps(
                        _audit_call(
                            "continue",
                            step_id="S1",
                            step_complete=True,
                            evidence_refs=["A00001"],
                            gaps=[],
                            reason="the mutation action succeeded",
                        )
                    ),
                    json.dumps(
                        {
                            "function": "final_answer",
                            "params": {"text": "Unsupported first candidate."},
                        }
                    ),
                    json.dumps(
                        _audit_call(
                            "repair",
                            step_id="",
                            step_complete=False,
                            evidence_refs=["A00001"],
                            gaps=["candidate does not report the committed artifact"],
                            reason="the final candidate is not evidence-complete",
                        )
                    ),
                    json.dumps(
                        {
                            "function": "final_answer",
                            "params": {"text": "Created and verified result.txt."},
                        }
                    ),
                    json.dumps(
                        _audit_call(
                            "ready_for_final",
                            step_id="",
                            step_complete=False,
                            evidence_refs=["A00001"],
                            gaps=[],
                            reason="the revised candidate covers committed evidence",
                        )
                    ),
                ]
            ),
            settings=_settings(progressive=True),
        )
        model = LongHorizonModel(
            session,
            tool_selector=_selector(["write_file"]),
        )
        monkeypatch.setattr(
            StatefulGoalLoopController,
            "_validate_contract_patch_semantics",
            staticmethod(lambda *args, **kwargs: None),
        )
        controller = StatefulGoalLoopController(
            store,
            model=model,
            harness=model.harness,
            supervisor=_StrongPlanner(_strong_patch(state)),
            supervisor_policy=SupervisorPolicy(mode="static"),
            max_transitions=12,
        )
    
>       result = controller.run(state.run_id)
                 ^^^^^^^^^^^^^^^^^^^^^^^^^^^^

tests/test_stateful_goal_loop.py:4345: 
_ _ _ _ _ _ _ _ _ _ _ _ _ _ _ _ _ _ _ _ _ _ _ _ _ _ _ _ _ _ _ _ _ _ _ _ _ _ _ _ 
rwkv_lh/stateful_goal_loop.py:1863: in run
    audit = self._run_pending_audit_boundary(state, pending_audit)
            ^^^^^^^^^^^^^^^^^^^^^^^^^^^^^^^^^^^^^^^^^^^^^^^^^^^^^^
rwkv_lh/stateful_goal_loop.py:1035: in _run_pending_audit_boundary
    return self.model.audit_goal_boundary(
rwkv_lh/model.py:988: in audit_goal_boundary
    self._record_role_fact(state, event, persist)
rwkv_lh/model.py:1840: in _record_role_fact
    persist(state, "role_fact_recorded", {"model_event": event.to_dict(),
rwkv_lh/controller.py:5497: in _persist_callback
    self._persist(state, event_type, event)
rwkv_lh/controller.py:5675: in _persist
    draft = CausalEventDraft.create(
_ _ _ _ _ _ _ _ _ _ _ _ _ _ _ _ _ _ _ _ _ _ _ _ _ _ _ _ _ _ _ _ _ _ _ _ _ _ _ _ 

cls = <class 'rwkv_lh.schema.CausalEventDraft'>
event_type = 'role_fact_recorded'
payload = {'model_event': {'event_type': 'action_result', 'event_version': 'rwkv-lh.event.v2', 'event_id': 'EV-ACTION-A00001', '...: 'LANE:ACTION', ...}, 'event_id': 'EV-ACTION-A00001', 'event_type': 'action_result', 'executor_cache_required': False}
subject_id = 'FINAL-AUDIT-REPAIR', cause_id = 'CE-000013'

    @classmethod
    def create(
        cls,
        event_type: str,
        payload: Mapping[str, Any],
        *,
        subject_id: str,
        cause_id: str | None = None,
    ) -> "CausalEventDraft":
        name = str(event_type or "")
        payload_schema = CAUSAL_EVENT_PAYLOAD_SCHEMAS.get(name)
        if payload_schema is None:
>           raise ValueError(f"unregistered causal event type: {name}")
E           ValueError: unregistered causal event type: role_fact_recorded

rwkv_lh/schema.py:852: ValueError
______________ test_planner_semantic_repair_reaches_stage_checker ______________

tmp_path = PosixPath('/home/chase/GitHub/RWKV-LH/data/test_runs/pytest/test_planner_semantic_repair_r0')
monkeypatch = <_pytest.monkeypatch.MonkeyPatch object at 0x7af709bf1550>

    def test_planner_semantic_repair_reaches_stage_checker(
        tmp_path: Path,
        monkeypatch: pytest.MonkeyPatch,
    ) -> None:
        store = LongHorizonStore(tmp_path / "state")
        state = store.create_run(_goal(tmp_path), "PLANNER-SEMANTIC-REPAIR")
        session = ModelSession(
            _QueueClient(
                [
                    json.dumps(
                        {
                            "function": "write_file",
                            "params": {"path": "result.txt", "content": "verified"},
                        }
                    ),
                    json.dumps(
                        _audit_call(
                            "continue",
                            step_id="S1",
                            step_complete=True,
                            evidence_refs=["A00001"],
                            gaps=[],
                            reason="the mutation stage completed",
                        )
                    ),
                    json.dumps(
                        {
                            "function": "read_file",
                            "params": {"path": "result.txt"},
                        }
                    ),
                    json.dumps(
                        _audit_call(
                            "continue",
                            step_id="S2",
                            step_complete=True,
                            evidence_refs=["A00002"],
                            gaps=[],
                            reason="the current result.txt bytes were observed",
                        )
                    ),
                    json.dumps(
                        {
                            "function": "final_answer",
                            "params": {"text": "Created and read back result.txt."},
                        }
                    ),
                    json.dumps(
                        _audit_call(
                            "ready_for_final",
                            step_id="",
                            step_complete=False,
                            evidence_refs=["A00001", "A00002"],
                            gaps=[],
                            reason="the repaired plan and final candidate are evidence-bound",
                        )
                    ),
                ]
            ),
            settings=_settings(progressive=True),
        )
        model = LongHorizonModel(
            session,
            tool_selector=_selector(["write_file", "read_file"]),
        )
        planner = _ScriptedStagePlanner(
            (
                _strong_patch(state),
                _strong_invalid_dependency_correction_patch(state),
                _strong_stage_readback_patch(state),
            ),
            (
                GoalStageReviewVerdict.REPAIR,
                GoalStageReviewVerdict.ADVANCE,
            ),
        )
        monkeypatch.setattr(
            StatefulGoalLoopController,
            "_validate_contract_patch_semantics",
            staticmethod(lambda *args, **kwargs: None),
        )
        controller = StatefulGoalLoopController(
            store,
            model=model,
            harness=model.harness,
            supervisor=planner,
            supervisor_policy=SupervisorPolicy(mode="static"),
            max_transitions=20,
        )
    
>       result = controller.run(state.run_id)
                 ^^^^^^^^^^^^^^^^^^^^^^^^^^^^

tests/test_stateful_goal_loop.py:4462: 
_ _ _ _ _ _ _ _ _ _ _ _ _ _ _ _ _ _ _ _ _ _ _ _ _ _ _ _ _ _ _ _ _ _ _ _ _ _ _ _ 
rwkv_lh/stateful_goal_loop.py:1863: in run
    audit = self._run_pending_audit_boundary(state, pending_audit)
            ^^^^^^^^^^^^^^^^^^^^^^^^^^^^^^^^^^^^^^^^^^^^^^^^^^^^^^
rwkv_lh/stateful_goal_loop.py:1035: in _run_pending_audit_boundary
    return self.model.audit_goal_boundary(
rwkv_lh/model.py:988: in audit_goal_boundary
    self._record_role_fact(state, event, persist)
rwkv_lh/model.py:1840: in _record_role_fact
    persist(state, "role_fact_recorded", {"model_event": event.to_dict(),
rwkv_lh/controller.py:5497: in _persist_callback
    self._persist(state, event_type, event)
rwkv_lh/controller.py:5675: in _persist
    draft = CausalEventDraft.create(
_ _ _ _ _ _ _ _ _ _ _ _ _ _ _ _ _ _ _ _ _ _ _ _ _ _ _ _ _ _ _ _ _ _ _ _ _ _ _ _ 

cls = <class 'rwkv_lh.schema.CausalEventDraft'>
event_type = 'role_fact_recorded'
payload = {'model_event': {'event_type': 'action_result', 'event_version': 'rwkv-lh.event.v2', 'event_id': 'EV-ACTION-A00001', '...: 'LANE:ACTION', ...}, 'event_id': 'EV-ACTION-A00001', 'event_type': 'action_result', 'executor_cache_required': False}
subject_id = 'PLANNER-SEMANTIC-REPAIR', cause_id = 'CE-000013'

    @classmethod
    def create(
        cls,
        event_type: str,
        payload: Mapping[str, Any],
        *,
        subject_id: str,
        cause_id: str | None = None,
    ) -> "CausalEventDraft":
        name = str(event_type or "")
        payload_schema = CAUSAL_EVENT_PAYLOAD_SCHEMAS.get(name)
        if payload_schema is None:
>           raise ValueError(f"unregistered causal event type: {name}")
E           ValueError: unregistered causal event type: role_fact_recorded

rwkv_lh/schema.py:852: ValueError
______ test_goal_stage_checker_transport_pending_resolves_after_response _______

tmp_path = PosixPath('/home/chase/GitHub/RWKV-LH/data/test_runs/pytest/test_goal_stage_checker_transp0')
monkeypatch = <_pytest.monkeypatch.MonkeyPatch object at 0x7af70968f380>

    def test_goal_stage_checker_transport_pending_resolves_after_response(
        tmp_path: Path, monkeypatch: pytest.MonkeyPatch,
    ) -> None:
        class RecoveringStagePlanner(_StrongPlanner):
            def review_goal_stage(self, request):
                if not self.stage_review_requests:
                    self.stage_review_requests.append(request)
                    raise RuntimeError("temporary stage checker transport failure")
                return super().review_goal_stage(request)
    
        store = LongHorizonStore(tmp_path / "state")
        state = store.create_run(_goal(tmp_path), "GOAL-STAGE-TRANSPORT-RESUME")
        queue = _QueueClient([
            ModelCommand("write_file", {"path": "result.txt", "content": "verified"}).canonical,
            json.dumps(_audit_call("continue", step_id="S1", step_complete=True,
                evidence_refs=["A00001"], gaps=[], reason="written")),
            ModelCommand("final_answer", {"text": "Created result.txt."}).canonical,
            json.dumps(_audit_call("ready_for_final", step_id="", step_complete=False,
                evidence_refs=["A00001"], gaps=[], reason="complete")),
        ])
        model = LongHorizonModel(ModelSession(queue, settings=_settings(progressive=True)),
            tool_selector=_selector(["write_file"]))
        planner = RecoveringStagePlanner(_strong_patch(state))
        monkeypatch.setattr(StatefulGoalLoopController, "_validate_contract_patch_semantics",
            staticmethod(lambda *a, **kw: None))
        controller = StatefulGoalLoopController(store, model=model, harness=model.harness,
            supervisor=planner, supervisor_policy=SupervisorPolicy(mode="static"), max_transitions=20)
>       first = controller.run(state.run_id)
                ^^^^^^^^^^^^^^^^^^^^^^^^^^^^

tests/test_stateful_goal_loop.py:4717: 
_ _ _ _ _ _ _ _ _ _ _ _ _ _ _ _ _ _ _ _ _ _ _ _ _ _ _ _ _ _ _ _ _ _ _ _ _ _ _ _ 
rwkv_lh/stateful_goal_loop.py:1863: in run
    audit = self._run_pending_audit_boundary(state, pending_audit)
            ^^^^^^^^^^^^^^^^^^^^^^^^^^^^^^^^^^^^^^^^^^^^^^^^^^^^^^
rwkv_lh/stateful_goal_loop.py:1035: in _run_pending_audit_boundary
    return self.model.audit_goal_boundary(
rwkv_lh/model.py:988: in audit_goal_boundary
    self._record_role_fact(state, event, persist)
rwkv_lh/model.py:1840: in _record_role_fact
    persist(state, "role_fact_recorded", {"model_event": event.to_dict(),
rwkv_lh/controller.py:5497: in _persist_callback
    self._persist(state, event_type, event)
rwkv_lh/controller.py:5675: in _persist
    draft = CausalEventDraft.create(
_ _ _ _ _ _ _ _ _ _ _ _ _ _ _ _ _ _ _ _ _ _ _ _ _ _ _ _ _ _ _ _ _ _ _ _ _ _ _ _ 

cls = <class 'rwkv_lh.schema.CausalEventDraft'>
event_type = 'role_fact_recorded'
payload = {'model_event': {'event_type': 'action_result', 'event_version': 'rwkv-lh.event.v2', 'event_id': 'EV-ACTION-A00001', '...: 'LANE:ACTION', ...}, 'event_id': 'EV-ACTION-A00001', 'event_type': 'action_result', 'executor_cache_required': False}
subject_id = 'GOAL-STAGE-TRANSPORT-RESUME', cause_id = 'CE-000013'

    @classmethod
    def create(
        cls,
        event_type: str,
        payload: Mapping[str, Any],
        *,
        subject_id: str,
        cause_id: str | None = None,
    ) -> "CausalEventDraft":
        name = str(event_type or "")
        payload_schema = CAUSAL_EVENT_PAYLOAD_SCHEMAS.get(name)
        if payload_schema is None:
>           raise ValueError(f"unregistered causal event type: {name}")
E           ValueError: unregistered causal event type: role_fact_recorded

rwkv_lh/schema.py:852: ValueError
________ test_rwkv_repair_audit_continues_same_step_without_replanning _________

tmp_path = PosixPath('/home/chase/GitHub/RWKV-LH/data/test_runs/pytest/test_rwkv_repair_audit_continu0')
monkeypatch = <_pytest.monkeypatch.MonkeyPatch object at 0x7af709c7dfd0>

    def test_rwkv_repair_audit_continues_same_step_without_replanning(
        tmp_path: Path,
        monkeypatch: pytest.MonkeyPatch,
    ) -> None:
        store = LongHorizonStore(tmp_path / "state")
        state = store.create_run(_goal(tmp_path), "STATEFUL-STRONG-REPLAN")
        (Path(state.goal.workspace_root) / "result.txt").write_text(
            "preexisting\n",
            encoding="utf-8",
        )
        session = ModelSession(
            _QueueClient(
                [
                    json.dumps(
                        {
                            "function": "write_file",
                            "params": {"path": "result.txt", "content": "verified"},
                        }
                    ),
                    json.dumps(
                        {
                            "function": "write_file",
                            "params": {"path": "result.txt", "content": "verified"},
                        }
                    ),
                    json.dumps(
                        _audit_call(
                            "continue",
                            step_id="S1",
                            step_complete=True,
                            evidence_refs=["A00002"],
                            gaps=[],
                            reason="the requested artifact now exists",
                        )
                    ),
                    json.dumps(
                        {
                            "function": "final_answer",
                            "params": {"text": "Recovered and created result.txt."},
                        }
                    ),
                    json.dumps(
                        _audit_call(
                            "ready_for_final",
                            step_id="",
                            step_complete=False,
                            evidence_refs=["A00002"],
                            gaps=[],
                            reason="the completed plan has accepted mutation evidence",
                        )
                    ),
                ]
            ),
            settings=_settings(progressive=True),
        )
        model = LongHorizonModel(
            session,
            tool_selector=_selector(["write_file", "write_file"]),
        )
        real_execute = model.harness.execute
        execute_count = 0
    
        def fail_first_execution(action, goal):
            nonlocal execute_count
            execute_count += 1
            if execute_count == 1:
                return ActionResult(
                    "write_file",
                    False,
                    error={
                        "type": "InjectedWriteFailure",
                        "message": "injected first write failure",
                    },
                )
            return real_execute(action, goal)
    
        monkeypatch.setattr(model.harness, "execute", fail_first_execution)
        planner = _StrongPlanner(_strong_patch(state))
        monkeypatch.setattr(
            StatefulGoalLoopController,
            "_validate_contract_patch_semantics",
            staticmethod(lambda *args, **kwargs: None),
        )
        controller = StatefulGoalLoopController(
            store,
            model=model,
            harness=model.harness,
            supervisor=planner,
            supervisor_policy=SupervisorPolicy(mode="static"),
            max_transitions=12,
        )
    
>       result = controller.run(state.run_id)
                 ^^^^^^^^^^^^^^^^^^^^^^^^^^^^

tests/test_stateful_goal_loop.py:4863: 
_ _ _ _ _ _ _ _ _ _ _ _ _ _ _ _ _ _ _ _ _ _ _ _ _ _ _ _ _ _ _ _ _ _ _ _ _ _ _ _ 
rwkv_lh/stateful_goal_loop.py:1850: in run
    self.model.append_action_observation(
_ _ _ _ _ _ _ _ _ _ _ _ _ _ _ _ _ _ _ _ _ _ _ _ _ _ _ _ _ _ _ _ _ _ _ _ _ _ _ _ 

self = <rwkv_lh.model.LongHorizonModel object at 0x7af70969c710>
state = RunState(run_id='STATEFUL-STRONG-REPLAN', goal=GoalState(goal_id='G1', request='Inspect the project and report verifie..._at='2026-09-09T17:46:55.891+00:00', updated_at='2026-09-09T17:46:56.067+00:00', schema_version='long-horizon.run.v18')
persist = <bound method LongHorizonController._persist_callback of <rwkv_lh.stateful_goal_loop.StatefulGoalLoopController object at 0x7af709a92850>>
event = ModelEvent(event_type='action_result', event_id='EV-ACTION-A00001', scope_id='LANE:ACTION', payload={'action_id': 'A00...72', 'identical_result_count': 1}, content_refs=(), complete=True, continuation=None, event_version='rwkv-lh.event.v2')

    def append_action_observation(
        self,
        state: RunState,
        persist: PersistCallback,
        event: ModelEvent,
    ) -> ModelCheckpoint:
        """Commit one Harness result to the recurrent Executor lane.
    
        Mechanical evidence gating can reject a step without spending an
        Auditor generation. The Harness result must still enter the Executor
        State exactly once; otherwise a later controller slice rediscovers the
        finished action as crash-recovery work and the next Executor call lacks
        the failure details.
        """
    
        if event.event_type != "action_result":
            raise ModelProtocolError(
                "only a Harness action_result may enter the Executor observation lane"
            )
        if event.scope_id != self.ACTION_LANE_ID:
            raise ModelProtocolError(
                "Harness action_result must target the Executor action lane"
            )
        executor_checkpoint_id = state.lane_head("executor")
>       return self._append_event(state, checkpoint, event, persist)
                                         ^^^^^^^^^^
E       NameError: name 'checkpoint' is not defined

rwkv_lh/model.py:1320: NameError
______ test_stage_repair_survives_planner_outage_and_resumes_before_final ______

tmp_path = PosixPath('/home/chase/GitHub/RWKV-LH/data/test_runs/pytest/test_stage_repair_survives_pla0')

    def test_stage_repair_survives_planner_outage_and_resumes_before_final(
        tmp_path: Path,
    ) -> None:
        store = LongHorizonStore(tmp_path / "state")
        state = store.create_run(_goal(tmp_path), "STAGE-REPAIR-RESUME")
        session = ModelSession(
            _QueueClient(
                [
                    json.dumps(
                        {
                            "function": "write_file",
                            "params": {"path": "result.txt", "content": "verified"},
                        }
                    ),
                    json.dumps(
                        _audit_call(
                            "continue",
                            step_id="S1",
                            step_complete=True,
                            evidence_refs=["A00001"],
                            gaps=[],
                            reason="the mutation action succeeded",
                        )
                    ),
                ]
            ),
            settings=_settings(progressive=True),
        )
        model = LongHorizonModel(
            session,
            tool_selector=_selector(["write_file"]),
        )
        first_planner = _StrongPlanner(
            _strong_patch(state),
            stage_verdict=GoalStageReviewVerdict.REPAIR,
        )
        first = StatefulGoalLoopController(
            store,
            model=model,
            harness=model.harness,
            supervisor=first_planner,
            supervisor_policy=SupervisorPolicy(mode="static"),
            max_transitions=10,
>       ).run(state.run_id)
          ^^^^^^^^^^^^^^^^^

tests/test_stateful_goal_loop.py:4970: 
_ _ _ _ _ _ _ _ _ _ _ _ _ _ _ _ _ _ _ _ _ _ _ _ _ _ _ _ _ _ _ _ _ _ _ _ _ _ _ _ 
rwkv_lh/stateful_goal_loop.py:1863: in run
    audit = self._run_pending_audit_boundary(state, pending_audit)
            ^^^^^^^^^^^^^^^^^^^^^^^^^^^^^^^^^^^^^^^^^^^^^^^^^^^^^^
rwkv_lh/stateful_goal_loop.py:1035: in _run_pending_audit_boundary
    return self.model.audit_goal_boundary(
rwkv_lh/model.py:988: in audit_goal_boundary
    self._record_role_fact(state, event, persist)
rwkv_lh/model.py:1840: in _record_role_fact
    persist(state, "role_fact_recorded", {"model_event": event.to_dict(),
rwkv_lh/controller.py:5497: in _persist_callback
    self._persist(state, event_type, event)
rwkv_lh/controller.py:5675: in _persist
    draft = CausalEventDraft.create(
_ _ _ _ _ _ _ _ _ _ _ _ _ _ _ _ _ _ _ _ _ _ _ _ _ _ _ _ _ _ _ _ _ _ _ _ _ _ _ _ 

cls = <class 'rwkv_lh.schema.CausalEventDraft'>
event_type = 'role_fact_recorded'
payload = {'model_event': {'event_type': 'action_result', 'event_version': 'rwkv-lh.event.v2', 'event_id': 'EV-ACTION-A00001', '...: 'LANE:ACTION', ...}, 'event_id': 'EV-ACTION-A00001', 'event_type': 'action_result', 'executor_cache_required': False}
subject_id = 'STAGE-REPAIR-RESUME', cause_id = 'CE-000013'

    @classmethod
    def create(
        cls,
        event_type: str,
        payload: Mapping[str, Any],
        *,
        subject_id: str,
        cause_id: str | None = None,
    ) -> "CausalEventDraft":
        name = str(event_type or "")
        payload_schema = CAUSAL_EVENT_PAYLOAD_SCHEMAS.get(name)
        if payload_schema is None:
>           raise ValueError(f"unregistered causal event type: {name}")
E           ValueError: unregistered causal event type: role_fact_recorded

rwkv_lh/schema.py:852: ValueError
____ test_protocol_schema_identities_are_frozen_without_historical_versions ____

    def test_protocol_schema_identities_are_frozen_without_historical_versions() -> None:
        import importlib
        from pathlib import Path
    
        modules = {}
        directory = Path(executor_args_v6.__file__).parent
        for path in directory.glob("*.py"):
            if path.name == "__init__.py":
                continue
            module = importlib.import_module(f"rwkv_lh.goal_state_protocols.{path.stem}")
            if hasattr(module, "INPUT_SCHEMA_VERSION"):
                modules[module] = path.stem
        expected = {
            selector_intent_v6: ("selector-intent", "v5"),
            executor_args_v6: ("executor-args", "v5"),
            auditor_step_v6: ("auditor-step", "v5"),
            finalizer_answer: ("finalizer-answer", "v2"),
            auditor_final: ("auditor-final", "v4"),
        }
        assert set(modules) == set(expected)
        for module, (stage, version) in expected.items():
            identity = f"rwkv-lh.g1j-per-stage-state-tuning.{stage}.{version}"
>           assert module.INPUT_SCHEMA_VERSION == identity
E           AssertionError: assert 'rwkv-lh.g1j-...tor-intent.v6' == 'rwkv-lh.g1j-...tor-intent.v5'
E             
E             Skipping 42 identical leading characters in diff, use -v to show
E             - r-intent.v5
E             ?           ^
E             + r-intent.v6
E             ?           ^

tests/test_goal_state_protocols.py:174: AssertionError
_____ test_role_builder_preserves_registered_prompt_bytes[auditor_step_v6] _____

protocol_name = 'auditor_step_v6'

    @pytest.mark.parametrize('protocol_name', tuple(_PROTOCOLS))
    def test_role_builder_preserves_registered_prompt_bytes(protocol_name: str) -> None:
        baseline = json.loads(_BASELINE.read_text(encoding='utf-8'))
>       record = next(item for item in baseline['records'] if item['protocol'] == protocol_name)
                 ^^^^^^^^^^^^^^^^^^^^^^^^^^^^^^^^^^^^^^^^^^^^^^^^^^^^^^^^^^^^^^^^^^^^^^^^^^^^^^^
E       StopIteration

tests/test_role_prompt_builders.py:30: StopIteration
_______ test_auditor_builder_owns_catalog_construction[auditor_step_v6] ________

protocol_name = 'auditor_step_v6'
monkeypatch = <_pytest.monkeypatch.MonkeyPatch object at 0x7af70d9bf690>

    @pytest.mark.parametrize('protocol_name', ('auditor_step_v6', 'auditor_final'))
    def test_auditor_builder_owns_catalog_construction(
        protocol_name: str, monkeypatch: pytest.MonkeyPatch
    ) -> None:
        baseline = json.loads(_BASELINE.read_text(encoding='utf-8'))
>       record = next(item for item in baseline['records'] if item['protocol'] == protocol_name)
                 ^^^^^^^^^^^^^^^^^^^^^^^^^^^^^^^^^^^^^^^^^^^^^^^^^^^^^^^^^^^^^^^^^^^^^^^^^^^^^^^
E       StopIteration

tests/test_role_prompt_builders.py:42: StopIteration
=========================== short test summary info ============================
ERROR tests/test_role_chain_contracts.py::test_current_role_input_preserves_original_requirement[executor_args]
ERROR tests/test_role_chain_contracts.py::test_current_role_input_preserves_original_requirement[auditor_step]
ERROR tests/test_role_chain_contracts.py::test_independent_role_does_not_materialize_executor_cache[auditor_step]
ERROR tests/test_role_chain_contracts.py::test_independent_role_does_not_materialize_executor_cache[finalizer_answer]
ERROR tests/test_role_chain_contracts.py::test_independent_role_does_not_materialize_executor_cache[auditor_final]
ERROR tests/test_role_trace_inputs.py::test_all_five_roles_rebuild_feedback_from_their_exact_durable_boundary[feedback]
ERROR tests/test_role_trace_inputs.py::test_every_role_matches_actual_controller_checkpoint[False-executor_args-tool_schema_disclosed]
ERROR tests/test_role_trace_inputs.py::test_every_role_matches_actual_controller_checkpoint[False-auditor_step-goal_auditor_session_started]
ERROR tests/test_role_trace_inputs.py::test_every_role_matches_actual_controller_checkpoint[False-finalizer_answer-goal_finalizer_session_started]
ERROR tests/test_role_trace_inputs.py::test_every_role_matches_actual_controller_checkpoint[False-auditor_final-goal_auditor_session_started]
ERROR tests/test_role_trace_inputs.py::test_every_role_matches_actual_controller_checkpoint[True-executor_args-tool_schema_disclosed]
ERROR tests/test_role_trace_inputs.py::test_every_role_matches_actual_controller_checkpoint[True-auditor_step-goal_auditor_session_started]
ERROR tests/test_role_trace_inputs.py::test_every_role_matches_actual_controller_checkpoint[True-finalizer_answer-goal_finalizer_session_started]
ERROR tests/test_role_trace_inputs.py::test_every_role_matches_actual_controller_checkpoint[True-auditor_final-goal_auditor_session_started]
ERROR tests/test_role_trace_inputs.py::test_selector_snapshot_matches_production_votes
ERROR tests/test_role_trace_inputs.py::test_audit_coverage_excludes_unreferenced_actions
ERROR tests/test_role_trace_inputs.py::test_audit_coverage_ignores_later_unseen_assignment
FAILED tests/test_role_chain_contracts.py::test_selector_handoff_is_durable_before_native_executor_allocation
FAILED tests/test_stateful_goal_loop.py::test_accepted_audit_is_committed_without_regeneration_after_process_loss[auditor_step]
FAILED tests/test_stateful_goal_loop.py::test_accepted_audit_is_committed_without_regeneration_after_process_loss[auditor_final]
FAILED tests/test_stateful_goal_loop.py::test_final_evidence_gap_reopens_execution_with_bound_feedback[False]
FAILED tests/test_stateful_goal_loop.py::test_final_evidence_gap_reopens_execution_with_bound_feedback[True]
FAILED tests/test_stateful_goal_loop.py::test_target_contract_excludes_mechanically_completed_roots[mutate-missing_reads2-missing_writes2-mutate]
FAILED tests/test_stateful_goal_loop.py::test_operation_target_mismatch_is_repaired_before_harness[read_json-.-config.json]
FAILED tests/test_stateful_goal_loop.py::test_operation_target_mismatch_is_repaired_before_harness[read_file-.-tool.py]
FAILED tests/test_stateful_goal_loop.py::test_operation_target_mismatch_is_repaired_before_harness[list_directory-tool.py-.]
FAILED tests/test_stateful_goal_loop.py::test_stateful_mutating_command_completes_from_observed_path_delta
FAILED tests/test_stateful_goal_loop.py::test_goal_selector_uses_three_fresh_evaluations_for_executable_frontier
FAILED tests/test_stateful_goal_loop.py::test_incomplete_goal_obligation_coverage_requests_a_continuation_patch
FAILED tests/test_stateful_goal_loop.py::test_planner_separates_mutation_and_readback_into_stateful_steps
FAILED tests/test_stateful_goal_loop.py::test_repeated_goal_io_failures_keep_step_until_actual_failure_budget
FAILED tests/test_stateful_goal_loop.py::test_transient_tool_failures_recover_on_same_step[False]
FAILED tests/test_stateful_goal_loop.py::test_transient_tool_failures_recover_on_same_step[True]
FAILED tests/test_stateful_goal_loop.py::test_read_only_step_repair_keeps_same_step_and_bounds_identical_repeats
FAILED tests/test_stateful_goal_loop.py::test_mutation_noop_repair_keeps_same_step_and_bounds_identical_repeats
FAILED tests/test_stateful_goal_loop.py::test_successful_directory_observation_repair_can_read_next_without_replanning
FAILED tests/test_stateful_goal_loop.py::test_protocol_invalid_step_audit_keeps_plan_and_recovers[False]
FAILED tests/test_stateful_goal_loop.py::test_protocol_invalid_step_audit_keeps_plan_and_recovers[True]
FAILED tests/test_stateful_goal_loop.py::test_repeated_executor_provenance_rejection_recovers_without_replanning
FAILED tests/test_stateful_goal_loop.py::test_invalid_pre_final_audit_retries_same_candidate
FAILED tests/test_stateful_goal_loop.py::test_contradictory_step_audit_retries_same_boundary_without_repeating_action
FAILED tests/test_stateful_goal_loop.py::test_rwkv_audit_uses_clean_role_state_and_never_contaminates_executor
FAILED tests/test_stateful_goal_loop.py::test_stateful_goal_loop_completes_only_after_rwkv_audit
FAILED tests/test_stateful_goal_loop.py::test_stateful_executor_protocol_retry_reuses_consumed_selection
FAILED tests/test_stateful_goal_loop.py::test_stateful_executor_reselects_after_one_failed_same_tool_retry
FAILED tests/test_stateful_goal_loop.py::test_goal_audit_protocol_budget_stops_repeated_pre_final_cycle
FAILED tests/test_stateful_goal_loop.py::test_semantic_final_audit_repair_has_a_fixed_identical_gap_budget
FAILED tests/test_stateful_goal_loop.py::test_mechanical_repair_appends_failed_action_to_executor_state_once
FAILED tests/test_stateful_goal_loop.py::test_final_auditor_repair_returns_to_goal_loop_before_completion
FAILED tests/test_stateful_goal_loop.py::test_planner_semantic_repair_reaches_stage_checker
FAILED tests/test_stateful_goal_loop.py::test_goal_stage_checker_transport_pending_resolves_after_response
FAILED tests/test_stateful_goal_loop.py::test_rwkv_repair_audit_continues_same_step_without_replanning
FAILED tests/test_stateful_goal_loop.py::test_stage_repair_survives_planner_outage_and_resumes_before_final
FAILED tests/test_goal_state_protocols.py::test_protocol_schema_identities_are_frozen_without_historical_versions
FAILED tests/test_role_prompt_builders.py::test_role_builder_preserves_registered_prompt_bytes[auditor_step_v6]
FAILED tests/test_role_prompt_builders.py::test_auditor_builder_owns_catalog_construction[auditor_step_v6]
39 failed, 167 passed, 17 errors in 41.73s
