...EE.FF...EEEEEEEEEE.FEEF.                                              [100%]
==================================== ERRORS ====================================
_ ERROR at setup of test_current_role_input_preserves_original_requirement[executor_args] _

tmp_path = PosixPath('/home/chase/GitHub/RWKV-LH/data/test_runs/pytest/test_current_role_input_preser0')
monkeypatch = <_pytest.monkeypatch.MonkeyPatch object at 0x7b5dfae87680>
request = <SubRequest 'controller_role_snapshots' for <Function test_current_role_input_preserves_original_requirement[executor_args]>>

    @pytest.fixture
    def controller_role_snapshots(tmp_path: Path, monkeypatch, request):
        # Reuse the existing Controller mock transport fixtures. Harness I/O is real;
        # Planner, Selector and audits are explicitly mock decisions, not labels.
        import json
        from test_stateful_goal_loop import (
            _QueueClient, _StrongPlanner, _audit_call, _goal, _selector, _settings,
            _strong_patch,
        )
        from rwkv_lh.model import LongHorizonModel
        from rwkv_lh.model_session import ModelSession
        from rwkv_lh.schema import RunState
        from rwkv_lh.supervisor import SupervisorPolicy
    
        store = LongHorizonStore(tmp_path / "state", checkpoint_retention=1000)
        state = store.create_run(_goal(tmp_path), "ROLE-INPUT-CONTROLLER-FIXTURE")
        snapshots = []
        original_save = store.save
    
        def capture(*args, **kwargs):
            saved = original_save(*args, **kwargs)
            snapshots.append(RunState.from_dict(saved.to_dict()))
            return saved
    
        monkeypatch.setattr(store, "save", capture)
        outputs = [
            json.dumps({"function": "write_file", "params": {"path": "result.txt", "content": "verified content"}}),
            json.dumps(_audit_call("continue", step_id="S1", step_complete=True, evidence_refs=["A00001"], gaps=[], reason="Fixture write observed")),
            json.dumps({"function": "final_answer", "params": {"text": "Created result.txt."}}),
            json.dumps(_audit_call("ready_for_final", step_id="", step_complete=False, evidence_refs=["A00001"], gaps=[], reason="Fixture final evidence present")),
        ]
        exercise_feedback = getattr(request, "param", None) == "feedback"
        if exercise_feedback:
            from rwkv_lh.goal_state_protocols import auditor_step_v6
            gap = next(item["code"] for item in auditor_step_v6.build_gap_catalog(
                _strong_patch(state).add_steps[0].to_dict(), ()
            ) if item["code"].startswith("phase_evidence_unproved:"))
            outputs = [
                outputs[0], "{}",
                json.dumps(_audit_call("repair", step_id="S1", step_complete=False, evidence_refs=["A00001"], gaps=[gap], reason="Fixture semantic gap")),
                json.dumps({"function": "write_file", "params": {"path": "result.txt", "content": "verified revised content"}}),
                json.dumps(_audit_call("continue", step_id="S1", step_complete=True, evidence_refs=["A00002"], gaps=[], reason="Fixture revision observed")),
                outputs[2], "{}",
                json.dumps(_audit_call("repair", step_id="", step_complete=False, evidence_refs=["A00002"], gaps=["candidate_omits_required_result"], reason="Fixture answer gap")),
                "{}",
                json.dumps({"function": "final_answer", "params": {"text": "Created and revised result.txt."}}),
                json.dumps(_audit_call("ready_for_final", step_id="", step_complete=False, evidence_refs=["A00002"], gaps=[], reason="Fixture final evidence present")),
            ]
        queue = _QueueClient(outputs)
        model = LongHorizonModel(ModelSession(queue, settings=_settings(progressive=True)), tool_selector=_selector(["write_file"] * (2 if exercise_feedback else 1)))
        monkeypatch.setattr(StatefulGoalLoopController, "_validate_contract_patch_semantics", staticmethod(lambda *args, **kwargs: None))
        transition_budget = 30 if exercise_feedback else getattr(request, "param", 20)
        controller = StatefulGoalLoopController(
            store, model=model, harness=model.harness, supervisor=_StrongPlanner(_strong_patch(state)),
            supervisor_policy=SupervisorPolicy(mode="static"), max_transitions=transition_budget,
        )
>       final = controller.run(state.run_id).state
                ^^^^^^^^^^^^^^^^^^^^^^^^^^^^

tests/test_role_trace_inputs.py:172: 
_ _ _ _ _ _ _ _ _ _ _ _ _ _ _ _ _ _ _ _ _ _ _ _ _ _ _ _ _ _ _ _ _ _ _ _ _ _ _ _ 
rwkv_lh/stateful_goal_loop.py:2106: in run
    selector_progress = self._selector_current_progress(
rwkv_lh/stateful_goal_loop.py:385: in _selector_current_progress
    progress = selector_intent_v6.build_current_progress(
rwkv_lh/goal_state_protocols/selector_intent_v6.py:314: in build_current_progress
    validate_progress(progress, read_roots=read_roots, write_roots=write_roots)
rwkv_lh/goal_state_protocols/selector_intent_v6.py:401: in validate_progress
    selected = _exact_fields(progress, PROGRESS_FIELDS, "current_progress")
               ^^^^^^^^^^^^^^^^^^^^^^^^^^^^^^^^^^^^^^^^^^^^^^^^^^^^^^^^^^^^
_ _ _ _ _ _ _ _ _ _ _ _ _ _ _ _ _ _ _ _ _ _ _ _ _ _ _ _ _ _ _ _ _ _ _ _ _ _ _ _ 

value = {'assigned_action_count': 0, 'successful_action_count': 0, 'failed_action_count': 0, 'last_action': None, ...}
fields = ('assigned_action_count', 'successful_action_count', 'failed_action_count', 'last_action', 'missing_read_roots', 'missing_write_roots', ...)
name = 'current_progress'

    def _exact_fields(
        value: Any,
        fields: Sequence[str],
        name: str,
    ) -> Mapping[str, Any]:
        selected = _mapping(value, name)
        if tuple(selected) != tuple(fields) or set(selected) != set(fields):
>           raise ValueError(f"{name} fields/order must be exactly {tuple(fields)!r}")
E           ValueError: current_progress fields/order must be exactly ('assigned_action_count', 'successful_action_count', 'failed_action_count', 'last_action', 'missing_read_roots', 'missing_write_roots', 'workspace_targets', 'completion_preconditions_satisfied', 'feedback', 'target_discovery_complete', 'recent_rejections', 'operation_targets')

rwkv_lh/goal_state_protocols/__init__.py:35: ValueError
_ ERROR at setup of test_current_role_input_preserves_original_requirement[auditor_step] _

tmp_path = PosixPath('/home/chase/GitHub/RWKV-LH/data/test_runs/pytest/test_current_role_input_preser1')
monkeypatch = <_pytest.monkeypatch.MonkeyPatch object at 0x7b5dfae87bd0>
request = <SubRequest 'controller_role_snapshots' for <Function test_current_role_input_preserves_original_requirement[auditor_step]>>

    @pytest.fixture
    def controller_role_snapshots(tmp_path: Path, monkeypatch, request):
        # Reuse the existing Controller mock transport fixtures. Harness I/O is real;
        # Planner, Selector and audits are explicitly mock decisions, not labels.
        import json
        from test_stateful_goal_loop import (
            _QueueClient, _StrongPlanner, _audit_call, _goal, _selector, _settings,
            _strong_patch,
        )
        from rwkv_lh.model import LongHorizonModel
        from rwkv_lh.model_session import ModelSession
        from rwkv_lh.schema import RunState
        from rwkv_lh.supervisor import SupervisorPolicy
    
        store = LongHorizonStore(tmp_path / "state", checkpoint_retention=1000)
        state = store.create_run(_goal(tmp_path), "ROLE-INPUT-CONTROLLER-FIXTURE")
        snapshots = []
        original_save = store.save
    
        def capture(*args, **kwargs):
            saved = original_save(*args, **kwargs)
            snapshots.append(RunState.from_dict(saved.to_dict()))
            return saved
    
        monkeypatch.setattr(store, "save", capture)
        outputs = [
            json.dumps({"function": "write_file", "params": {"path": "result.txt", "content": "verified content"}}),
            json.dumps(_audit_call("continue", step_id="S1", step_complete=True, evidence_refs=["A00001"], gaps=[], reason="Fixture write observed")),
            json.dumps({"function": "final_answer", "params": {"text": "Created result.txt."}}),
            json.dumps(_audit_call("ready_for_final", step_id="", step_complete=False, evidence_refs=["A00001"], gaps=[], reason="Fixture final evidence present")),
        ]
        exercise_feedback = getattr(request, "param", None) == "feedback"
        if exercise_feedback:
            from rwkv_lh.goal_state_protocols import auditor_step_v6
            gap = next(item["code"] for item in auditor_step_v6.build_gap_catalog(
                _strong_patch(state).add_steps[0].to_dict(), ()
            ) if item["code"].startswith("phase_evidence_unproved:"))
            outputs = [
                outputs[0], "{}",
                json.dumps(_audit_call("repair", step_id="S1", step_complete=False, evidence_refs=["A00001"], gaps=[gap], reason="Fixture semantic gap")),
                json.dumps({"function": "write_file", "params": {"path": "result.txt", "content": "verified revised content"}}),
                json.dumps(_audit_call("continue", step_id="S1", step_complete=True, evidence_refs=["A00002"], gaps=[], reason="Fixture revision observed")),
                outputs[2], "{}",
                json.dumps(_audit_call("repair", step_id="", step_complete=False, evidence_refs=["A00002"], gaps=["candidate_omits_required_result"], reason="Fixture answer gap")),
                "{}",
                json.dumps({"function": "final_answer", "params": {"text": "Created and revised result.txt."}}),
                json.dumps(_audit_call("ready_for_final", step_id="", step_complete=False, evidence_refs=["A00002"], gaps=[], reason="Fixture final evidence present")),
            ]
        queue = _QueueClient(outputs)
        model = LongHorizonModel(ModelSession(queue, settings=_settings(progressive=True)), tool_selector=_selector(["write_file"] * (2 if exercise_feedback else 1)))
        monkeypatch.setattr(StatefulGoalLoopController, "_validate_contract_patch_semantics", staticmethod(lambda *args, **kwargs: None))
        transition_budget = 30 if exercise_feedback else getattr(request, "param", 20)
        controller = StatefulGoalLoopController(
            store, model=model, harness=model.harness, supervisor=_StrongPlanner(_strong_patch(state)),
            supervisor_policy=SupervisorPolicy(mode="static"), max_transitions=transition_budget,
        )
>       final = controller.run(state.run_id).state
                ^^^^^^^^^^^^^^^^^^^^^^^^^^^^

tests/test_role_trace_inputs.py:172: 
_ _ _ _ _ _ _ _ _ _ _ _ _ _ _ _ _ _ _ _ _ _ _ _ _ _ _ _ _ _ _ _ _ _ _ _ _ _ _ _ 
rwkv_lh/stateful_goal_loop.py:2106: in run
    selector_progress = self._selector_current_progress(
rwkv_lh/stateful_goal_loop.py:385: in _selector_current_progress
    progress = selector_intent_v6.build_current_progress(
rwkv_lh/goal_state_protocols/selector_intent_v6.py:314: in build_current_progress
    validate_progress(progress, read_roots=read_roots, write_roots=write_roots)
rwkv_lh/goal_state_protocols/selector_intent_v6.py:401: in validate_progress
    selected = _exact_fields(progress, PROGRESS_FIELDS, "current_progress")
               ^^^^^^^^^^^^^^^^^^^^^^^^^^^^^^^^^^^^^^^^^^^^^^^^^^^^^^^^^^^^
_ _ _ _ _ _ _ _ _ _ _ _ _ _ _ _ _ _ _ _ _ _ _ _ _ _ _ _ _ _ _ _ _ _ _ _ _ _ _ _ 

value = {'assigned_action_count': 0, 'successful_action_count': 0, 'failed_action_count': 0, 'last_action': None, ...}
fields = ('assigned_action_count', 'successful_action_count', 'failed_action_count', 'last_action', 'missing_read_roots', 'missing_write_roots', ...)
name = 'current_progress'

    def _exact_fields(
        value: Any,
        fields: Sequence[str],
        name: str,
    ) -> Mapping[str, Any]:
        selected = _mapping(value, name)
        if tuple(selected) != tuple(fields) or set(selected) != set(fields):
>           raise ValueError(f"{name} fields/order must be exactly {tuple(fields)!r}")
E           ValueError: current_progress fields/order must be exactly ('assigned_action_count', 'successful_action_count', 'failed_action_count', 'last_action', 'missing_read_roots', 'missing_write_roots', 'workspace_targets', 'completion_preconditions_satisfied', 'feedback', 'target_discovery_complete', 'recent_rejections', 'operation_targets')

rwkv_lh/goal_state_protocols/__init__.py:35: ValueError
_ ERROR at setup of test_all_five_roles_rebuild_feedback_from_their_exact_durable_boundary[feedback] _

tmp_path = PosixPath('/home/chase/GitHub/RWKV-LH/data/test_runs/pytest/test_all_five_roles_rebuild_fe0')
monkeypatch = <_pytest.monkeypatch.MonkeyPatch object at 0x7b5dfc841710>
request = <SubRequest 'controller_role_snapshots' for <Function test_all_five_roles_rebuild_feedback_from_their_exact_durable_boundary[feedback]>>

    @pytest.fixture
    def controller_role_snapshots(tmp_path: Path, monkeypatch, request):
        # Reuse the existing Controller mock transport fixtures. Harness I/O is real;
        # Planner, Selector and audits are explicitly mock decisions, not labels.
        import json
        from test_stateful_goal_loop import (
            _QueueClient, _StrongPlanner, _audit_call, _goal, _selector, _settings,
            _strong_patch,
        )
        from rwkv_lh.model import LongHorizonModel
        from rwkv_lh.model_session import ModelSession
        from rwkv_lh.schema import RunState
        from rwkv_lh.supervisor import SupervisorPolicy
    
        store = LongHorizonStore(tmp_path / "state", checkpoint_retention=1000)
        state = store.create_run(_goal(tmp_path), "ROLE-INPUT-CONTROLLER-FIXTURE")
        snapshots = []
        original_save = store.save
    
        def capture(*args, **kwargs):
            saved = original_save(*args, **kwargs)
            snapshots.append(RunState.from_dict(saved.to_dict()))
            return saved
    
        monkeypatch.setattr(store, "save", capture)
        outputs = [
            json.dumps({"function": "write_file", "params": {"path": "result.txt", "content": "verified content"}}),
            json.dumps(_audit_call("continue", step_id="S1", step_complete=True, evidence_refs=["A00001"], gaps=[], reason="Fixture write observed")),
            json.dumps({"function": "final_answer", "params": {"text": "Created result.txt."}}),
            json.dumps(_audit_call("ready_for_final", step_id="", step_complete=False, evidence_refs=["A00001"], gaps=[], reason="Fixture final evidence present")),
        ]
        exercise_feedback = getattr(request, "param", None) == "feedback"
        if exercise_feedback:
            from rwkv_lh.goal_state_protocols import auditor_step_v6
            gap = next(item["code"] for item in auditor_step_v6.build_gap_catalog(
                _strong_patch(state).add_steps[0].to_dict(), ()
            ) if item["code"].startswith("phase_evidence_unproved:"))
            outputs = [
                outputs[0], "{}",
                json.dumps(_audit_call("repair", step_id="S1", step_complete=False, evidence_refs=["A00001"], gaps=[gap], reason="Fixture semantic gap")),
                json.dumps({"function": "write_file", "params": {"path": "result.txt", "content": "verified revised content"}}),
                json.dumps(_audit_call("continue", step_id="S1", step_complete=True, evidence_refs=["A00002"], gaps=[], reason="Fixture revision observed")),
                outputs[2], "{}",
                json.dumps(_audit_call("repair", step_id="", step_complete=False, evidence_refs=["A00002"], gaps=["candidate_omits_required_result"], reason="Fixture answer gap")),
                "{}",
                json.dumps({"function": "final_answer", "params": {"text": "Created and revised result.txt."}}),
                json.dumps(_audit_call("ready_for_final", step_id="", step_complete=False, evidence_refs=["A00002"], gaps=[], reason="Fixture final evidence present")),
            ]
        queue = _QueueClient(outputs)
        model = LongHorizonModel(ModelSession(queue, settings=_settings(progressive=True)), tool_selector=_selector(["write_file"] * (2 if exercise_feedback else 1)))
        monkeypatch.setattr(StatefulGoalLoopController, "_validate_contract_patch_semantics", staticmethod(lambda *args, **kwargs: None))
        transition_budget = 30 if exercise_feedback else getattr(request, "param", 20)
        controller = StatefulGoalLoopController(
            store, model=model, harness=model.harness, supervisor=_StrongPlanner(_strong_patch(state)),
            supervisor_policy=SupervisorPolicy(mode="static"), max_transitions=transition_budget,
        )
>       final = controller.run(state.run_id).state
                ^^^^^^^^^^^^^^^^^^^^^^^^^^^^

tests/test_role_trace_inputs.py:172: 
_ _ _ _ _ _ _ _ _ _ _ _ _ _ _ _ _ _ _ _ _ _ _ _ _ _ _ _ _ _ _ _ _ _ _ _ _ _ _ _ 
rwkv_lh/stateful_goal_loop.py:2106: in run
    selector_progress = self._selector_current_progress(
rwkv_lh/stateful_goal_loop.py:385: in _selector_current_progress
    progress = selector_intent_v6.build_current_progress(
rwkv_lh/goal_state_protocols/selector_intent_v6.py:314: in build_current_progress
    validate_progress(progress, read_roots=read_roots, write_roots=write_roots)
rwkv_lh/goal_state_protocols/selector_intent_v6.py:401: in validate_progress
    selected = _exact_fields(progress, PROGRESS_FIELDS, "current_progress")
               ^^^^^^^^^^^^^^^^^^^^^^^^^^^^^^^^^^^^^^^^^^^^^^^^^^^^^^^^^^^^
_ _ _ _ _ _ _ _ _ _ _ _ _ _ _ _ _ _ _ _ _ _ _ _ _ _ _ _ _ _ _ _ _ _ _ _ _ _ _ _ 

value = {'assigned_action_count': 0, 'successful_action_count': 0, 'failed_action_count': 0, 'last_action': None, ...}
fields = ('assigned_action_count', 'successful_action_count', 'failed_action_count', 'last_action', 'missing_read_roots', 'missing_write_roots', ...)
name = 'current_progress'

    def _exact_fields(
        value: Any,
        fields: Sequence[str],
        name: str,
    ) -> Mapping[str, Any]:
        selected = _mapping(value, name)
        if tuple(selected) != tuple(fields) or set(selected) != set(fields):
>           raise ValueError(f"{name} fields/order must be exactly {tuple(fields)!r}")
E           ValueError: current_progress fields/order must be exactly ('assigned_action_count', 'successful_action_count', 'failed_action_count', 'last_action', 'missing_read_roots', 'missing_write_roots', 'workspace_targets', 'completion_preconditions_satisfied', 'feedback', 'target_discovery_complete', 'recent_rejections', 'operation_targets')

rwkv_lh/goal_state_protocols/__init__.py:35: ValueError
_ ERROR at setup of test_every_role_matches_actual_controller_checkpoint[False-executor_args-tool_schema_disclosed] _

tmp_path = PosixPath('/home/chase/GitHub/RWKV-LH/data/test_runs/pytest/test_every_role_matches_actual0')
monkeypatch = <_pytest.monkeypatch.MonkeyPatch object at 0x7b5df89cd190>
request = <SubRequest 'controller_role_snapshots' for <Function test_every_role_matches_actual_controller_checkpoint[False-executor_args-tool_schema_disclosed]>>

    @pytest.fixture
    def controller_role_snapshots(tmp_path: Path, monkeypatch, request):
        # Reuse the existing Controller mock transport fixtures. Harness I/O is real;
        # Planner, Selector and audits are explicitly mock decisions, not labels.
        import json
        from test_stateful_goal_loop import (
            _QueueClient, _StrongPlanner, _audit_call, _goal, _selector, _settings,
            _strong_patch,
        )
        from rwkv_lh.model import LongHorizonModel
        from rwkv_lh.model_session import ModelSession
        from rwkv_lh.schema import RunState
        from rwkv_lh.supervisor import SupervisorPolicy
    
        store = LongHorizonStore(tmp_path / "state", checkpoint_retention=1000)
        state = store.create_run(_goal(tmp_path), "ROLE-INPUT-CONTROLLER-FIXTURE")
        snapshots = []
        original_save = store.save
    
        def capture(*args, **kwargs):
            saved = original_save(*args, **kwargs)
            snapshots.append(RunState.from_dict(saved.to_dict()))
            return saved
    
        monkeypatch.setattr(store, "save", capture)
        outputs = [
            json.dumps({"function": "write_file", "params": {"path": "result.txt", "content": "verified content"}}),
            json.dumps(_audit_call("continue", step_id="S1", step_complete=True, evidence_refs=["A00001"], gaps=[], reason="Fixture write observed")),
            json.dumps({"function": "final_answer", "params": {"text": "Created result.txt."}}),
            json.dumps(_audit_call("ready_for_final", step_id="", step_complete=False, evidence_refs=["A00001"], gaps=[], reason="Fixture final evidence present")),
        ]
        exercise_feedback = getattr(request, "param", None) == "feedback"
        if exercise_feedback:
            from rwkv_lh.goal_state_protocols import auditor_step_v6
            gap = next(item["code"] for item in auditor_step_v6.build_gap_catalog(
                _strong_patch(state).add_steps[0].to_dict(), ()
            ) if item["code"].startswith("phase_evidence_unproved:"))
            outputs = [
                outputs[0], "{}",
                json.dumps(_audit_call("repair", step_id="S1", step_complete=False, evidence_refs=["A00001"], gaps=[gap], reason="Fixture semantic gap")),
                json.dumps({"function": "write_file", "params": {"path": "result.txt", "content": "verified revised content"}}),
                json.dumps(_audit_call("continue", step_id="S1", step_complete=True, evidence_refs=["A00002"], gaps=[], reason="Fixture revision observed")),
                outputs[2], "{}",
                json.dumps(_audit_call("repair", step_id="", step_complete=False, evidence_refs=["A00002"], gaps=["candidate_omits_required_result"], reason="Fixture answer gap")),
                "{}",
                json.dumps({"function": "final_answer", "params": {"text": "Created and revised result.txt."}}),
                json.dumps(_audit_call("ready_for_final", step_id="", step_complete=False, evidence_refs=["A00002"], gaps=[], reason="Fixture final evidence present")),
            ]
        queue = _QueueClient(outputs)
        model = LongHorizonModel(ModelSession(queue, settings=_settings(progressive=True)), tool_selector=_selector(["write_file"] * (2 if exercise_feedback else 1)))
        monkeypatch.setattr(StatefulGoalLoopController, "_validate_contract_patch_semantics", staticmethod(lambda *args, **kwargs: None))
        transition_budget = 30 if exercise_feedback else getattr(request, "param", 20)
        controller = StatefulGoalLoopController(
            store, model=model, harness=model.harness, supervisor=_StrongPlanner(_strong_patch(state)),
            supervisor_policy=SupervisorPolicy(mode="static"), max_transitions=transition_budget,
        )
>       final = controller.run(state.run_id).state
                ^^^^^^^^^^^^^^^^^^^^^^^^^^^^

tests/test_role_trace_inputs.py:172: 
_ _ _ _ _ _ _ _ _ _ _ _ _ _ _ _ _ _ _ _ _ _ _ _ _ _ _ _ _ _ _ _ _ _ _ _ _ _ _ _ 
rwkv_lh/stateful_goal_loop.py:2106: in run
    selector_progress = self._selector_current_progress(
rwkv_lh/stateful_goal_loop.py:385: in _selector_current_progress
    progress = selector_intent_v6.build_current_progress(
rwkv_lh/goal_state_protocols/selector_intent_v6.py:314: in build_current_progress
    validate_progress(progress, read_roots=read_roots, write_roots=write_roots)
rwkv_lh/goal_state_protocols/selector_intent_v6.py:401: in validate_progress
    selected = _exact_fields(progress, PROGRESS_FIELDS, "current_progress")
               ^^^^^^^^^^^^^^^^^^^^^^^^^^^^^^^^^^^^^^^^^^^^^^^^^^^^^^^^^^^^
_ _ _ _ _ _ _ _ _ _ _ _ _ _ _ _ _ _ _ _ _ _ _ _ _ _ _ _ _ _ _ _ _ _ _ _ _ _ _ _ 

value = {'assigned_action_count': 0, 'successful_action_count': 0, 'failed_action_count': 0, 'last_action': None, ...}
fields = ('assigned_action_count', 'successful_action_count', 'failed_action_count', 'last_action', 'missing_read_roots', 'missing_write_roots', ...)
name = 'current_progress'

    def _exact_fields(
        value: Any,
        fields: Sequence[str],
        name: str,
    ) -> Mapping[str, Any]:
        selected = _mapping(value, name)
        if tuple(selected) != tuple(fields) or set(selected) != set(fields):
>           raise ValueError(f"{name} fields/order must be exactly {tuple(fields)!r}")
E           ValueError: current_progress fields/order must be exactly ('assigned_action_count', 'successful_action_count', 'failed_action_count', 'last_action', 'missing_read_roots', 'missing_write_roots', 'workspace_targets', 'completion_preconditions_satisfied', 'feedback', 'target_discovery_complete', 'recent_rejections', 'operation_targets')

rwkv_lh/goal_state_protocols/__init__.py:35: ValueError
_ ERROR at setup of test_every_role_matches_actual_controller_checkpoint[False-auditor_step-goal_auditor_session_started] _

tmp_path = PosixPath('/home/chase/GitHub/RWKV-LH/data/test_runs/pytest/test_every_role_matches_actual1')
monkeypatch = <_pytest.monkeypatch.MonkeyPatch object at 0x7b5df89cd850>
request = <SubRequest 'controller_role_snapshots' for <Function test_every_role_matches_actual_controller_checkpoint[False-auditor_step-goal_auditor_session_started]>>

    @pytest.fixture
    def controller_role_snapshots(tmp_path: Path, monkeypatch, request):
        # Reuse the existing Controller mock transport fixtures. Harness I/O is real;
        # Planner, Selector and audits are explicitly mock decisions, not labels.
        import json
        from test_stateful_goal_loop import (
            _QueueClient, _StrongPlanner, _audit_call, _goal, _selector, _settings,
            _strong_patch,
        )
        from rwkv_lh.model import LongHorizonModel
        from rwkv_lh.model_session import ModelSession
        from rwkv_lh.schema import RunState
        from rwkv_lh.supervisor import SupervisorPolicy
    
        store = LongHorizonStore(tmp_path / "state", checkpoint_retention=1000)
        state = store.create_run(_goal(tmp_path), "ROLE-INPUT-CONTROLLER-FIXTURE")
        snapshots = []
        original_save = store.save
    
        def capture(*args, **kwargs):
            saved = original_save(*args, **kwargs)
            snapshots.append(RunState.from_dict(saved.to_dict()))
            return saved
    
        monkeypatch.setattr(store, "save", capture)
        outputs = [
            json.dumps({"function": "write_file", "params": {"path": "result.txt", "content": "verified content"}}),
            json.dumps(_audit_call("continue", step_id="S1", step_complete=True, evidence_refs=["A00001"], gaps=[], reason="Fixture write observed")),
            json.dumps({"function": "final_answer", "params": {"text": "Created result.txt."}}),
            json.dumps(_audit_call("ready_for_final", step_id="", step_complete=False, evidence_refs=["A00001"], gaps=[], reason="Fixture final evidence present")),
        ]
        exercise_feedback = getattr(request, "param", None) == "feedback"
        if exercise_feedback:
            from rwkv_lh.goal_state_protocols import auditor_step_v6
            gap = next(item["code"] for item in auditor_step_v6.build_gap_catalog(
                _strong_patch(state).add_steps[0].to_dict(), ()
            ) if item["code"].startswith("phase_evidence_unproved:"))
            outputs = [
                outputs[0], "{}",
                json.dumps(_audit_call("repair", step_id="S1", step_complete=False, evidence_refs=["A00001"], gaps=[gap], reason="Fixture semantic gap")),
                json.dumps({"function": "write_file", "params": {"path": "result.txt", "content": "verified revised content"}}),
                json.dumps(_audit_call("continue", step_id="S1", step_complete=True, evidence_refs=["A00002"], gaps=[], reason="Fixture revision observed")),
                outputs[2], "{}",
                json.dumps(_audit_call("repair", step_id="", step_complete=False, evidence_refs=["A00002"], gaps=["candidate_omits_required_result"], reason="Fixture answer gap")),
                "{}",
                json.dumps({"function": "final_answer", "params": {"text": "Created and revised result.txt."}}),
                json.dumps(_audit_call("ready_for_final", step_id="", step_complete=False, evidence_refs=["A00002"], gaps=[], reason="Fixture final evidence present")),
            ]
        queue = _QueueClient(outputs)
        model = LongHorizonModel(ModelSession(queue, settings=_settings(progressive=True)), tool_selector=_selector(["write_file"] * (2 if exercise_feedback else 1)))
        monkeypatch.setattr(StatefulGoalLoopController, "_validate_contract_patch_semantics", staticmethod(lambda *args, **kwargs: None))
        transition_budget = 30 if exercise_feedback else getattr(request, "param", 20)
        controller = StatefulGoalLoopController(
            store, model=model, harness=model.harness, supervisor=_StrongPlanner(_strong_patch(state)),
            supervisor_policy=SupervisorPolicy(mode="static"), max_transitions=transition_budget,
        )
>       final = controller.run(state.run_id).state
                ^^^^^^^^^^^^^^^^^^^^^^^^^^^^

tests/test_role_trace_inputs.py:172: 
_ _ _ _ _ _ _ _ _ _ _ _ _ _ _ _ _ _ _ _ _ _ _ _ _ _ _ _ _ _ _ _ _ _ _ _ _ _ _ _ 
rwkv_lh/stateful_goal_loop.py:2106: in run
    selector_progress = self._selector_current_progress(
rwkv_lh/stateful_goal_loop.py:385: in _selector_current_progress
    progress = selector_intent_v6.build_current_progress(
rwkv_lh/goal_state_protocols/selector_intent_v6.py:314: in build_current_progress
    validate_progress(progress, read_roots=read_roots, write_roots=write_roots)
rwkv_lh/goal_state_protocols/selector_intent_v6.py:401: in validate_progress
    selected = _exact_fields(progress, PROGRESS_FIELDS, "current_progress")
               ^^^^^^^^^^^^^^^^^^^^^^^^^^^^^^^^^^^^^^^^^^^^^^^^^^^^^^^^^^^^
_ _ _ _ _ _ _ _ _ _ _ _ _ _ _ _ _ _ _ _ _ _ _ _ _ _ _ _ _ _ _ _ _ _ _ _ _ _ _ _ 

value = {'assigned_action_count': 0, 'successful_action_count': 0, 'failed_action_count': 0, 'last_action': None, ...}
fields = ('assigned_action_count', 'successful_action_count', 'failed_action_count', 'last_action', 'missing_read_roots', 'missing_write_roots', ...)
name = 'current_progress'

    def _exact_fields(
        value: Any,
        fields: Sequence[str],
        name: str,
    ) -> Mapping[str, Any]:
        selected = _mapping(value, name)
        if tuple(selected) != tuple(fields) or set(selected) != set(fields):
>           raise ValueError(f"{name} fields/order must be exactly {tuple(fields)!r}")
E           ValueError: current_progress fields/order must be exactly ('assigned_action_count', 'successful_action_count', 'failed_action_count', 'last_action', 'missing_read_roots', 'missing_write_roots', 'workspace_targets', 'completion_preconditions_satisfied', 'feedback', 'target_discovery_complete', 'recent_rejections', 'operation_targets')

rwkv_lh/goal_state_protocols/__init__.py:35: ValueError
_ ERROR at setup of test_every_role_matches_actual_controller_checkpoint[False-finalizer_answer-goal_finalizer_session_started] _

tmp_path = PosixPath('/home/chase/GitHub/RWKV-LH/data/test_runs/pytest/test_every_role_matches_actual2')
monkeypatch = <_pytest.monkeypatch.MonkeyPatch object at 0x7b5dfaf971d0>
request = <SubRequest 'controller_role_snapshots' for <Function test_every_role_matches_actual_controller_checkpoint[False-finalizer_answer-goal_finalizer_session_started]>>

    @pytest.fixture
    def controller_role_snapshots(tmp_path: Path, monkeypatch, request):
        # Reuse the existing Controller mock transport fixtures. Harness I/O is real;
        # Planner, Selector and audits are explicitly mock decisions, not labels.
        import json
        from test_stateful_goal_loop import (
            _QueueClient, _StrongPlanner, _audit_call, _goal, _selector, _settings,
            _strong_patch,
        )
        from rwkv_lh.model import LongHorizonModel
        from rwkv_lh.model_session import ModelSession
        from rwkv_lh.schema import RunState
        from rwkv_lh.supervisor import SupervisorPolicy
    
        store = LongHorizonStore(tmp_path / "state", checkpoint_retention=1000)
        state = store.create_run(_goal(tmp_path), "ROLE-INPUT-CONTROLLER-FIXTURE")
        snapshots = []
        original_save = store.save
    
        def capture(*args, **kwargs):
            saved = original_save(*args, **kwargs)
            snapshots.append(RunState.from_dict(saved.to_dict()))
            return saved
    
        monkeypatch.setattr(store, "save", capture)
        outputs = [
            json.dumps({"function": "write_file", "params": {"path": "result.txt", "content": "verified content"}}),
            json.dumps(_audit_call("continue", step_id="S1", step_complete=True, evidence_refs=["A00001"], gaps=[], reason="Fixture write observed")),
            json.dumps({"function": "final_answer", "params": {"text": "Created result.txt."}}),
            json.dumps(_audit_call("ready_for_final", step_id="", step_complete=False, evidence_refs=["A00001"], gaps=[], reason="Fixture final evidence present")),
        ]
        exercise_feedback = getattr(request, "param", None) == "feedback"
        if exercise_feedback:
            from rwkv_lh.goal_state_protocols import auditor_step_v6
            gap = next(item["code"] for item in auditor_step_v6.build_gap_catalog(
                _strong_patch(state).add_steps[0].to_dict(), ()
            ) if item["code"].startswith("phase_evidence_unproved:"))
            outputs = [
                outputs[0], "{}",
                json.dumps(_audit_call("repair", step_id="S1", step_complete=False, evidence_refs=["A00001"], gaps=[gap], reason="Fixture semantic gap")),
                json.dumps({"function": "write_file", "params": {"path": "result.txt", "content": "verified revised content"}}),
                json.dumps(_audit_call("continue", step_id="S1", step_complete=True, evidence_refs=["A00002"], gaps=[], reason="Fixture revision observed")),
                outputs[2], "{}",
                json.dumps(_audit_call("repair", step_id="", step_complete=False, evidence_refs=["A00002"], gaps=["candidate_omits_required_result"], reason="Fixture answer gap")),
                "{}",
                json.dumps({"function": "final_answer", "params": {"text": "Created and revised result.txt."}}),
                json.dumps(_audit_call("ready_for_final", step_id="", step_complete=False, evidence_refs=["A00002"], gaps=[], reason="Fixture final evidence present")),
            ]
        queue = _QueueClient(outputs)
        model = LongHorizonModel(ModelSession(queue, settings=_settings(progressive=True)), tool_selector=_selector(["write_file"] * (2 if exercise_feedback else 1)))
        monkeypatch.setattr(StatefulGoalLoopController, "_validate_contract_patch_semantics", staticmethod(lambda *args, **kwargs: None))
        transition_budget = 30 if exercise_feedback else getattr(request, "param", 20)
        controller = StatefulGoalLoopController(
            store, model=model, harness=model.harness, supervisor=_StrongPlanner(_strong_patch(state)),
            supervisor_policy=SupervisorPolicy(mode="static"), max_transitions=transition_budget,
        )
>       final = controller.run(state.run_id).state
                ^^^^^^^^^^^^^^^^^^^^^^^^^^^^

tests/test_role_trace_inputs.py:172: 
_ _ _ _ _ _ _ _ _ _ _ _ _ _ _ _ _ _ _ _ _ _ _ _ _ _ _ _ _ _ _ _ _ _ _ _ _ _ _ _ 
rwkv_lh/stateful_goal_loop.py:2106: in run
    selector_progress = self._selector_current_progress(
rwkv_lh/stateful_goal_loop.py:385: in _selector_current_progress
    progress = selector_intent_v6.build_current_progress(
rwkv_lh/goal_state_protocols/selector_intent_v6.py:314: in build_current_progress
    validate_progress(progress, read_roots=read_roots, write_roots=write_roots)
rwkv_lh/goal_state_protocols/selector_intent_v6.py:401: in validate_progress
    selected = _exact_fields(progress, PROGRESS_FIELDS, "current_progress")
               ^^^^^^^^^^^^^^^^^^^^^^^^^^^^^^^^^^^^^^^^^^^^^^^^^^^^^^^^^^^^
_ _ _ _ _ _ _ _ _ _ _ _ _ _ _ _ _ _ _ _ _ _ _ _ _ _ _ _ _ _ _ _ _ _ _ _ _ _ _ _ 

value = {'assigned_action_count': 0, 'successful_action_count': 0, 'failed_action_count': 0, 'last_action': None, ...}
fields = ('assigned_action_count', 'successful_action_count', 'failed_action_count', 'last_action', 'missing_read_roots', 'missing_write_roots', ...)
name = 'current_progress'

    def _exact_fields(
        value: Any,
        fields: Sequence[str],
        name: str,
    ) -> Mapping[str, Any]:
        selected = _mapping(value, name)
        if tuple(selected) != tuple(fields) or set(selected) != set(fields):
>           raise ValueError(f"{name} fields/order must be exactly {tuple(fields)!r}")
E           ValueError: current_progress fields/order must be exactly ('assigned_action_count', 'successful_action_count', 'failed_action_count', 'last_action', 'missing_read_roots', 'missing_write_roots', 'workspace_targets', 'completion_preconditions_satisfied', 'feedback', 'target_discovery_complete', 'recent_rejections', 'operation_targets')

rwkv_lh/goal_state_protocols/__init__.py:35: ValueError
_ ERROR at setup of test_every_role_matches_actual_controller_checkpoint[False-auditor_final-goal_auditor_session_started] _

tmp_path = PosixPath('/home/chase/GitHub/RWKV-LH/data/test_runs/pytest/test_every_role_matches_actual3')
monkeypatch = <_pytest.monkeypatch.MonkeyPatch object at 0x7b5df89add30>
request = <SubRequest 'controller_role_snapshots' for <Function test_every_role_matches_actual_controller_checkpoint[False-auditor_final-goal_auditor_session_started]>>

    @pytest.fixture
    def controller_role_snapshots(tmp_path: Path, monkeypatch, request):
        # Reuse the existing Controller mock transport fixtures. Harness I/O is real;
        # Planner, Selector and audits are explicitly mock decisions, not labels.
        import json
        from test_stateful_goal_loop import (
            _QueueClient, _StrongPlanner, _audit_call, _goal, _selector, _settings,
            _strong_patch,
        )
        from rwkv_lh.model import LongHorizonModel
        from rwkv_lh.model_session import ModelSession
        from rwkv_lh.schema import RunState
        from rwkv_lh.supervisor import SupervisorPolicy
    
        store = LongHorizonStore(tmp_path / "state", checkpoint_retention=1000)
        state = store.create_run(_goal(tmp_path), "ROLE-INPUT-CONTROLLER-FIXTURE")
        snapshots = []
        original_save = store.save
    
        def capture(*args, **kwargs):
            saved = original_save(*args, **kwargs)
            snapshots.append(RunState.from_dict(saved.to_dict()))
            return saved
    
        monkeypatch.setattr(store, "save", capture)
        outputs = [
            json.dumps({"function": "write_file", "params": {"path": "result.txt", "content": "verified content"}}),
            json.dumps(_audit_call("continue", step_id="S1", step_complete=True, evidence_refs=["A00001"], gaps=[], reason="Fixture write observed")),
            json.dumps({"function": "final_answer", "params": {"text": "Created result.txt."}}),
            json.dumps(_audit_call("ready_for_final", step_id="", step_complete=False, evidence_refs=["A00001"], gaps=[], reason="Fixture final evidence present")),
        ]
        exercise_feedback = getattr(request, "param", None) == "feedback"
        if exercise_feedback:
            from rwkv_lh.goal_state_protocols import auditor_step_v6
            gap = next(item["code"] for item in auditor_step_v6.build_gap_catalog(
                _strong_patch(state).add_steps[0].to_dict(), ()
            ) if item["code"].startswith("phase_evidence_unproved:"))
            outputs = [
                outputs[0], "{}",
                json.dumps(_audit_call("repair", step_id="S1", step_complete=False, evidence_refs=["A00001"], gaps=[gap], reason="Fixture semantic gap")),
                json.dumps({"function": "write_file", "params": {"path": "result.txt", "content": "verified revised content"}}),
                json.dumps(_audit_call("continue", step_id="S1", step_complete=True, evidence_refs=["A00002"], gaps=[], reason="Fixture revision observed")),
                outputs[2], "{}",
                json.dumps(_audit_call("repair", step_id="", step_complete=False, evidence_refs=["A00002"], gaps=["candidate_omits_required_result"], reason="Fixture answer gap")),
                "{}",
                json.dumps({"function": "final_answer", "params": {"text": "Created and revised result.txt."}}),
                json.dumps(_audit_call("ready_for_final", step_id="", step_complete=False, evidence_refs=["A00002"], gaps=[], reason="Fixture final evidence present")),
            ]
        queue = _QueueClient(outputs)
        model = LongHorizonModel(ModelSession(queue, settings=_settings(progressive=True)), tool_selector=_selector(["write_file"] * (2 if exercise_feedback else 1)))
        monkeypatch.setattr(StatefulGoalLoopController, "_validate_contract_patch_semantics", staticmethod(lambda *args, **kwargs: None))
        transition_budget = 30 if exercise_feedback else getattr(request, "param", 20)
        controller = StatefulGoalLoopController(
            store, model=model, harness=model.harness, supervisor=_StrongPlanner(_strong_patch(state)),
            supervisor_policy=SupervisorPolicy(mode="static"), max_transitions=transition_budget,
        )
>       final = controller.run(state.run_id).state
                ^^^^^^^^^^^^^^^^^^^^^^^^^^^^

tests/test_role_trace_inputs.py:172: 
_ _ _ _ _ _ _ _ _ _ _ _ _ _ _ _ _ _ _ _ _ _ _ _ _ _ _ _ _ _ _ _ _ _ _ _ _ _ _ _ 
rwkv_lh/stateful_goal_loop.py:2106: in run
    selector_progress = self._selector_current_progress(
rwkv_lh/stateful_goal_loop.py:385: in _selector_current_progress
    progress = selector_intent_v6.build_current_progress(
rwkv_lh/goal_state_protocols/selector_intent_v6.py:314: in build_current_progress
    validate_progress(progress, read_roots=read_roots, write_roots=write_roots)
rwkv_lh/goal_state_protocols/selector_intent_v6.py:401: in validate_progress
    selected = _exact_fields(progress, PROGRESS_FIELDS, "current_progress")
               ^^^^^^^^^^^^^^^^^^^^^^^^^^^^^^^^^^^^^^^^^^^^^^^^^^^^^^^^^^^^
_ _ _ _ _ _ _ _ _ _ _ _ _ _ _ _ _ _ _ _ _ _ _ _ _ _ _ _ _ _ _ _ _ _ _ _ _ _ _ _ 

value = {'assigned_action_count': 0, 'successful_action_count': 0, 'failed_action_count': 0, 'last_action': None, ...}
fields = ('assigned_action_count', 'successful_action_count', 'failed_action_count', 'last_action', 'missing_read_roots', 'missing_write_roots', ...)
name = 'current_progress'

    def _exact_fields(
        value: Any,
        fields: Sequence[str],
        name: str,
    ) -> Mapping[str, Any]:
        selected = _mapping(value, name)
        if tuple(selected) != tuple(fields) or set(selected) != set(fields):
>           raise ValueError(f"{name} fields/order must be exactly {tuple(fields)!r}")
E           ValueError: current_progress fields/order must be exactly ('assigned_action_count', 'successful_action_count', 'failed_action_count', 'last_action', 'missing_read_roots', 'missing_write_roots', 'workspace_targets', 'completion_preconditions_satisfied', 'feedback', 'target_discovery_complete', 'recent_rejections', 'operation_targets')

rwkv_lh/goal_state_protocols/__init__.py:35: ValueError
_ ERROR at setup of test_every_role_matches_actual_controller_checkpoint[True-executor_args-tool_schema_disclosed] _

tmp_path = PosixPath('/home/chase/GitHub/RWKV-LH/data/test_runs/pytest/test_every_role_matches_actual4')
monkeypatch = <_pytest.monkeypatch.MonkeyPatch object at 0x7b5df89b37f0>
request = <SubRequest 'controller_role_snapshots' for <Function test_every_role_matches_actual_controller_checkpoint[True-executor_args-tool_schema_disclosed]>>

    @pytest.fixture
    def controller_role_snapshots(tmp_path: Path, monkeypatch, request):
        # Reuse the existing Controller mock transport fixtures. Harness I/O is real;
        # Planner, Selector and audits are explicitly mock decisions, not labels.
        import json
        from test_stateful_goal_loop import (
            _QueueClient, _StrongPlanner, _audit_call, _goal, _selector, _settings,
            _strong_patch,
        )
        from rwkv_lh.model import LongHorizonModel
        from rwkv_lh.model_session import ModelSession
        from rwkv_lh.schema import RunState
        from rwkv_lh.supervisor import SupervisorPolicy
    
        store = LongHorizonStore(tmp_path / "state", checkpoint_retention=1000)
        state = store.create_run(_goal(tmp_path), "ROLE-INPUT-CONTROLLER-FIXTURE")
        snapshots = []
        original_save = store.save
    
        def capture(*args, **kwargs):
            saved = original_save(*args, **kwargs)
            snapshots.append(RunState.from_dict(saved.to_dict()))
            return saved
    
        monkeypatch.setattr(store, "save", capture)
        outputs = [
            json.dumps({"function": "write_file", "params": {"path": "result.txt", "content": "verified content"}}),
            json.dumps(_audit_call("continue", step_id="S1", step_complete=True, evidence_refs=["A00001"], gaps=[], reason="Fixture write observed")),
            json.dumps({"function": "final_answer", "params": {"text": "Created result.txt."}}),
            json.dumps(_audit_call("ready_for_final", step_id="", step_complete=False, evidence_refs=["A00001"], gaps=[], reason="Fixture final evidence present")),
        ]
        exercise_feedback = getattr(request, "param", None) == "feedback"
        if exercise_feedback:
            from rwkv_lh.goal_state_protocols import auditor_step_v6
            gap = next(item["code"] for item in auditor_step_v6.build_gap_catalog(
                _strong_patch(state).add_steps[0].to_dict(), ()
            ) if item["code"].startswith("phase_evidence_unproved:"))
            outputs = [
                outputs[0], "{}",
                json.dumps(_audit_call("repair", step_id="S1", step_complete=False, evidence_refs=["A00001"], gaps=[gap], reason="Fixture semantic gap")),
                json.dumps({"function": "write_file", "params": {"path": "result.txt", "content": "verified revised content"}}),
                json.dumps(_audit_call("continue", step_id="S1", step_complete=True, evidence_refs=["A00002"], gaps=[], reason="Fixture revision observed")),
                outputs[2], "{}",
                json.dumps(_audit_call("repair", step_id="", step_complete=False, evidence_refs=["A00002"], gaps=["candidate_omits_required_result"], reason="Fixture answer gap")),
                "{}",
                json.dumps({"function": "final_answer", "params": {"text": "Created and revised result.txt."}}),
                json.dumps(_audit_call("ready_for_final", step_id="", step_complete=False, evidence_refs=["A00002"], gaps=[], reason="Fixture final evidence present")),
            ]
        queue = _QueueClient(outputs)
        model = LongHorizonModel(ModelSession(queue, settings=_settings(progressive=True)), tool_selector=_selector(["write_file"] * (2 if exercise_feedback else 1)))
        monkeypatch.setattr(StatefulGoalLoopController, "_validate_contract_patch_semantics", staticmethod(lambda *args, **kwargs: None))
        transition_budget = 30 if exercise_feedback else getattr(request, "param", 20)
        controller = StatefulGoalLoopController(
            store, model=model, harness=model.harness, supervisor=_StrongPlanner(_strong_patch(state)),
            supervisor_policy=SupervisorPolicy(mode="static"), max_transitions=transition_budget,
        )
>       final = controller.run(state.run_id).state
                ^^^^^^^^^^^^^^^^^^^^^^^^^^^^

tests/test_role_trace_inputs.py:172: 
_ _ _ _ _ _ _ _ _ _ _ _ _ _ _ _ _ _ _ _ _ _ _ _ _ _ _ _ _ _ _ _ _ _ _ _ _ _ _ _ 
rwkv_lh/stateful_goal_loop.py:2106: in run
    selector_progress = self._selector_current_progress(
rwkv_lh/stateful_goal_loop.py:385: in _selector_current_progress
    progress = selector_intent_v6.build_current_progress(
rwkv_lh/goal_state_protocols/selector_intent_v6.py:314: in build_current_progress
    validate_progress(progress, read_roots=read_roots, write_roots=write_roots)
rwkv_lh/goal_state_protocols/selector_intent_v6.py:401: in validate_progress
    selected = _exact_fields(progress, PROGRESS_FIELDS, "current_progress")
               ^^^^^^^^^^^^^^^^^^^^^^^^^^^^^^^^^^^^^^^^^^^^^^^^^^^^^^^^^^^^
_ _ _ _ _ _ _ _ _ _ _ _ _ _ _ _ _ _ _ _ _ _ _ _ _ _ _ _ _ _ _ _ _ _ _ _ _ _ _ _ 

value = {'assigned_action_count': 0, 'successful_action_count': 0, 'failed_action_count': 0, 'last_action': None, ...}
fields = ('assigned_action_count', 'successful_action_count', 'failed_action_count', 'last_action', 'missing_read_roots', 'missing_write_roots', ...)
name = 'current_progress'

    def _exact_fields(
        value: Any,
        fields: Sequence[str],
        name: str,
    ) -> Mapping[str, Any]:
        selected = _mapping(value, name)
        if tuple(selected) != tuple(fields) or set(selected) != set(fields):
>           raise ValueError(f"{name} fields/order must be exactly {tuple(fields)!r}")
E           ValueError: current_progress fields/order must be exactly ('assigned_action_count', 'successful_action_count', 'failed_action_count', 'last_action', 'missing_read_roots', 'missing_write_roots', 'workspace_targets', 'completion_preconditions_satisfied', 'feedback', 'target_discovery_complete', 'recent_rejections', 'operation_targets')

rwkv_lh/goal_state_protocols/__init__.py:35: ValueError
_ ERROR at setup of test_every_role_matches_actual_controller_checkpoint[True-auditor_step-goal_auditor_session_started] _

tmp_path = PosixPath('/home/chase/GitHub/RWKV-LH/data/test_runs/pytest/test_every_role_matches_actual5')
monkeypatch = <_pytest.monkeypatch.MonkeyPatch object at 0x7b5df89a0eb0>
request = <SubRequest 'controller_role_snapshots' for <Function test_every_role_matches_actual_controller_checkpoint[True-auditor_step-goal_auditor_session_started]>>

    @pytest.fixture
    def controller_role_snapshots(tmp_path: Path, monkeypatch, request):
        # Reuse the existing Controller mock transport fixtures. Harness I/O is real;
        # Planner, Selector and audits are explicitly mock decisions, not labels.
        import json
        from test_stateful_goal_loop import (
            _QueueClient, _StrongPlanner, _audit_call, _goal, _selector, _settings,
            _strong_patch,
        )
        from rwkv_lh.model import LongHorizonModel
        from rwkv_lh.model_session import ModelSession
        from rwkv_lh.schema import RunState
        from rwkv_lh.supervisor import SupervisorPolicy
    
        store = LongHorizonStore(tmp_path / "state", checkpoint_retention=1000)
        state = store.create_run(_goal(tmp_path), "ROLE-INPUT-CONTROLLER-FIXTURE")
        snapshots = []
        original_save = store.save
    
        def capture(*args, **kwargs):
            saved = original_save(*args, **kwargs)
            snapshots.append(RunState.from_dict(saved.to_dict()))
            return saved
    
        monkeypatch.setattr(store, "save", capture)
        outputs = [
            json.dumps({"function": "write_file", "params": {"path": "result.txt", "content": "verified content"}}),
            json.dumps(_audit_call("continue", step_id="S1", step_complete=True, evidence_refs=["A00001"], gaps=[], reason="Fixture write observed")),
            json.dumps({"function": "final_answer", "params": {"text": "Created result.txt."}}),
            json.dumps(_audit_call("ready_for_final", step_id="", step_complete=False, evidence_refs=["A00001"], gaps=[], reason="Fixture final evidence present")),
        ]
        exercise_feedback = getattr(request, "param", None) == "feedback"
        if exercise_feedback:
            from rwkv_lh.goal_state_protocols import auditor_step_v6
            gap = next(item["code"] for item in auditor_step_v6.build_gap_catalog(
                _strong_patch(state).add_steps[0].to_dict(), ()
            ) if item["code"].startswith("phase_evidence_unproved:"))
            outputs = [
                outputs[0], "{}",
                json.dumps(_audit_call("repair", step_id="S1", step_complete=False, evidence_refs=["A00001"], gaps=[gap], reason="Fixture semantic gap")),
                json.dumps({"function": "write_file", "params": {"path": "result.txt", "content": "verified revised content"}}),
                json.dumps(_audit_call("continue", step_id="S1", step_complete=True, evidence_refs=["A00002"], gaps=[], reason="Fixture revision observed")),
                outputs[2], "{}",
                json.dumps(_audit_call("repair", step_id="", step_complete=False, evidence_refs=["A00002"], gaps=["candidate_omits_required_result"], reason="Fixture answer gap")),
                "{}",
                json.dumps({"function": "final_answer", "params": {"text": "Created and revised result.txt."}}),
                json.dumps(_audit_call("ready_for_final", step_id="", step_complete=False, evidence_refs=["A00002"], gaps=[], reason="Fixture final evidence present")),
            ]
        queue = _QueueClient(outputs)
        model = LongHorizonModel(ModelSession(queue, settings=_settings(progressive=True)), tool_selector=_selector(["write_file"] * (2 if exercise_feedback else 1)))
        monkeypatch.setattr(StatefulGoalLoopController, "_validate_contract_patch_semantics", staticmethod(lambda *args, **kwargs: None))
        transition_budget = 30 if exercise_feedback else getattr(request, "param", 20)
        controller = StatefulGoalLoopController(
            store, model=model, harness=model.harness, supervisor=_StrongPlanner(_strong_patch(state)),
            supervisor_policy=SupervisorPolicy(mode="static"), max_transitions=transition_budget,
        )
>       final = controller.run(state.run_id).state
                ^^^^^^^^^^^^^^^^^^^^^^^^^^^^

tests/test_role_trace_inputs.py:172: 
_ _ _ _ _ _ _ _ _ _ _ _ _ _ _ _ _ _ _ _ _ _ _ _ _ _ _ _ _ _ _ _ _ _ _ _ _ _ _ _ 
rwkv_lh/stateful_goal_loop.py:2106: in run
    selector_progress = self._selector_current_progress(
rwkv_lh/stateful_goal_loop.py:385: in _selector_current_progress
    progress = selector_intent_v6.build_current_progress(
rwkv_lh/goal_state_protocols/selector_intent_v6.py:314: in build_current_progress
    validate_progress(progress, read_roots=read_roots, write_roots=write_roots)
rwkv_lh/goal_state_protocols/selector_intent_v6.py:401: in validate_progress
    selected = _exact_fields(progress, PROGRESS_FIELDS, "current_progress")
               ^^^^^^^^^^^^^^^^^^^^^^^^^^^^^^^^^^^^^^^^^^^^^^^^^^^^^^^^^^^^
_ _ _ _ _ _ _ _ _ _ _ _ _ _ _ _ _ _ _ _ _ _ _ _ _ _ _ _ _ _ _ _ _ _ _ _ _ _ _ _ 

value = {'assigned_action_count': 0, 'successful_action_count': 0, 'failed_action_count': 0, 'last_action': None, ...}
fields = ('assigned_action_count', 'successful_action_count', 'failed_action_count', 'last_action', 'missing_read_roots', 'missing_write_roots', ...)
name = 'current_progress'

    def _exact_fields(
        value: Any,
        fields: Sequence[str],
        name: str,
    ) -> Mapping[str, Any]:
        selected = _mapping(value, name)
        if tuple(selected) != tuple(fields) or set(selected) != set(fields):
>           raise ValueError(f"{name} fields/order must be exactly {tuple(fields)!r}")
E           ValueError: current_progress fields/order must be exactly ('assigned_action_count', 'successful_action_count', 'failed_action_count', 'last_action', 'missing_read_roots', 'missing_write_roots', 'workspace_targets', 'completion_preconditions_satisfied', 'feedback', 'target_discovery_complete', 'recent_rejections', 'operation_targets')

rwkv_lh/goal_state_protocols/__init__.py:35: ValueError
_ ERROR at setup of test_every_role_matches_actual_controller_checkpoint[True-finalizer_answer-goal_finalizer_session_started] _

tmp_path = PosixPath('/home/chase/GitHub/RWKV-LH/data/test_runs/pytest/test_every_role_matches_actual6')
monkeypatch = <_pytest.monkeypatch.MonkeyPatch object at 0x7b5df9652e70>
request = <SubRequest 'controller_role_snapshots' for <Function test_every_role_matches_actual_controller_checkpoint[True-finalizer_answer-goal_finalizer_session_started]>>

    @pytest.fixture
    def controller_role_snapshots(tmp_path: Path, monkeypatch, request):
        # Reuse the existing Controller mock transport fixtures. Harness I/O is real;
        # Planner, Selector and audits are explicitly mock decisions, not labels.
        import json
        from test_stateful_goal_loop import (
            _QueueClient, _StrongPlanner, _audit_call, _goal, _selector, _settings,
            _strong_patch,
        )
        from rwkv_lh.model import LongHorizonModel
        from rwkv_lh.model_session import ModelSession
        from rwkv_lh.schema import RunState
        from rwkv_lh.supervisor import SupervisorPolicy
    
        store = LongHorizonStore(tmp_path / "state", checkpoint_retention=1000)
        state = store.create_run(_goal(tmp_path), "ROLE-INPUT-CONTROLLER-FIXTURE")
        snapshots = []
        original_save = store.save
    
        def capture(*args, **kwargs):
            saved = original_save(*args, **kwargs)
            snapshots.append(RunState.from_dict(saved.to_dict()))
            return saved
    
        monkeypatch.setattr(store, "save", capture)
        outputs = [
            json.dumps({"function": "write_file", "params": {"path": "result.txt", "content": "verified content"}}),
            json.dumps(_audit_call("continue", step_id="S1", step_complete=True, evidence_refs=["A00001"], gaps=[], reason="Fixture write observed")),
            json.dumps({"function": "final_answer", "params": {"text": "Created result.txt."}}),
            json.dumps(_audit_call("ready_for_final", step_id="", step_complete=False, evidence_refs=["A00001"], gaps=[], reason="Fixture final evidence present")),
        ]
        exercise_feedback = getattr(request, "param", None) == "feedback"
        if exercise_feedback:
            from rwkv_lh.goal_state_protocols import auditor_step_v6
            gap = next(item["code"] for item in auditor_step_v6.build_gap_catalog(
                _strong_patch(state).add_steps[0].to_dict(), ()
            ) if item["code"].startswith("phase_evidence_unproved:"))
            outputs = [
                outputs[0], "{}",
                json.dumps(_audit_call("repair", step_id="S1", step_complete=False, evidence_refs=["A00001"], gaps=[gap], reason="Fixture semantic gap")),
                json.dumps({"function": "write_file", "params": {"path": "result.txt", "content": "verified revised content"}}),
                json.dumps(_audit_call("continue", step_id="S1", step_complete=True, evidence_refs=["A00002"], gaps=[], reason="Fixture revision observed")),
                outputs[2], "{}",
                json.dumps(_audit_call("repair", step_id="", step_complete=False, evidence_refs=["A00002"], gaps=["candidate_omits_required_result"], reason="Fixture answer gap")),
                "{}",
                json.dumps({"function": "final_answer", "params": {"text": "Created and revised result.txt."}}),
                json.dumps(_audit_call("ready_for_final", step_id="", step_complete=False, evidence_refs=["A00002"], gaps=[], reason="Fixture final evidence present")),
            ]
        queue = _QueueClient(outputs)
        model = LongHorizonModel(ModelSession(queue, settings=_settings(progressive=True)), tool_selector=_selector(["write_file"] * (2 if exercise_feedback else 1)))
        monkeypatch.setattr(StatefulGoalLoopController, "_validate_contract_patch_semantics", staticmethod(lambda *args, **kwargs: None))
        transition_budget = 30 if exercise_feedback else getattr(request, "param", 20)
        controller = StatefulGoalLoopController(
            store, model=model, harness=model.harness, supervisor=_StrongPlanner(_strong_patch(state)),
            supervisor_policy=SupervisorPolicy(mode="static"), max_transitions=transition_budget,
        )
>       final = controller.run(state.run_id).state
                ^^^^^^^^^^^^^^^^^^^^^^^^^^^^

tests/test_role_trace_inputs.py:172: 
_ _ _ _ _ _ _ _ _ _ _ _ _ _ _ _ _ _ _ _ _ _ _ _ _ _ _ _ _ _ _ _ _ _ _ _ _ _ _ _ 
rwkv_lh/stateful_goal_loop.py:2106: in run
    selector_progress = self._selector_current_progress(
rwkv_lh/stateful_goal_loop.py:385: in _selector_current_progress
    progress = selector_intent_v6.build_current_progress(
rwkv_lh/goal_state_protocols/selector_intent_v6.py:314: in build_current_progress
    validate_progress(progress, read_roots=read_roots, write_roots=write_roots)
rwkv_lh/goal_state_protocols/selector_intent_v6.py:401: in validate_progress
    selected = _exact_fields(progress, PROGRESS_FIELDS, "current_progress")
               ^^^^^^^^^^^^^^^^^^^^^^^^^^^^^^^^^^^^^^^^^^^^^^^^^^^^^^^^^^^^
_ _ _ _ _ _ _ _ _ _ _ _ _ _ _ _ _ _ _ _ _ _ _ _ _ _ _ _ _ _ _ _ _ _ _ _ _ _ _ _ 

value = {'assigned_action_count': 0, 'successful_action_count': 0, 'failed_action_count': 0, 'last_action': None, ...}
fields = ('assigned_action_count', 'successful_action_count', 'failed_action_count', 'last_action', 'missing_read_roots', 'missing_write_roots', ...)
name = 'current_progress'

    def _exact_fields(
        value: Any,
        fields: Sequence[str],
        name: str,
    ) -> Mapping[str, Any]:
        selected = _mapping(value, name)
        if tuple(selected) != tuple(fields) or set(selected) != set(fields):
>           raise ValueError(f"{name} fields/order must be exactly {tuple(fields)!r}")
E           ValueError: current_progress fields/order must be exactly ('assigned_action_count', 'successful_action_count', 'failed_action_count', 'last_action', 'missing_read_roots', 'missing_write_roots', 'workspace_targets', 'completion_preconditions_satisfied', 'feedback', 'target_discovery_complete', 'recent_rejections', 'operation_targets')

rwkv_lh/goal_state_protocols/__init__.py:35: ValueError
_ ERROR at setup of test_every_role_matches_actual_controller_checkpoint[True-auditor_final-goal_auditor_session_started] _

tmp_path = PosixPath('/home/chase/GitHub/RWKV-LH/data/test_runs/pytest/test_every_role_matches_actual7')
monkeypatch = <_pytest.monkeypatch.MonkeyPatch object at 0x7b5dfb355750>
request = <SubRequest 'controller_role_snapshots' for <Function test_every_role_matches_actual_controller_checkpoint[True-auditor_final-goal_auditor_session_started]>>

    @pytest.fixture
    def controller_role_snapshots(tmp_path: Path, monkeypatch, request):
        # Reuse the existing Controller mock transport fixtures. Harness I/O is real;
        # Planner, Selector and audits are explicitly mock decisions, not labels.
        import json
        from test_stateful_goal_loop import (
            _QueueClient, _StrongPlanner, _audit_call, _goal, _selector, _settings,
            _strong_patch,
        )
        from rwkv_lh.model import LongHorizonModel
        from rwkv_lh.model_session import ModelSession
        from rwkv_lh.schema import RunState
        from rwkv_lh.supervisor import SupervisorPolicy
    
        store = LongHorizonStore(tmp_path / "state", checkpoint_retention=1000)
        state = store.create_run(_goal(tmp_path), "ROLE-INPUT-CONTROLLER-FIXTURE")
        snapshots = []
        original_save = store.save
    
        def capture(*args, **kwargs):
            saved = original_save(*args, **kwargs)
            snapshots.append(RunState.from_dict(saved.to_dict()))
            return saved
    
        monkeypatch.setattr(store, "save", capture)
        outputs = [
            json.dumps({"function": "write_file", "params": {"path": "result.txt", "content": "verified content"}}),
            json.dumps(_audit_call("continue", step_id="S1", step_complete=True, evidence_refs=["A00001"], gaps=[], reason="Fixture write observed")),
            json.dumps({"function": "final_answer", "params": {"text": "Created result.txt."}}),
            json.dumps(_audit_call("ready_for_final", step_id="", step_complete=False, evidence_refs=["A00001"], gaps=[], reason="Fixture final evidence present")),
        ]
        exercise_feedback = getattr(request, "param", None) == "feedback"
        if exercise_feedback:
            from rwkv_lh.goal_state_protocols import auditor_step_v6
            gap = next(item["code"] for item in auditor_step_v6.build_gap_catalog(
                _strong_patch(state).add_steps[0].to_dict(), ()
            ) if item["code"].startswith("phase_evidence_unproved:"))
            outputs = [
                outputs[0], "{}",
                json.dumps(_audit_call("repair", step_id="S1", step_complete=False, evidence_refs=["A00001"], gaps=[gap], reason="Fixture semantic gap")),
                json.dumps({"function": "write_file", "params": {"path": "result.txt", "content": "verified revised content"}}),
                json.dumps(_audit_call("continue", step_id="S1", step_complete=True, evidence_refs=["A00002"], gaps=[], reason="Fixture revision observed")),
                outputs[2], "{}",
                json.dumps(_audit_call("repair", step_id="", step_complete=False, evidence_refs=["A00002"], gaps=["candidate_omits_required_result"], reason="Fixture answer gap")),
                "{}",
                json.dumps({"function": "final_answer", "params": {"text": "Created and revised result.txt."}}),
                json.dumps(_audit_call("ready_for_final", step_id="", step_complete=False, evidence_refs=["A00002"], gaps=[], reason="Fixture final evidence present")),
            ]
        queue = _QueueClient(outputs)
        model = LongHorizonModel(ModelSession(queue, settings=_settings(progressive=True)), tool_selector=_selector(["write_file"] * (2 if exercise_feedback else 1)))
        monkeypatch.setattr(StatefulGoalLoopController, "_validate_contract_patch_semantics", staticmethod(lambda *args, **kwargs: None))
        transition_budget = 30 if exercise_feedback else getattr(request, "param", 20)
        controller = StatefulGoalLoopController(
            store, model=model, harness=model.harness, supervisor=_StrongPlanner(_strong_patch(state)),
            supervisor_policy=SupervisorPolicy(mode="static"), max_transitions=transition_budget,
        )
>       final = controller.run(state.run_id).state
                ^^^^^^^^^^^^^^^^^^^^^^^^^^^^

tests/test_role_trace_inputs.py:172: 
_ _ _ _ _ _ _ _ _ _ _ _ _ _ _ _ _ _ _ _ _ _ _ _ _ _ _ _ _ _ _ _ _ _ _ _ _ _ _ _ 
rwkv_lh/stateful_goal_loop.py:2106: in run
    selector_progress = self._selector_current_progress(
rwkv_lh/stateful_goal_loop.py:385: in _selector_current_progress
    progress = selector_intent_v6.build_current_progress(
rwkv_lh/goal_state_protocols/selector_intent_v6.py:314: in build_current_progress
    validate_progress(progress, read_roots=read_roots, write_roots=write_roots)
rwkv_lh/goal_state_protocols/selector_intent_v6.py:401: in validate_progress
    selected = _exact_fields(progress, PROGRESS_FIELDS, "current_progress")
               ^^^^^^^^^^^^^^^^^^^^^^^^^^^^^^^^^^^^^^^^^^^^^^^^^^^^^^^^^^^^
_ _ _ _ _ _ _ _ _ _ _ _ _ _ _ _ _ _ _ _ _ _ _ _ _ _ _ _ _ _ _ _ _ _ _ _ _ _ _ _ 

value = {'assigned_action_count': 0, 'successful_action_count': 0, 'failed_action_count': 0, 'last_action': None, ...}
fields = ('assigned_action_count', 'successful_action_count', 'failed_action_count', 'last_action', 'missing_read_roots', 'missing_write_roots', ...)
name = 'current_progress'

    def _exact_fields(
        value: Any,
        fields: Sequence[str],
        name: str,
    ) -> Mapping[str, Any]:
        selected = _mapping(value, name)
        if tuple(selected) != tuple(fields) or set(selected) != set(fields):
>           raise ValueError(f"{name} fields/order must be exactly {tuple(fields)!r}")
E           ValueError: current_progress fields/order must be exactly ('assigned_action_count', 'successful_action_count', 'failed_action_count', 'last_action', 'missing_read_roots', 'missing_write_roots', 'workspace_targets', 'completion_preconditions_satisfied', 'feedback', 'target_discovery_complete', 'recent_rejections', 'operation_targets')

rwkv_lh/goal_state_protocols/__init__.py:35: ValueError
______ ERROR at setup of test_selector_snapshot_matches_production_votes _______

tmp_path = PosixPath('/home/chase/GitHub/RWKV-LH/data/test_runs/pytest/test_selector_snapshot_matches0')
monkeypatch = <_pytest.monkeypatch.MonkeyPatch object at 0x7b5dfb19abd0>
request = <SubRequest 'controller_role_snapshots' for <Function test_selector_snapshot_matches_production_votes>>

    @pytest.fixture
    def controller_role_snapshots(tmp_path: Path, monkeypatch, request):
        # Reuse the existing Controller mock transport fixtures. Harness I/O is real;
        # Planner, Selector and audits are explicitly mock decisions, not labels.
        import json
        from test_stateful_goal_loop import (
            _QueueClient, _StrongPlanner, _audit_call, _goal, _selector, _settings,
            _strong_patch,
        )
        from rwkv_lh.model import LongHorizonModel
        from rwkv_lh.model_session import ModelSession
        from rwkv_lh.schema import RunState
        from rwkv_lh.supervisor import SupervisorPolicy
    
        store = LongHorizonStore(tmp_path / "state", checkpoint_retention=1000)
        state = store.create_run(_goal(tmp_path), "ROLE-INPUT-CONTROLLER-FIXTURE")
        snapshots = []
        original_save = store.save
    
        def capture(*args, **kwargs):
            saved = original_save(*args, **kwargs)
            snapshots.append(RunState.from_dict(saved.to_dict()))
            return saved
    
        monkeypatch.setattr(store, "save", capture)
        outputs = [
            json.dumps({"function": "write_file", "params": {"path": "result.txt", "content": "verified content"}}),
            json.dumps(_audit_call("continue", step_id="S1", step_complete=True, evidence_refs=["A00001"], gaps=[], reason="Fixture write observed")),
            json.dumps({"function": "final_answer", "params": {"text": "Created result.txt."}}),
            json.dumps(_audit_call("ready_for_final", step_id="", step_complete=False, evidence_refs=["A00001"], gaps=[], reason="Fixture final evidence present")),
        ]
        exercise_feedback = getattr(request, "param", None) == "feedback"
        if exercise_feedback:
            from rwkv_lh.goal_state_protocols import auditor_step_v6
            gap = next(item["code"] for item in auditor_step_v6.build_gap_catalog(
                _strong_patch(state).add_steps[0].to_dict(), ()
            ) if item["code"].startswith("phase_evidence_unproved:"))
            outputs = [
                outputs[0], "{}",
                json.dumps(_audit_call("repair", step_id="S1", step_complete=False, evidence_refs=["A00001"], gaps=[gap], reason="Fixture semantic gap")),
                json.dumps({"function": "write_file", "params": {"path": "result.txt", "content": "verified revised content"}}),
                json.dumps(_audit_call("continue", step_id="S1", step_complete=True, evidence_refs=["A00002"], gaps=[], reason="Fixture revision observed")),
                outputs[2], "{}",
                json.dumps(_audit_call("repair", step_id="", step_complete=False, evidence_refs=["A00002"], gaps=["candidate_omits_required_result"], reason="Fixture answer gap")),
                "{}",
                json.dumps({"function": "final_answer", "params": {"text": "Created and revised result.txt."}}),
                json.dumps(_audit_call("ready_for_final", step_id="", step_complete=False, evidence_refs=["A00002"], gaps=[], reason="Fixture final evidence present")),
            ]
        queue = _QueueClient(outputs)
        model = LongHorizonModel(ModelSession(queue, settings=_settings(progressive=True)), tool_selector=_selector(["write_file"] * (2 if exercise_feedback else 1)))
        monkeypatch.setattr(StatefulGoalLoopController, "_validate_contract_patch_semantics", staticmethod(lambda *args, **kwargs: None))
        transition_budget = 30 if exercise_feedback else getattr(request, "param", 20)
        controller = StatefulGoalLoopController(
            store, model=model, harness=model.harness, supervisor=_StrongPlanner(_strong_patch(state)),
            supervisor_policy=SupervisorPolicy(mode="static"), max_transitions=transition_budget,
        )
>       final = controller.run(state.run_id).state
                ^^^^^^^^^^^^^^^^^^^^^^^^^^^^

tests/test_role_trace_inputs.py:172: 
_ _ _ _ _ _ _ _ _ _ _ _ _ _ _ _ _ _ _ _ _ _ _ _ _ _ _ _ _ _ _ _ _ _ _ _ _ _ _ _ 
rwkv_lh/stateful_goal_loop.py:2106: in run
    selector_progress = self._selector_current_progress(
rwkv_lh/stateful_goal_loop.py:385: in _selector_current_progress
    progress = selector_intent_v6.build_current_progress(
rwkv_lh/goal_state_protocols/selector_intent_v6.py:314: in build_current_progress
    validate_progress(progress, read_roots=read_roots, write_roots=write_roots)
rwkv_lh/goal_state_protocols/selector_intent_v6.py:401: in validate_progress
    selected = _exact_fields(progress, PROGRESS_FIELDS, "current_progress")
               ^^^^^^^^^^^^^^^^^^^^^^^^^^^^^^^^^^^^^^^^^^^^^^^^^^^^^^^^^^^^
_ _ _ _ _ _ _ _ _ _ _ _ _ _ _ _ _ _ _ _ _ _ _ _ _ _ _ _ _ _ _ _ _ _ _ _ _ _ _ _ 

value = {'assigned_action_count': 0, 'successful_action_count': 0, 'failed_action_count': 0, 'last_action': None, ...}
fields = ('assigned_action_count', 'successful_action_count', 'failed_action_count', 'last_action', 'missing_read_roots', 'missing_write_roots', ...)
name = 'current_progress'

    def _exact_fields(
        value: Any,
        fields: Sequence[str],
        name: str,
    ) -> Mapping[str, Any]:
        selected = _mapping(value, name)
        if tuple(selected) != tuple(fields) or set(selected) != set(fields):
>           raise ValueError(f"{name} fields/order must be exactly {tuple(fields)!r}")
E           ValueError: current_progress fields/order must be exactly ('assigned_action_count', 'successful_action_count', 'failed_action_count', 'last_action', 'missing_read_roots', 'missing_write_roots', 'workspace_targets', 'completion_preconditions_satisfied', 'feedback', 'target_discovery_complete', 'recent_rejections', 'operation_targets')

rwkv_lh/goal_state_protocols/__init__.py:35: ValueError
_____ ERROR at setup of test_audit_coverage_excludes_unreferenced_actions ______

tmp_path = PosixPath('/home/chase/GitHub/RWKV-LH/data/test_runs/pytest/test_audit_coverage_excludes_u0')
monkeypatch = <_pytest.monkeypatch.MonkeyPatch object at 0x7b5df89f6e40>
request = <SubRequest 'controller_role_snapshots' for <Function test_audit_coverage_excludes_unreferenced_actions>>

    @pytest.fixture
    def controller_role_snapshots(tmp_path: Path, monkeypatch, request):
        # Reuse the existing Controller mock transport fixtures. Harness I/O is real;
        # Planner, Selector and audits are explicitly mock decisions, not labels.
        import json
        from test_stateful_goal_loop import (
            _QueueClient, _StrongPlanner, _audit_call, _goal, _selector, _settings,
            _strong_patch,
        )
        from rwkv_lh.model import LongHorizonModel
        from rwkv_lh.model_session import ModelSession
        from rwkv_lh.schema import RunState
        from rwkv_lh.supervisor import SupervisorPolicy
    
        store = LongHorizonStore(tmp_path / "state", checkpoint_retention=1000)
        state = store.create_run(_goal(tmp_path), "ROLE-INPUT-CONTROLLER-FIXTURE")
        snapshots = []
        original_save = store.save
    
        def capture(*args, **kwargs):
            saved = original_save(*args, **kwargs)
            snapshots.append(RunState.from_dict(saved.to_dict()))
            return saved
    
        monkeypatch.setattr(store, "save", capture)
        outputs = [
            json.dumps({"function": "write_file", "params": {"path": "result.txt", "content": "verified content"}}),
            json.dumps(_audit_call("continue", step_id="S1", step_complete=True, evidence_refs=["A00001"], gaps=[], reason="Fixture write observed")),
            json.dumps({"function": "final_answer", "params": {"text": "Created result.txt."}}),
            json.dumps(_audit_call("ready_for_final", step_id="", step_complete=False, evidence_refs=["A00001"], gaps=[], reason="Fixture final evidence present")),
        ]
        exercise_feedback = getattr(request, "param", None) == "feedback"
        if exercise_feedback:
            from rwkv_lh.goal_state_protocols import auditor_step_v6
            gap = next(item["code"] for item in auditor_step_v6.build_gap_catalog(
                _strong_patch(state).add_steps[0].to_dict(), ()
            ) if item["code"].startswith("phase_evidence_unproved:"))
            outputs = [
                outputs[0], "{}",
                json.dumps(_audit_call("repair", step_id="S1", step_complete=False, evidence_refs=["A00001"], gaps=[gap], reason="Fixture semantic gap")),
                json.dumps({"function": "write_file", "params": {"path": "result.txt", "content": "verified revised content"}}),
                json.dumps(_audit_call("continue", step_id="S1", step_complete=True, evidence_refs=["A00002"], gaps=[], reason="Fixture revision observed")),
                outputs[2], "{}",
                json.dumps(_audit_call("repair", step_id="", step_complete=False, evidence_refs=["A00002"], gaps=["candidate_omits_required_result"], reason="Fixture answer gap")),
                "{}",
                json.dumps({"function": "final_answer", "params": {"text": "Created and revised result.txt."}}),
                json.dumps(_audit_call("ready_for_final", step_id="", step_complete=False, evidence_refs=["A00002"], gaps=[], reason="Fixture final evidence present")),
            ]
        queue = _QueueClient(outputs)
        model = LongHorizonModel(ModelSession(queue, settings=_settings(progressive=True)), tool_selector=_selector(["write_file"] * (2 if exercise_feedback else 1)))
        monkeypatch.setattr(StatefulGoalLoopController, "_validate_contract_patch_semantics", staticmethod(lambda *args, **kwargs: None))
        transition_budget = 30 if exercise_feedback else getattr(request, "param", 20)
        controller = StatefulGoalLoopController(
            store, model=model, harness=model.harness, supervisor=_StrongPlanner(_strong_patch(state)),
            supervisor_policy=SupervisorPolicy(mode="static"), max_transitions=transition_budget,
        )
>       final = controller.run(state.run_id).state
                ^^^^^^^^^^^^^^^^^^^^^^^^^^^^

tests/test_role_trace_inputs.py:172: 
_ _ _ _ _ _ _ _ _ _ _ _ _ _ _ _ _ _ _ _ _ _ _ _ _ _ _ _ _ _ _ _ _ _ _ _ _ _ _ _ 
rwkv_lh/stateful_goal_loop.py:2106: in run
    selector_progress = self._selector_current_progress(
rwkv_lh/stateful_goal_loop.py:385: in _selector_current_progress
    progress = selector_intent_v6.build_current_progress(
rwkv_lh/goal_state_protocols/selector_intent_v6.py:314: in build_current_progress
    validate_progress(progress, read_roots=read_roots, write_roots=write_roots)
rwkv_lh/goal_state_protocols/selector_intent_v6.py:401: in validate_progress
    selected = _exact_fields(progress, PROGRESS_FIELDS, "current_progress")
               ^^^^^^^^^^^^^^^^^^^^^^^^^^^^^^^^^^^^^^^^^^^^^^^^^^^^^^^^^^^^
_ _ _ _ _ _ _ _ _ _ _ _ _ _ _ _ _ _ _ _ _ _ _ _ _ _ _ _ _ _ _ _ _ _ _ _ _ _ _ _ 

value = {'assigned_action_count': 0, 'successful_action_count': 0, 'failed_action_count': 0, 'last_action': None, ...}
fields = ('assigned_action_count', 'successful_action_count', 'failed_action_count', 'last_action', 'missing_read_roots', 'missing_write_roots', ...)
name = 'current_progress'

    def _exact_fields(
        value: Any,
        fields: Sequence[str],
        name: str,
    ) -> Mapping[str, Any]:
        selected = _mapping(value, name)
        if tuple(selected) != tuple(fields) or set(selected) != set(fields):
>           raise ValueError(f"{name} fields/order must be exactly {tuple(fields)!r}")
E           ValueError: current_progress fields/order must be exactly ('assigned_action_count', 'successful_action_count', 'failed_action_count', 'last_action', 'missing_read_roots', 'missing_write_roots', 'workspace_targets', 'completion_preconditions_satisfied', 'feedback', 'target_discovery_complete', 'recent_rejections', 'operation_targets')

rwkv_lh/goal_state_protocols/__init__.py:35: ValueError
____ ERROR at setup of test_audit_coverage_ignores_later_unseen_assignment _____

tmp_path = PosixPath('/home/chase/GitHub/RWKV-LH/data/test_runs/pytest/test_audit_coverage_ignores_la0')
monkeypatch = <_pytest.monkeypatch.MonkeyPatch object at 0x7b5df89f40c0>
request = <SubRequest 'controller_role_snapshots' for <Function test_audit_coverage_ignores_later_unseen_assignment>>

    @pytest.fixture
    def controller_role_snapshots(tmp_path: Path, monkeypatch, request):
        # Reuse the existing Controller mock transport fixtures. Harness I/O is real;
        # Planner, Selector and audits are explicitly mock decisions, not labels.
        import json
        from test_stateful_goal_loop import (
            _QueueClient, _StrongPlanner, _audit_call, _goal, _selector, _settings,
            _strong_patch,
        )
        from rwkv_lh.model import LongHorizonModel
        from rwkv_lh.model_session import ModelSession
        from rwkv_lh.schema import RunState
        from rwkv_lh.supervisor import SupervisorPolicy
    
        store = LongHorizonStore(tmp_path / "state", checkpoint_retention=1000)
        state = store.create_run(_goal(tmp_path), "ROLE-INPUT-CONTROLLER-FIXTURE")
        snapshots = []
        original_save = store.save
    
        def capture(*args, **kwargs):
            saved = original_save(*args, **kwargs)
            snapshots.append(RunState.from_dict(saved.to_dict()))
            return saved
    
        monkeypatch.setattr(store, "save", capture)
        outputs = [
            json.dumps({"function": "write_file", "params": {"path": "result.txt", "content": "verified content"}}),
            json.dumps(_audit_call("continue", step_id="S1", step_complete=True, evidence_refs=["A00001"], gaps=[], reason="Fixture write observed")),
            json.dumps({"function": "final_answer", "params": {"text": "Created result.txt."}}),
            json.dumps(_audit_call("ready_for_final", step_id="", step_complete=False, evidence_refs=["A00001"], gaps=[], reason="Fixture final evidence present")),
        ]
        exercise_feedback = getattr(request, "param", None) == "feedback"
        if exercise_feedback:
            from rwkv_lh.goal_state_protocols import auditor_step_v6
            gap = next(item["code"] for item in auditor_step_v6.build_gap_catalog(
                _strong_patch(state).add_steps[0].to_dict(), ()
            ) if item["code"].startswith("phase_evidence_unproved:"))
            outputs = [
                outputs[0], "{}",
                json.dumps(_audit_call("repair", step_id="S1", step_complete=False, evidence_refs=["A00001"], gaps=[gap], reason="Fixture semantic gap")),
                json.dumps({"function": "write_file", "params": {"path": "result.txt", "content": "verified revised content"}}),
                json.dumps(_audit_call("continue", step_id="S1", step_complete=True, evidence_refs=["A00002"], gaps=[], reason="Fixture revision observed")),
                outputs[2], "{}",
                json.dumps(_audit_call("repair", step_id="", step_complete=False, evidence_refs=["A00002"], gaps=["candidate_omits_required_result"], reason="Fixture answer gap")),
                "{}",
                json.dumps({"function": "final_answer", "params": {"text": "Created and revised result.txt."}}),
                json.dumps(_audit_call("ready_for_final", step_id="", step_complete=False, evidence_refs=["A00002"], gaps=[], reason="Fixture final evidence present")),
            ]
        queue = _QueueClient(outputs)
        model = LongHorizonModel(ModelSession(queue, settings=_settings(progressive=True)), tool_selector=_selector(["write_file"] * (2 if exercise_feedback else 1)))
        monkeypatch.setattr(StatefulGoalLoopController, "_validate_contract_patch_semantics", staticmethod(lambda *args, **kwargs: None))
        transition_budget = 30 if exercise_feedback else getattr(request, "param", 20)
        controller = StatefulGoalLoopController(
            store, model=model, harness=model.harness, supervisor=_StrongPlanner(_strong_patch(state)),
            supervisor_policy=SupervisorPolicy(mode="static"), max_transitions=transition_budget,
        )
>       final = controller.run(state.run_id).state
                ^^^^^^^^^^^^^^^^^^^^^^^^^^^^

tests/test_role_trace_inputs.py:172: 
_ _ _ _ _ _ _ _ _ _ _ _ _ _ _ _ _ _ _ _ _ _ _ _ _ _ _ _ _ _ _ _ _ _ _ _ _ _ _ _ 
rwkv_lh/stateful_goal_loop.py:2106: in run
    selector_progress = self._selector_current_progress(
rwkv_lh/stateful_goal_loop.py:385: in _selector_current_progress
    progress = selector_intent_v6.build_current_progress(
rwkv_lh/goal_state_protocols/selector_intent_v6.py:314: in build_current_progress
    validate_progress(progress, read_roots=read_roots, write_roots=write_roots)
rwkv_lh/goal_state_protocols/selector_intent_v6.py:401: in validate_progress
    selected = _exact_fields(progress, PROGRESS_FIELDS, "current_progress")
               ^^^^^^^^^^^^^^^^^^^^^^^^^^^^^^^^^^^^^^^^^^^^^^^^^^^^^^^^^^^^
_ _ _ _ _ _ _ _ _ _ _ _ _ _ _ _ _ _ _ _ _ _ _ _ _ _ _ _ _ _ _ _ _ _ _ _ _ _ _ _ 

value = {'assigned_action_count': 0, 'successful_action_count': 0, 'failed_action_count': 0, 'last_action': None, ...}
fields = ('assigned_action_count', 'successful_action_count', 'failed_action_count', 'last_action', 'missing_read_roots', 'missing_write_roots', ...)
name = 'current_progress'

    def _exact_fields(
        value: Any,
        fields: Sequence[str],
        name: str,
    ) -> Mapping[str, Any]:
        selected = _mapping(value, name)
        if tuple(selected) != tuple(fields) or set(selected) != set(fields):
>           raise ValueError(f"{name} fields/order must be exactly {tuple(fields)!r}")
E           ValueError: current_progress fields/order must be exactly ('assigned_action_count', 'successful_action_count', 'failed_action_count', 'last_action', 'missing_read_roots', 'missing_write_roots', 'workspace_targets', 'completion_preconditions_satisfied', 'feedback', 'target_discovery_complete', 'recent_rejections', 'operation_targets')

rwkv_lh/goal_state_protocols/__init__.py:35: ValueError
=================================== FAILURES ===================================
_____ test_incomplete_discovery_survives_durable_role_input_reconstruction _____

role = 'selector_intent'
state = RunState(run_id='TRACE-INPUT-FIXTURE', goal=GoalState(goal_id='G1', request='Read the JSON document', constraints=(), ..._at='2026-09-09T17:41:17.400+00:00', updated_at='2026-09-09T17:41:17.415+00:00', schema_version='long-horizon.run.v18')
request = {'boundary_event_id': 'CE-000003'}

    def rebuild_role_input(role: str, state: RunState, request: Mapping[str, Any]) -> dict[str, Any]:
        """Return byte-recomputable protocol text and its causal evidence bindings.
    
        Any omission or mismatch is an exclusion, never a prompt-source fallback.
        ``full_input_text`` for Selector is its menu bootstrap followed by a newline
        and the unique protocol prompt; other transports are rebuilt independently
        by the checkpoint/context reconstruction layer.
        """
        if role not in _MODULES:
            raise RoleInputReconstructionError(f"unsupported role {role!r}")
        boundary_id = request.get("boundary_event_id")
        if not state.causal_order or state.causal_order[-1] != boundary_id:
            raise RoleInputReconstructionError("exact request-boundary snapshot is required")
        try:
            state = RunState.from_dict(state.to_dict())
>           return _rebuild(role, state, request)
                   ^^^^^^^^^^^^^^^^^^^^^^^^^^^^^^

rwkv_lh/role_trace_inputs.py:199: 
_ _ _ _ _ _ _ _ _ _ _ _ _ _ _ _ _ _ _ _ _ _ _ _ _ _ _ _ _ _ _ _ _ _ _ _ _ _ _ _ 
rwkv_lh/role_trace_inputs.py:216: in _rebuild
    assignment, step, mechanical, contract, execution, progress, eligible, phase = _frontier_facts(state)
                                                                                   ^^^^^^^^^^^^^^^^^^^^^^
rwkv_lh/role_trace_inputs.py:178: in _frontier_facts
    progress = StatefulGoalLoopController._selector_current_progress(
rwkv_lh/stateful_goal_loop.py:385: in _selector_current_progress
    progress = selector_intent_v6.build_current_progress(
rwkv_lh/goal_state_protocols/selector_intent_v6.py:314: in build_current_progress
    validate_progress(progress, read_roots=read_roots, write_roots=write_roots)
rwkv_lh/goal_state_protocols/selector_intent_v6.py:401: in validate_progress
    selected = _exact_fields(progress, PROGRESS_FIELDS, "current_progress")
               ^^^^^^^^^^^^^^^^^^^^^^^^^^^^^^^^^^^^^^^^^^^^^^^^^^^^^^^^^^^^
_ _ _ _ _ _ _ _ _ _ _ _ _ _ _ _ _ _ _ _ _ _ _ _ _ _ _ _ _ _ _ _ _ _ _ _ _ _ _ _ 

value = {'assigned_action_count': 0, 'successful_action_count': 0, 'failed_action_count': 0, 'last_action': None, ...}
fields = ('assigned_action_count', 'successful_action_count', 'failed_action_count', 'last_action', 'missing_read_roots', 'missing_write_roots', ...)
name = 'current_progress'

    def _exact_fields(
        value: Any,
        fields: Sequence[str],
        name: str,
    ) -> Mapping[str, Any]:
        selected = _mapping(value, name)
        if tuple(selected) != tuple(fields) or set(selected) != set(fields):
>           raise ValueError(f"{name} fields/order must be exactly {tuple(fields)!r}")
E           ValueError: current_progress fields/order must be exactly ('assigned_action_count', 'successful_action_count', 'failed_action_count', 'last_action', 'missing_read_roots', 'missing_write_roots', 'workspace_targets', 'completion_preconditions_satisfied', 'feedback', 'target_discovery_complete', 'recent_rejections', 'operation_targets')

rwkv_lh/goal_state_protocols/__init__.py:35: ValueError

The above exception was the direct cause of the following exception:

tmp_path = PosixPath('/home/chase/GitHub/RWKV-LH/data/test_runs/pytest/test_incomplete_discovery_surv0')

    def test_incomplete_discovery_survives_durable_role_input_reconstruction(tmp_path):
        store, state = _selector_boundary(tmp_path, discovery_complete=False)
        restored = store.load(state.run_id)
>       result = rebuild_role_input("selector_intent", restored, {
            "boundary_event_id": restored.causal_order[-1],
        })

tests/test_role_trace_inputs.py:65: 
_ _ _ _ _ _ _ _ _ _ _ _ _ _ _ _ _ _ _ _ _ _ _ _ _ _ _ _ _ _ _ _ _ _ _ _ _ _ _ _ 

role = 'selector_intent'
state = RunState(run_id='TRACE-INPUT-FIXTURE', goal=GoalState(goal_id='G1', request='Read the JSON document', constraints=(), ..._at='2026-09-09T17:41:17.400+00:00', updated_at='2026-09-09T17:41:17.415+00:00', schema_version='long-horizon.run.v18')
request = {'boundary_event_id': 'CE-000003'}

    def rebuild_role_input(role: str, state: RunState, request: Mapping[str, Any]) -> dict[str, Any]:
        """Return byte-recomputable protocol text and its causal evidence bindings.
    
        Any omission or mismatch is an exclusion, never a prompt-source fallback.
        ``full_input_text`` for Selector is its menu bootstrap followed by a newline
        and the unique protocol prompt; other transports are rebuilt independently
        by the checkpoint/context reconstruction layer.
        """
        if role not in _MODULES:
            raise RoleInputReconstructionError(f"unsupported role {role!r}")
        boundary_id = request.get("boundary_event_id")
        if not state.causal_order or state.causal_order[-1] != boundary_id:
            raise RoleInputReconstructionError("exact request-boundary snapshot is required")
        try:
            state = RunState.from_dict(state.to_dict())
            return _rebuild(role, state, request)
        except RoleInputReconstructionError:
            raise
        except (ValueError, KeyError, TypeError, AttributeError) as exc:
>           raise RoleInputReconstructionError(str(exc)) from exc
E           rwkv_lh.role_trace_inputs.RoleInputReconstructionError: current_progress fields/order must be exactly ('assigned_action_count', 'successful_action_count', 'failed_action_count', 'last_action', 'missing_read_roots', 'missing_write_roots', 'workspace_targets', 'completion_preconditions_satisfied', 'feedback', 'target_discovery_complete', 'recent_rejections', 'operation_targets')

rwkv_lh/role_trace_inputs.py:203: RoleInputReconstructionError
_____ test_selector_rebuilds_three_production_menus_from_durable_boundary ______

role = 'selector_intent'
state = RunState(run_id='TRACE-INPUT-FIXTURE', goal=GoalState(goal_id='G1', request='Read the JSON document', constraints=(), ..._at='2026-09-09T17:41:17.547+00:00', updated_at='2026-09-09T17:41:17.563+00:00', schema_version='long-horizon.run.v18')
request = {'boundary_event_id': 'CE-000003', 'menu_order_id': 'canonical'}

    def rebuild_role_input(role: str, state: RunState, request: Mapping[str, Any]) -> dict[str, Any]:
        """Return byte-recomputable protocol text and its causal evidence bindings.
    
        Any omission or mismatch is an exclusion, never a prompt-source fallback.
        ``full_input_text`` for Selector is its menu bootstrap followed by a newline
        and the unique protocol prompt; other transports are rebuilt independently
        by the checkpoint/context reconstruction layer.
        """
        if role not in _MODULES:
            raise RoleInputReconstructionError(f"unsupported role {role!r}")
        boundary_id = request.get("boundary_event_id")
        if not state.causal_order or state.causal_order[-1] != boundary_id:
            raise RoleInputReconstructionError("exact request-boundary snapshot is required")
        try:
            state = RunState.from_dict(state.to_dict())
>           return _rebuild(role, state, request)
                   ^^^^^^^^^^^^^^^^^^^^^^^^^^^^^^

rwkv_lh/role_trace_inputs.py:199: 
_ _ _ _ _ _ _ _ _ _ _ _ _ _ _ _ _ _ _ _ _ _ _ _ _ _ _ _ _ _ _ _ _ _ _ _ _ _ _ _ 
rwkv_lh/role_trace_inputs.py:216: in _rebuild
    assignment, step, mechanical, contract, execution, progress, eligible, phase = _frontier_facts(state)
                                                                                   ^^^^^^^^^^^^^^^^^^^^^^
rwkv_lh/role_trace_inputs.py:178: in _frontier_facts
    progress = StatefulGoalLoopController._selector_current_progress(
rwkv_lh/stateful_goal_loop.py:385: in _selector_current_progress
    progress = selector_intent_v6.build_current_progress(
rwkv_lh/goal_state_protocols/selector_intent_v6.py:314: in build_current_progress
    validate_progress(progress, read_roots=read_roots, write_roots=write_roots)
rwkv_lh/goal_state_protocols/selector_intent_v6.py:401: in validate_progress
    selected = _exact_fields(progress, PROGRESS_FIELDS, "current_progress")
               ^^^^^^^^^^^^^^^^^^^^^^^^^^^^^^^^^^^^^^^^^^^^^^^^^^^^^^^^^^^^
_ _ _ _ _ _ _ _ _ _ _ _ _ _ _ _ _ _ _ _ _ _ _ _ _ _ _ _ _ _ _ _ _ _ _ _ _ _ _ _ 

value = {'assigned_action_count': 0, 'successful_action_count': 0, 'failed_action_count': 0, 'last_action': None, ...}
fields = ('assigned_action_count', 'successful_action_count', 'failed_action_count', 'last_action', 'missing_read_roots', 'missing_write_roots', ...)
name = 'current_progress'

    def _exact_fields(
        value: Any,
        fields: Sequence[str],
        name: str,
    ) -> Mapping[str, Any]:
        selected = _mapping(value, name)
        if tuple(selected) != tuple(fields) or set(selected) != set(fields):
>           raise ValueError(f"{name} fields/order must be exactly {tuple(fields)!r}")
E           ValueError: current_progress fields/order must be exactly ('assigned_action_count', 'successful_action_count', 'failed_action_count', 'last_action', 'missing_read_roots', 'missing_write_roots', 'workspace_targets', 'completion_preconditions_satisfied', 'feedback', 'target_discovery_complete', 'recent_rejections', 'operation_targets')

rwkv_lh/goal_state_protocols/__init__.py:35: ValueError

The above exception was the direct cause of the following exception:

tmp_path = PosixPath('/home/chase/GitHub/RWKV-LH/data/test_runs/pytest/test_selector_rebuilds_three_p0')

    def test_selector_rebuilds_three_production_menus_from_durable_boundary(tmp_path: Path):
        store, state = _selector_boundary(tmp_path)
        restored = store.load(state.run_id)
        assert restored.causal_order == state.causal_order
        prompts = []
        for menu_id in NETWORK_SELECTOR_MENU_ORDER_IDS:
>           result = rebuild_role_input("selector_intent", restored, {
                "boundary_event_id": restored.causal_order[-1], "menu_order_id": menu_id,
            })

tests/test_role_trace_inputs.py:77: 
_ _ _ _ _ _ _ _ _ _ _ _ _ _ _ _ _ _ _ _ _ _ _ _ _ _ _ _ _ _ _ _ _ _ _ _ _ _ _ _ 

role = 'selector_intent'
state = RunState(run_id='TRACE-INPUT-FIXTURE', goal=GoalState(goal_id='G1', request='Read the JSON document', constraints=(), ..._at='2026-09-09T17:41:17.547+00:00', updated_at='2026-09-09T17:41:17.563+00:00', schema_version='long-horizon.run.v18')
request = {'boundary_event_id': 'CE-000003', 'menu_order_id': 'canonical'}

    def rebuild_role_input(role: str, state: RunState, request: Mapping[str, Any]) -> dict[str, Any]:
        """Return byte-recomputable protocol text and its causal evidence bindings.
    
        Any omission or mismatch is an exclusion, never a prompt-source fallback.
        ``full_input_text`` for Selector is its menu bootstrap followed by a newline
        and the unique protocol prompt; other transports are rebuilt independently
        by the checkpoint/context reconstruction layer.
        """
        if role not in _MODULES:
            raise RoleInputReconstructionError(f"unsupported role {role!r}")
        boundary_id = request.get("boundary_event_id")
        if not state.causal_order or state.causal_order[-1] != boundary_id:
            raise RoleInputReconstructionError("exact request-boundary snapshot is required")
        try:
            state = RunState.from_dict(state.to_dict())
            return _rebuild(role, state, request)
        except RoleInputReconstructionError:
            raise
        except (ValueError, KeyError, TypeError, AttributeError) as exc:
>           raise RoleInputReconstructionError(str(exc)) from exc
E           rwkv_lh.role_trace_inputs.RoleInputReconstructionError: current_progress fields/order must be exactly ('assigned_action_count', 'successful_action_count', 'failed_action_count', 'last_action', 'missing_read_roots', 'missing_write_roots', 'workspace_targets', 'completion_preconditions_satisfied', 'feedback', 'target_discovery_complete', 'recent_rejections', 'operation_targets')

rwkv_lh/role_trace_inputs.py:203: RoleInputReconstructionError
__________ test_failure_context_is_rebuilt_from_real_harness_outcome ___________

role = 'selector_intent'
state = RunState(run_id='TRACE-INPUT-FIXTURE', goal=GoalState(goal_id='G1', request='Read the JSON document', constraints=(), ..._at='2026-09-09T17:41:19.808+00:00', updated_at='2026-09-09T17:41:19.888+00:00', schema_version='long-horizon.run.v18')
request = {'boundary_event_id': 'CE-000009'}

    def rebuild_role_input(role: str, state: RunState, request: Mapping[str, Any]) -> dict[str, Any]:
        """Return byte-recomputable protocol text and its causal evidence bindings.
    
        Any omission or mismatch is an exclusion, never a prompt-source fallback.
        ``full_input_text`` for Selector is its menu bootstrap followed by a newline
        and the unique protocol prompt; other transports are rebuilt independently
        by the checkpoint/context reconstruction layer.
        """
        if role not in _MODULES:
            raise RoleInputReconstructionError(f"unsupported role {role!r}")
        boundary_id = request.get("boundary_event_id")
        if not state.causal_order or state.causal_order[-1] != boundary_id:
            raise RoleInputReconstructionError("exact request-boundary snapshot is required")
        try:
            state = RunState.from_dict(state.to_dict())
>           return _rebuild(role, state, request)
                   ^^^^^^^^^^^^^^^^^^^^^^^^^^^^^^

rwkv_lh/role_trace_inputs.py:199: 
_ _ _ _ _ _ _ _ _ _ _ _ _ _ _ _ _ _ _ _ _ _ _ _ _ _ _ _ _ _ _ _ _ _ _ _ _ _ _ _ 
rwkv_lh/role_trace_inputs.py:216: in _rebuild
    assignment, step, mechanical, contract, execution, progress, eligible, phase = _frontier_facts(state)
                                                                                   ^^^^^^^^^^^^^^^^^^^^^^
rwkv_lh/role_trace_inputs.py:178: in _frontier_facts
    progress = StatefulGoalLoopController._selector_current_progress(
rwkv_lh/stateful_goal_loop.py:385: in _selector_current_progress
    progress = selector_intent_v6.build_current_progress(
rwkv_lh/goal_state_protocols/selector_intent_v6.py:314: in build_current_progress
    validate_progress(progress, read_roots=read_roots, write_roots=write_roots)
rwkv_lh/goal_state_protocols/selector_intent_v6.py:401: in validate_progress
    selected = _exact_fields(progress, PROGRESS_FIELDS, "current_progress")
               ^^^^^^^^^^^^^^^^^^^^^^^^^^^^^^^^^^^^^^^^^^^^^^^^^^^^^^^^^^^^
_ _ _ _ _ _ _ _ _ _ _ _ _ _ _ _ _ _ _ _ _ _ _ _ _ _ _ _ _ _ _ _ _ _ _ _ _ _ _ _ 

value = {'assigned_action_count': 1, 'successful_action_count': 0, 'failed_action_count': 1, 'last_action': {'operation': 'rea...guments': {'path': 'data.json', 'start_byte': '0', 'max_tokens': '4096'}, 'error_type': 'FileNotFoundError', ...}, ...}
fields = ('assigned_action_count', 'successful_action_count', 'failed_action_count', 'last_action', 'missing_read_roots', 'missing_write_roots', ...)
name = 'current_progress'

    def _exact_fields(
        value: Any,
        fields: Sequence[str],
        name: str,
    ) -> Mapping[str, Any]:
        selected = _mapping(value, name)
        if tuple(selected) != tuple(fields) or set(selected) != set(fields):
>           raise ValueError(f"{name} fields/order must be exactly {tuple(fields)!r}")
E           ValueError: current_progress fields/order must be exactly ('assigned_action_count', 'successful_action_count', 'failed_action_count', 'last_action', 'missing_read_roots', 'missing_write_roots', 'workspace_targets', 'completion_preconditions_satisfied', 'feedback', 'target_discovery_complete', 'recent_rejections', 'operation_targets')

rwkv_lh/goal_state_protocols/__init__.py:35: ValueError

The above exception was the direct cause of the following exception:

tmp_path = PosixPath('/home/chase/GitHub/RWKV-LH/data/test_runs/pytest/test_failure_context_is_rebuil0')

    def test_failure_context_is_rebuilt_from_real_harness_outcome(tmp_path: Path):
        import json
        from test_stateful_goal_loop import _QueueClient, _settings
        from rwkv_lh.controller import LongHorizonController
        from rwkv_lh.model import LongHorizonModel
        from rwkv_lh.model_session import ModelSession
    
        store, state = _selector_boundary(tmp_path)
        model = LongHorizonModel(ModelSession(_QueueClient([json.dumps({"function": "read_json", "params": {"path": "data.json"}})]), settings=_settings()))
        controller = LongHorizonController(store, model=model, harness=model.harness)
        decision = model.next_command(state, controller._persist_callback, eligible_operations=("read_json",))
        action = controller._execute_decision(state, decision)
        controller._persist(state, "goal_action_plan_step_assigned", dict(action_id=action.action_id, step_id="S1", step_revision=1), subject_id=action.action_id)
        assert not action.result["success"]
        prior = next(state.causal_records[eid] for eid in reversed(state.causal_order) if state.causal_records[eid].event_type == "goal_role_input_boundary")
        payload = deepcopy(prior.payload)
        mechanical = StatefulGoalLoopController._step_mechanical_evidence_coverage(state, "S1", 1)
        payload["mechanical_evidence_sha256"] = canonical_digest(mechanical)
        payload["executor_execution_state"] = StatefulGoalLoopController._executor_execution_state(
            state, "S1", 1, mechanical, effective_phase="observe", target_contract=payload["target_contract"],
        )
        state = store.save(state, causal_event=CausalEventDraft.create("goal_role_input_boundary", payload, subject_id="S1"))
>       result = rebuild_role_input("selector_intent", state, {"boundary_event_id": state.causal_order[-1]})
                 ^^^^^^^^^^^^^^^^^^^^^^^^^^^^^^^^^^^^^^^^^^^^^^^^^^^^^^^^^^^^^^^^^^^^^^^^^^^^^^^^^^^^^^^^^^^

tests/test_role_trace_inputs.py:302: 
_ _ _ _ _ _ _ _ _ _ _ _ _ _ _ _ _ _ _ _ _ _ _ _ _ _ _ _ _ _ _ _ _ _ _ _ _ _ _ _ 

role = 'selector_intent'
state = RunState(run_id='TRACE-INPUT-FIXTURE', goal=GoalState(goal_id='G1', request='Read the JSON document', constraints=(), ..._at='2026-09-09T17:41:19.808+00:00', updated_at='2026-09-09T17:41:19.888+00:00', schema_version='long-horizon.run.v18')
request = {'boundary_event_id': 'CE-000009'}

    def rebuild_role_input(role: str, state: RunState, request: Mapping[str, Any]) -> dict[str, Any]:
        """Return byte-recomputable protocol text and its causal evidence bindings.
    
        Any omission or mismatch is an exclusion, never a prompt-source fallback.
        ``full_input_text`` for Selector is its menu bootstrap followed by a newline
        and the unique protocol prompt; other transports are rebuilt independently
        by the checkpoint/context reconstruction layer.
        """
        if role not in _MODULES:
            raise RoleInputReconstructionError(f"unsupported role {role!r}")
        boundary_id = request.get("boundary_event_id")
        if not state.causal_order or state.causal_order[-1] != boundary_id:
            raise RoleInputReconstructionError("exact request-boundary snapshot is required")
        try:
            state = RunState.from_dict(state.to_dict())
            return _rebuild(role, state, request)
        except RoleInputReconstructionError:
            raise
        except (ValueError, KeyError, TypeError, AttributeError) as exc:
>           raise RoleInputReconstructionError(str(exc)) from exc
E           rwkv_lh.role_trace_inputs.RoleInputReconstructionError: current_progress fields/order must be exactly ('assigned_action_count', 'successful_action_count', 'failed_action_count', 'last_action', 'missing_read_roots', 'missing_write_roots', 'workspace_targets', 'completion_preconditions_satisfied', 'feedback', 'target_discovery_complete', 'recent_rejections', 'operation_targets')

rwkv_lh/role_trace_inputs.py:203: RoleInputReconstructionError
______ test_stateful_executor_reselects_after_one_failed_same_tool_retry _______

tmp_path = PosixPath('/home/chase/GitHub/RWKV-LH/data/test_runs/pytest/test_stateful_executor_reselec0')
monkeypatch = <_pytest.monkeypatch.MonkeyPatch object at 0x7b5df8c6b000>

    def test_stateful_executor_reselects_after_one_failed_same_tool_retry(
        tmp_path: Path,
        monkeypatch: pytest.MonkeyPatch,
    ) -> None:
        store = LongHorizonStore(tmp_path / "state")
        state = store.create_run(_goal(tmp_path), "STATEFUL-BOUNDED-TOOL-RETRY")
        queue = _QueueClient(
            [
                json.dumps(
                    _native_tool_call(
                        "write_file",
                        {"path": "result.txt"},
                        stringify_arguments=True,
                    )
                ),
                json.dumps(
                    _native_tool_call(
                        "move_file",
                        {"source": "old.txt", "destination": "result.txt"},
                        stringify_arguments=True,
                    )
                ),
                json.dumps(
                    _native_tool_call(
                        "write_file",
                        {"path": "result.txt", "content": "verified"},
                        stringify_arguments=True,
                    )
                ),
                json.dumps(
                    _native_tool_call(
                        "audit_decision",
                        _audit_call(
                            "continue",
                            step_id="S1",
                            step_complete=True,
                            evidence_refs=["A00001"],
                            gaps=[],
                            reason="the mutation action succeeded",
                        )["params"],
                    )
                ),
                json.dumps(
                    _native_tool_call(
                        "final_answer",
                        {"text": "Created and verified result.txt."},
                        stringify_arguments=True,
                    )
                ),
                json.dumps(
                    _native_tool_call(
                        "audit_decision",
                        _audit_call(
                            "ready_for_final",
                            step_id="",
                            step_complete=False,
                            evidence_refs=["A00001"],
                            gaps=[],
                            reason="all plan steps have committed evidence",
                        )["params"],
                    )
                ),
            ]
        )
        session = ModelSession(queue, settings=_settings(progressive=True))
        selector = _selector(["write_file", "write_file"])
        model = LongHorizonModel(session, tool_selector=selector)
        monkeypatch.setattr(
            StatefulGoalLoopController,
            "_validate_contract_patch_semantics",
            staticmethod(lambda *args, **kwargs: None),
        )
    
        result = StatefulGoalLoopController(
            store,
            model=model,
            harness=model.harness,
            supervisor=_StrongPlanner(_strong_patch(state)),
            supervisor_policy=SupervisorPolicy(mode="static"),
            max_transitions=16,
>       ).run(state.run_id)
          ^^^^^^^^^^^^^^^^^

tests/test_stateful_goal_loop.py:3917: 
_ _ _ _ _ _ _ _ _ _ _ _ _ _ _ _ _ _ _ _ _ _ _ _ _ _ _ _ _ _ _ _ _ _ _ _ _ _ _ _ 
rwkv_lh/stateful_goal_loop.py:2106: in run
    selector_progress = self._selector_current_progress(
rwkv_lh/stateful_goal_loop.py:385: in _selector_current_progress
    progress = selector_intent_v6.build_current_progress(
rwkv_lh/goal_state_protocols/selector_intent_v6.py:314: in build_current_progress
    validate_progress(progress, read_roots=read_roots, write_roots=write_roots)
rwkv_lh/goal_state_protocols/selector_intent_v6.py:401: in validate_progress
    selected = _exact_fields(progress, PROGRESS_FIELDS, "current_progress")
               ^^^^^^^^^^^^^^^^^^^^^^^^^^^^^^^^^^^^^^^^^^^^^^^^^^^^^^^^^^^^
_ _ _ _ _ _ _ _ _ _ _ _ _ _ _ _ _ _ _ _ _ _ _ _ _ _ _ _ _ _ _ _ _ _ _ _ _ _ _ _ 

value = {'assigned_action_count': 0, 'successful_action_count': 0, 'failed_action_count': 0, 'last_action': None, ...}
fields = ('assigned_action_count', 'successful_action_count', 'failed_action_count', 'last_action', 'missing_read_roots', 'missing_write_roots', ...)
name = 'current_progress'

    def _exact_fields(
        value: Any,
        fields: Sequence[str],
        name: str,
    ) -> Mapping[str, Any]:
        selected = _mapping(value, name)
        if tuple(selected) != tuple(fields) or set(selected) != set(fields):
>           raise ValueError(f"{name} fields/order must be exactly {tuple(fields)!r}")
E           ValueError: current_progress fields/order must be exactly ('assigned_action_count', 'successful_action_count', 'failed_action_count', 'last_action', 'missing_read_roots', 'missing_write_roots', 'workspace_targets', 'completion_preconditions_satisfied', 'feedback', 'target_discovery_complete', 'recent_rejections', 'operation_targets')

rwkv_lh/goal_state_protocols/__init__.py:35: ValueError
=========================== short test summary info ============================
ERROR tests/test_role_chain_contracts.py::test_current_role_input_preserves_original_requirement[executor_args]
ERROR tests/test_role_chain_contracts.py::test_current_role_input_preserves_original_requirement[auditor_step]
ERROR tests/test_role_trace_inputs.py::test_all_five_roles_rebuild_feedback_from_their_exact_durable_boundary[feedback]
ERROR tests/test_role_trace_inputs.py::test_every_role_matches_actual_controller_checkpoint[False-executor_args-tool_schema_disclosed]
ERROR tests/test_role_trace_inputs.py::test_every_role_matches_actual_controller_checkpoint[False-auditor_step-goal_auditor_session_started]
ERROR tests/test_role_trace_inputs.py::test_every_role_matches_actual_controller_checkpoint[False-finalizer_answer-goal_finalizer_session_started]
ERROR tests/test_role_trace_inputs.py::test_every_role_matches_actual_controller_checkpoint[False-auditor_final-goal_auditor_session_started]
ERROR tests/test_role_trace_inputs.py::test_every_role_matches_actual_controller_checkpoint[True-executor_args-tool_schema_disclosed]
ERROR tests/test_role_trace_inputs.py::test_every_role_matches_actual_controller_checkpoint[True-auditor_step-goal_auditor_session_started]
ERROR tests/test_role_trace_inputs.py::test_every_role_matches_actual_controller_checkpoint[True-finalizer_answer-goal_finalizer_session_started]
ERROR tests/test_role_trace_inputs.py::test_every_role_matches_actual_controller_checkpoint[True-auditor_final-goal_auditor_session_started]
ERROR tests/test_role_trace_inputs.py::test_selector_snapshot_matches_production_votes
ERROR tests/test_role_trace_inputs.py::test_audit_coverage_excludes_unreferenced_actions
ERROR tests/test_role_trace_inputs.py::test_audit_coverage_ignores_later_unseen_assignment
FAILED tests/test_role_trace_inputs.py::test_incomplete_discovery_survives_durable_role_input_reconstruction
FAILED tests/test_role_trace_inputs.py::test_selector_rebuilds_three_production_menus_from_durable_boundary
FAILED tests/test_role_trace_inputs.py::test_failure_context_is_rebuilt_from_real_harness_outcome
FAILED tests/test_stateful_goal_loop.py::test_stateful_executor_reselects_after_one_failed_same_tool_retry
4 failed, 9 passed, 14 errors in 4.77s
